<?xml version="1.0" encoding="UTF-8"?>
<IdriReadMessage uid="1.3.6.1.4.1.14519.5.2.1.6279.6001.1307985404374.0" xmlns="http://www.nih.gov/idri" xmlns:xsi="http://www.w3.org/2001/XMLSchema-instance" xsi:schemaLocation="http://www.nih.gov/idri  http://troll.rad.med.umich.edu/idri/IdriReadMessage.xsd">
  <ResponseHeader>
    <Version>1.4</Version>
    <MessageId>2979946</MessageId>
    <DateRequest>2009-11-04</DateRequest>
    <TimeRequest>11:07:02</TimeRequest>
    <RequestingSite>removed</RequestingSite>
    <ServicingSite>removed</ServicingSite>
    <TaskDescription>CXR read</TaskDescription>
    <CTImageFile>removed</CTImageFile>
    <CTSeriesInstanceUid>1.3.6.1.4.1.14519.5.2.1.6279.6001.145580766024236783540879444879</CTSeriesInstanceUid>
    <CXRImageFile>removed</CXRImageFile>
    <CXRSeriesInstanceUid>1.3.6.1.4.1.14519.5.2.1.6279.6001.128731087742538941794000760852</CXRSeriesInstanceUid>
    <Modality>CXR</Modality>
    <DateService>2010-10-10</DateService>
    <TimeService>12:00:00</TimeService>
    <ResponseDescription>1 - Reading complete</ResponseDescription>
    <ResponseComments></ResponseComments>
  <StudyInstanceUID>1.3.6.1.4.1.14519.5.2.1.6279.6001.612592463483320774957954220589</StudyInstanceUID><SeriesInstanceUID>1.3.6.1.4.1.14519.5.2.1.6279.6001.128731087742538941794000760852</SeriesInstanceUID></ResponseHeader>
  <CXRreadingSession>
    <servicingRadiologistID>anonymous</servicingRadiologistID>
    <unblindedRead>
      <noduleID>CA006_112053</noduleID>
      <characteristics>
        <confidence>2</confidence>
        <subtlety>3</subtlety>
        <obscuration>3</obscuration>
        <reason>2</reason>
      </characteristics>
      <roi>
        <imageSOP_UID>1.3.6.1.4.1.14519.5.2.1.6279.6001.254378808303776828164605922840</imageSOP_UID>
        <edgeMap>
          <xCoord>2328</xCoord>
          <yCoord>2140</yCoord>
        </edgeMap>
      </roi>
    </unblindedRead>
  </CXRreadingSession>
  <CXRreadingSession>
    <servicingRadiologistID>anonymous</servicingRadiologistID>
    <unblindedRead>
      <noduleID>CA006_112053</noduleID>
      <characteristics>
        <confidence>2</confidence>
        <subtlety>2</subtlety>
        <obscuration>3</obscuration>
        <reason>1</reason>
      </characteristics>
      <roi>
        <imageSOP_UID>1.3.6.1.4.1.14519.5.2.1.6279.6001.254378808303776828164605922840</imageSOP_UID>
        <edgeMap>
          <xCoord>2334</xCoord>
          <yCoord>1899</yCoord>
        </edgeMap>
      </roi>
    </unblindedRead>
  </CXRreadingSession>
  <CXRreadingSession>
    <servicingRadiologistID>anonymous</servicingRadiologistID>
    <unblindedRead>
      <noduleID>CA006_112053</noduleID>
      <characteristics>
        <confidence>2</confidence>
        <subtlety>3</subtlety>
        <obscuration>2</obscuration>
        <reason>2</reason>
      </characteristics>
      <roi>
        <imageSOP_UID>1.3.6.1.4.1.14519.5.2.1.6279.6001.254378808303776828164605922840</imageSOP_UID>
        <edgeMap>
          <xCoord>2321</xCoord>
          <yCoord>2125</yCoord>
        </edgeMap>
      </roi>
    </unblindedRead>
  </CXRreadingSession>
  <CXRreadingSession>
    <servicingRadiologistID>anonymous</servicingRadiologistID>
    <unblindedRead>
      <noduleID>CA006_112053</noduleID>
      <characteristics>
        <confidence>2</confidence>
        <subtlety>2</subtlety>
        <obscuration>2</obscuration>
        <reason>1</reason>
      </characteristics>
      <roi>
        <imageSOP_UID>1.3.6.1.4.1.14519.5.2.1.6279.6001.254378808303776828164605922840</imageSOP_UID>
        <edgeMap>
          <xCoord>2342</xCoord>
          <yCoord>1912</yCoord>
        </edgeMap>
      </roi>
    </unblindedRead>
  </CXRreadingSession>
</IdriReadMessage>