<?xml version="1.0" encoding="UTF-8"?>
<LidcReadMessage uid="1.3.6.1.4.1.14519.5.2.1.6279.6001.1307390744853.0" xmlns="http://www.nih.gov" xmlns:xsi="http://www.w3.org/2001/XMLSchema-instance" xsi:schemaLocation="http://www.nih.gov  http://troll.rad.med.umich.edu/lidc/LidcReadMessage.xsd">
<ResponseHeader>
<Version>1.8</Version>
<MessageId>1149252</MessageId>
<DateRequest>2005-10-26</DateRequest>
<TimeRequest>00:00:00</TimeRequest>
<RequestingSite>removed</RequestingSite>
<ServicingSite>removed</ServicingSite>
<TaskDescription>Second unblinded read</TaskDescription>
<CtImageFile>removed</CtImageFile>
<SeriesInstanceUid>1.3.6.1.4.1.14519.5.2.1.6279.6001.286524966129599998397777745271</SeriesInstanceUid>
<DateService>2005-10-26</DateService>
<TimeService>00:00:00</TimeService>
<ResponseDescription>1 - Reading complete</ResponseDescription>
<StudyInstanceUID>1.3.6.1.4.1.14519.5.2.1.6279.6001.217795632219483181846615097960</StudyInstanceUID></ResponseHeader>
<readingSession>
<annotationVersion>3.12</annotationVersion>
<servicingRadiologistID>anon</servicingRadiologistID>
<unblindedReadNodule>
<noduleID>104174</noduleID>
<characteristics>
<subtlety>5</subtlety>
<internalStructure>1</internalStructure>
<calcification>6</calcification>
<sphericity>4</sphericity>
<margin>4</margin>
<lobulation>5</lobulation>
<spiculation>2</spiculation>
<texture>5</texture>
<malignancy>1</malignancy>
</characteristics>
<roi>
<imageZposition>-71.5</imageZposition>
<imageSOP_UID>1.3.6.1.4.1.14519.5.2.1.6279.6001.311141102191415597105134346778</imageSOP_UID>
<inclusion>TRUE</inclusion>
<edgeMap>
<xCoord>280</xCoord>
<yCoord>200</yCoord>
</edgeMap>
<edgeMap>
<xCoord>281</xCoord>
<yCoord>199</yCoord>
</edgeMap>
<edgeMap>
<xCoord>281</xCoord>
<yCoord>198</yCoord>
</edgeMap>
<edgeMap>
<xCoord>282</xCoord>
<yCoord>197</yCoord>
</edgeMap>
<edgeMap>
<xCoord>282</xCoord>
<yCoord>196</yCoord>
</edgeMap>
<edgeMap>
<xCoord>283</xCoord>
<yCoord>195</yCoord>
</edgeMap>
<edgeMap>
<xCoord>284</xCoord>
<yCoord>194</yCoord>
</edgeMap>
<edgeMap>
<xCoord>285</xCoord>
<yCoord>195</yCoord>
</edgeMap>
<edgeMap>
<xCoord>286</xCoord>
<yCoord>196</yCoord>
</edgeMap>
<edgeMap>
<xCoord>287</xCoord>
<yCoord>197</yCoord>
</edgeMap>
<edgeMap>
<xCoord>288</xCoord>
<yCoord>197</yCoord>
</edgeMap>
<edgeMap>
<xCoord>289</xCoord>
<yCoord>197</yCoord>
</edgeMap>
<edgeMap>
<xCoord>290</xCoord>
<yCoord>197</yCoord>
</edgeMap>
<edgeMap>
<xCoord>291</xCoord>
<yCoord>196</yCoord>
</edgeMap>
<edgeMap>
<xCoord>291</xCoord>
<yCoord>195</yCoord>
</edgeMap>
<edgeMap>
<xCoord>291</xCoord>
<yCoord>194</yCoord>
</edgeMap>
<edgeMap>
<xCoord>290</xCoord>
<yCoord>193</yCoord>
</edgeMap>
<edgeMap>
<xCoord>290</xCoord>
<yCoord>192</yCoord>
</edgeMap>
<edgeMap>
<xCoord>289</xCoord>
<yCoord>191</yCoord>
</edgeMap>
<edgeMap>
<xCoord>288</xCoord>
<yCoord>191</yCoord>
</edgeMap>
<edgeMap>
<xCoord>287</xCoord>
<yCoord>191</yCoord>
</edgeMap>
<edgeMap>
<xCoord>286</xCoord>
<yCoord>190</yCoord>
</edgeMap>
<edgeMap>
<xCoord>285</xCoord>
<yCoord>189</yCoord>
</edgeMap>
<edgeMap>
<xCoord>285</xCoord>
<yCoord>188</yCoord>
</edgeMap>
<edgeMap>
<xCoord>285</xCoord>
<yCoord>187</yCoord>
</edgeMap>
<edgeMap>
<xCoord>284</xCoord>
<yCoord>186</yCoord>
</edgeMap>
<edgeMap>
<xCoord>283</xCoord>
<yCoord>185</yCoord>
</edgeMap>
<edgeMap>
<xCoord>283</xCoord>
<yCoord>184</yCoord>
</edgeMap>
<edgeMap>
<xCoord>282</xCoord>
<yCoord>183</yCoord>
</edgeMap>
<edgeMap>
<xCoord>281</xCoord>
<yCoord>183</yCoord>
</edgeMap>
<edgeMap>
<xCoord>281</xCoord>
<yCoord>184</yCoord>
</edgeMap>
<edgeMap>
<xCoord>281</xCoord>
<yCoord>185</yCoord>
</edgeMap>
<edgeMap>
<xCoord>280</xCoord>
<yCoord>186</yCoord>
</edgeMap>
<edgeMap>
<xCoord>279</xCoord>
<yCoord>186</yCoord>
</edgeMap>
<edgeMap>
<xCoord>278</xCoord>
<yCoord>185</yCoord>
</edgeMap>
<edgeMap>
<xCoord>277</xCoord>
<yCoord>185</yCoord>
</edgeMap>
<edgeMap>
<xCoord>276</xCoord>
<yCoord>185</yCoord>
</edgeMap>
<edgeMap>
<xCoord>275</xCoord>
<yCoord>185</yCoord>
</edgeMap>
<edgeMap>
<xCoord>275</xCoord>
<yCoord>186</yCoord>
</edgeMap>
<edgeMap>
<xCoord>275</xCoord>
<yCoord>187</yCoord>
</edgeMap>
<edgeMap>
<xCoord>275</xCoord>
<yCoord>188</yCoord>
</edgeMap>
<edgeMap>
<xCoord>275</xCoord>
<yCoord>189</yCoord>
</edgeMap>
<edgeMap>
<xCoord>275</xCoord>
<yCoord>190</yCoord>
</edgeMap>
<edgeMap>
<xCoord>276</xCoord>
<yCoord>191</yCoord>
</edgeMap>
<edgeMap>
<xCoord>277</xCoord>
<yCoord>192</yCoord>
</edgeMap>
<edgeMap>
<xCoord>278</xCoord>
<yCoord>192</yCoord>
</edgeMap>
<edgeMap>
<xCoord>279</xCoord>
<yCoord>193</yCoord>
</edgeMap>
<edgeMap>
<xCoord>279</xCoord>
<yCoord>194</yCoord>
</edgeMap>
<edgeMap>
<xCoord>279</xCoord>
<yCoord>195</yCoord>
</edgeMap>
<edgeMap>
<xCoord>279</xCoord>
<yCoord>196</yCoord>
</edgeMap>
<edgeMap>
<xCoord>278</xCoord>
<yCoord>197</yCoord>
</edgeMap>
<edgeMap>
<xCoord>278</xCoord>
<yCoord>198</yCoord>
</edgeMap>
<edgeMap>
<xCoord>278</xCoord>
<yCoord>199</yCoord>
</edgeMap>
<edgeMap>
<xCoord>279</xCoord>
<yCoord>200</yCoord>
</edgeMap>
<edgeMap>
<xCoord>280</xCoord>
<yCoord>200</yCoord>
</edgeMap>
</roi>
<roi>
<imageZposition>-74.5</imageZposition>
<imageSOP_UID>1.3.6.1.4.1.14519.5.2.1.6279.6001.180752777506684929392754056094</imageSOP_UID>
<inclusion>TRUE</inclusion>
<edgeMap>
<xCoord>281</xCoord>
<yCoord>200</yCoord>
</edgeMap>
<edgeMap>
<xCoord>282</xCoord>
<yCoord>199</yCoord>
</edgeMap>
<edgeMap>
<xCoord>283</xCoord>
<yCoord>199</yCoord>
</edgeMap>
<edgeMap>
<xCoord>284</xCoord>
<yCoord>199</yCoord>
</edgeMap>
<edgeMap>
<xCoord>285</xCoord>
<yCoord>199</yCoord>
</edgeMap>
<edgeMap>
<xCoord>286</xCoord>
<yCoord>199</yCoord>
</edgeMap>
<edgeMap>
<xCoord>287</xCoord>
<yCoord>198</yCoord>
</edgeMap>
<edgeMap>
<xCoord>288</xCoord>
<yCoord>198</yCoord>
</edgeMap>
<edgeMap>
<xCoord>289</xCoord>
<yCoord>198</yCoord>
</edgeMap>
<edgeMap>
<xCoord>290</xCoord>
<yCoord>198</yCoord>
</edgeMap>
<edgeMap>
<xCoord>291</xCoord>
<yCoord>198</yCoord>
</edgeMap>
<edgeMap>
<xCoord>292</xCoord>
<yCoord>197</yCoord>
</edgeMap>
<edgeMap>
<xCoord>292</xCoord>
<yCoord>196</yCoord>
</edgeMap>
<edgeMap>
<xCoord>291</xCoord>
<yCoord>195</yCoord>
</edgeMap>
<edgeMap>
<xCoord>291</xCoord>
<yCoord>194</yCoord>
</edgeMap>
<edgeMap>
<xCoord>290</xCoord>
<yCoord>193</yCoord>
</edgeMap>
<edgeMap>
<xCoord>290</xCoord>
<yCoord>192</yCoord>
</edgeMap>
<edgeMap>
<xCoord>290</xCoord>
<yCoord>191</yCoord>
</edgeMap>
<edgeMap>
<xCoord>289</xCoord>
<yCoord>190</yCoord>
</edgeMap>
<edgeMap>
<xCoord>289</xCoord>
<yCoord>189</yCoord>
</edgeMap>
<edgeMap>
<xCoord>288</xCoord>
<yCoord>188</yCoord>
</edgeMap>
<edgeMap>
<xCoord>288</xCoord>
<yCoord>187</yCoord>
</edgeMap>
<edgeMap>
<xCoord>289</xCoord>
<yCoord>186</yCoord>
</edgeMap>
<edgeMap>
<xCoord>289</xCoord>
<yCoord>185</yCoord>
</edgeMap>
<edgeMap>
<xCoord>288</xCoord>
<yCoord>185</yCoord>
</edgeMap>
<edgeMap>
<xCoord>287</xCoord>
<yCoord>185</yCoord>
</edgeMap>
<edgeMap>
<xCoord>286</xCoord>
<yCoord>184</yCoord>
</edgeMap>
<edgeMap>
<xCoord>286</xCoord>
<yCoord>183</yCoord>
</edgeMap>
<edgeMap>
<xCoord>285</xCoord>
<yCoord>182</yCoord>
</edgeMap>
<edgeMap>
<xCoord>284</xCoord>
<yCoord>182</yCoord>
</edgeMap>
<edgeMap>
<xCoord>283</xCoord>
<yCoord>181</yCoord>
</edgeMap>
<edgeMap>
<xCoord>282</xCoord>
<yCoord>181</yCoord>
</edgeMap>
<edgeMap>
<xCoord>281</xCoord>
<yCoord>181</yCoord>
</edgeMap>
<edgeMap>
<xCoord>280</xCoord>
<yCoord>182</yCoord>
</edgeMap>
<edgeMap>
<xCoord>279</xCoord>
<yCoord>182</yCoord>
</edgeMap>
<edgeMap>
<xCoord>278</xCoord>
<yCoord>183</yCoord>
</edgeMap>
<edgeMap>
<xCoord>277</xCoord>
<yCoord>183</yCoord>
</edgeMap>
<edgeMap>
<xCoord>277</xCoord>
<yCoord>184</yCoord>
</edgeMap>
<edgeMap>
<xCoord>276</xCoord>
<yCoord>185</yCoord>
</edgeMap>
<edgeMap>
<xCoord>275</xCoord>
<yCoord>186</yCoord>
</edgeMap>
<edgeMap>
<xCoord>275</xCoord>
<yCoord>187</yCoord>
</edgeMap>
<edgeMap>
<xCoord>274</xCoord>
<yCoord>188</yCoord>
</edgeMap>
<edgeMap>
<xCoord>274</xCoord>
<yCoord>189</yCoord>
</edgeMap>
<edgeMap>
<xCoord>274</xCoord>
<yCoord>190</yCoord>
</edgeMap>
<edgeMap>
<xCoord>274</xCoord>
<yCoord>191</yCoord>
</edgeMap>
<edgeMap>
<xCoord>273</xCoord>
<yCoord>192</yCoord>
</edgeMap>
<edgeMap>
<xCoord>274</xCoord>
<yCoord>193</yCoord>
</edgeMap>
<edgeMap>
<xCoord>274</xCoord>
<yCoord>194</yCoord>
</edgeMap>
<edgeMap>
<xCoord>275</xCoord>
<yCoord>195</yCoord>
</edgeMap>
<edgeMap>
<xCoord>276</xCoord>
<yCoord>195</yCoord>
</edgeMap>
<edgeMap>
<xCoord>277</xCoord>
<yCoord>196</yCoord>
</edgeMap>
<edgeMap>
<xCoord>278</xCoord>
<yCoord>196</yCoord>
</edgeMap>
<edgeMap>
<xCoord>279</xCoord>
<yCoord>197</yCoord>
</edgeMap>
<edgeMap>
<xCoord>279</xCoord>
<yCoord>198</yCoord>
</edgeMap>
<edgeMap>
<xCoord>279</xCoord>
<yCoord>199</yCoord>
</edgeMap>
<edgeMap>
<xCoord>279</xCoord>
<yCoord>200</yCoord>
</edgeMap>
<edgeMap>
<xCoord>280</xCoord>
<yCoord>200</yCoord>
</edgeMap>
<edgeMap>
<xCoord>281</xCoord>
<yCoord>200</yCoord>
</edgeMap>
</roi>
<roi>
<imageZposition>-77.5</imageZposition>
<imageSOP_UID>1.3.6.1.4.1.14519.5.2.1.6279.6001.166831737787709734318536805045</imageSOP_UID>
<inclusion>TRUE</inclusion>
<edgeMap>
<xCoord>286</xCoord>
<yCoord>200</yCoord>
</edgeMap>
<edgeMap>
<xCoord>287</xCoord>
<yCoord>199</yCoord>
</edgeMap>
<edgeMap>
<xCoord>287</xCoord>
<yCoord>198</yCoord>
</edgeMap>
<edgeMap>
<xCoord>286</xCoord>
<yCoord>197</yCoord>
</edgeMap>
<edgeMap>
<xCoord>285</xCoord>
<yCoord>196</yCoord>
</edgeMap>
<edgeMap>
<xCoord>285</xCoord>
<yCoord>195</yCoord>
</edgeMap>
<edgeMap>
<xCoord>285</xCoord>
<yCoord>194</yCoord>
</edgeMap>
<edgeMap>
<xCoord>285</xCoord>
<yCoord>193</yCoord>
</edgeMap>
<edgeMap>
<xCoord>285</xCoord>
<yCoord>192</yCoord>
</edgeMap>
<edgeMap>
<xCoord>285</xCoord>
<yCoord>191</yCoord>
</edgeMap>
<edgeMap>
<xCoord>285</xCoord>
<yCoord>190</yCoord>
</edgeMap>
<edgeMap>
<xCoord>284</xCoord>
<yCoord>189</yCoord>
</edgeMap>
<edgeMap>
<xCoord>285</xCoord>
<yCoord>188</yCoord>
</edgeMap>
<edgeMap>
<xCoord>286</xCoord>
<yCoord>187</yCoord>
</edgeMap>
<edgeMap>
<xCoord>287</xCoord>
<yCoord>186</yCoord>
</edgeMap>
<edgeMap>
<xCoord>288</xCoord>
<yCoord>186</yCoord>
</edgeMap>
<edgeMap>
<xCoord>289</xCoord>
<yCoord>185</yCoord>
</edgeMap>
<edgeMap>
<xCoord>290</xCoord>
<yCoord>184</yCoord>
</edgeMap>
<edgeMap>
<xCoord>289</xCoord>
<yCoord>183</yCoord>
</edgeMap>
<edgeMap>
<xCoord>288</xCoord>
<yCoord>182</yCoord>
</edgeMap>
<edgeMap>
<xCoord>288</xCoord>
<yCoord>181</yCoord>
</edgeMap>
<edgeMap>
<xCoord>289</xCoord>
<yCoord>180</yCoord>
</edgeMap>
<edgeMap>
<xCoord>289</xCoord>
<yCoord>179</yCoord>
</edgeMap>
<edgeMap>
<xCoord>289</xCoord>
<yCoord>178</yCoord>
</edgeMap>
<edgeMap>
<xCoord>288</xCoord>
<yCoord>179</yCoord>
</edgeMap>
<edgeMap>
<xCoord>287</xCoord>
<yCoord>179</yCoord>
</edgeMap>
<edgeMap>
<xCoord>286</xCoord>
<yCoord>180</yCoord>
</edgeMap>
<edgeMap>
<xCoord>285</xCoord>
<yCoord>181</yCoord>
</edgeMap>
<edgeMap>
<xCoord>284</xCoord>
<yCoord>181</yCoord>
</edgeMap>
<edgeMap>
<xCoord>283</xCoord>
<yCoord>182</yCoord>
</edgeMap>
<edgeMap>
<xCoord>282</xCoord>
<yCoord>182</yCoord>
</edgeMap>
<edgeMap>
<xCoord>281</xCoord>
<yCoord>182</yCoord>
</edgeMap>
<edgeMap>
<xCoord>280</xCoord>
<yCoord>182</yCoord>
</edgeMap>
<edgeMap>
<xCoord>279</xCoord>
<yCoord>182</yCoord>
</edgeMap>
<edgeMap>
<xCoord>278</xCoord>
<yCoord>182</yCoord>
</edgeMap>
<edgeMap>
<xCoord>277</xCoord>
<yCoord>183</yCoord>
</edgeMap>
<edgeMap>
<xCoord>277</xCoord>
<yCoord>184</yCoord>
</edgeMap>
<edgeMap>
<xCoord>277</xCoord>
<yCoord>185</yCoord>
</edgeMap>
<edgeMap>
<xCoord>278</xCoord>
<yCoord>185</yCoord>
</edgeMap>
<edgeMap>
<xCoord>279</xCoord>
<yCoord>185</yCoord>
</edgeMap>
<edgeMap>
<xCoord>280</xCoord>
<yCoord>186</yCoord>
</edgeMap>
<edgeMap>
<xCoord>281</xCoord>
<yCoord>186</yCoord>
</edgeMap>
<edgeMap>
<xCoord>282</xCoord>
<yCoord>187</yCoord>
</edgeMap>
<edgeMap>
<xCoord>282</xCoord>
<yCoord>188</yCoord>
</edgeMap>
<edgeMap>
<xCoord>281</xCoord>
<yCoord>189</yCoord>
</edgeMap>
<edgeMap>
<xCoord>280</xCoord>
<yCoord>189</yCoord>
</edgeMap>
<edgeMap>
<xCoord>279</xCoord>
<yCoord>190</yCoord>
</edgeMap>
<edgeMap>
<xCoord>278</xCoord>
<yCoord>190</yCoord>
</edgeMap>
<edgeMap>
<xCoord>277</xCoord>
<yCoord>190</yCoord>
</edgeMap>
<edgeMap>
<xCoord>276</xCoord>
<yCoord>190</yCoord>
</edgeMap>
<edgeMap>
<xCoord>276</xCoord>
<yCoord>191</yCoord>
</edgeMap>
<edgeMap>
<xCoord>276</xCoord>
<yCoord>192</yCoord>
</edgeMap>
<edgeMap>
<xCoord>276</xCoord>
<yCoord>193</yCoord>
</edgeMap>
<edgeMap>
<xCoord>277</xCoord>
<yCoord>194</yCoord>
</edgeMap>
<edgeMap>
<xCoord>278</xCoord>
<yCoord>194</yCoord>
</edgeMap>
<edgeMap>
<xCoord>279</xCoord>
<yCoord>195</yCoord>
</edgeMap>
<edgeMap>
<xCoord>280</xCoord>
<yCoord>196</yCoord>
</edgeMap>
<edgeMap>
<xCoord>281</xCoord>
<yCoord>197</yCoord>
</edgeMap>
<edgeMap>
<xCoord>282</xCoord>
<yCoord>198</yCoord>
</edgeMap>
<edgeMap>
<xCoord>282</xCoord>
<yCoord>199</yCoord>
</edgeMap>
<edgeMap>
<xCoord>283</xCoord>
<yCoord>199</yCoord>
</edgeMap>
<edgeMap>
<xCoord>284</xCoord>
<yCoord>199</yCoord>
</edgeMap>
<edgeMap>
<xCoord>285</xCoord>
<yCoord>200</yCoord>
</edgeMap>
<edgeMap>
<xCoord>286</xCoord>
<yCoord>200</yCoord>
</edgeMap>
</roi>
</unblindedReadNodule>
<unblindedReadNodule>
<noduleID>104175</noduleID>
<roi>
<imageZposition>-137.5</imageZposition>
<imageSOP_UID>1.3.6.1.4.1.14519.5.2.1.6279.6001.128080272683263866217700201031</imageSOP_UID>
<inclusion>TRUE</inclusion>
<edgeMap>
<xCoord>154</xCoord>
<yCoord>151</yCoord>
</edgeMap>
</roi>
</unblindedReadNodule>
<unblindedReadNodule>
<noduleID>104176</noduleID>
<roi>
<imageZposition>-149.5</imageZposition>
<imageSOP_UID>1.3.6.1.4.1.14519.5.2.1.6279.6001.304280660639477458329976793356</imageSOP_UID>
<inclusion>TRUE</inclusion>
<edgeMap>
<xCoord>147</xCoord>
<yCoord>160</yCoord>
</edgeMap>
</roi>
</unblindedReadNodule>
<nonNodule>
<nonNoduleID>104177</nonNoduleID>
<imageZposition>-86.5</imageZposition>
<imageSOP_UID>1.3.6.1.4.1.14519.5.2.1.6279.6001.194131579981600352662824565467</imageSOP_UID>
<locus>
<xCoord>266</xCoord>
<yCoord>170</yCoord>
</locus>
</nonNodule>
<nonNodule>
<nonNoduleID>104178</nonNoduleID>
<imageZposition>-86.5</imageZposition>
<imageSOP_UID>1.3.6.1.4.1.14519.5.2.1.6279.6001.194131579981600352662824565467</imageSOP_UID>
<locus>
<xCoord>191</xCoord>
<yCoord>266</yCoord>
</locus>
</nonNodule>
<nonNodule>
<nonNoduleID>104179</nonNoduleID>
<imageZposition>-47.5</imageZposition>
<imageSOP_UID>1.3.6.1.4.1.14519.5.2.1.6279.6001.235139963364290809883724619780</imageSOP_UID>
<locus>
<xCoord>165</xCoord>
<yCoord>299</yCoord>
</locus>
</nonNodule>
</readingSession>


  <readingSession>
    <annotationVersion>3.12</annotationVersion>
    <servicingRadiologistID>anon</servicingRadiologistID>
    <unblindedReadNodule>
      <noduleID>3192</noduleID>
      <characteristics>
        <subtlety>5</subtlety>
        <internalStructure>1</internalStructure>
        <calcification>6</calcification>
        <sphericity>4</sphericity>
        <margin>3</margin>
        <lobulation>5</lobulation>
        <spiculation>3</spiculation>
        <texture>4</texture>
        <malignancy>5</malignancy>
      </characteristics>
      <roi>
        <imageZposition>-71.5</imageZposition>
        <imageSOP_UID>1.3.6.1.4.1.14519.5.2.1.6279.6001.311141102191415597105134346778</imageSOP_UID>
        <inclusion>TRUE</inclusion>
        <edgeMap>
          <xCoord>280</xCoord>
          <yCoord>200</yCoord>
        </edgeMap>
        <edgeMap>
          <xCoord>281</xCoord>
          <yCoord>199</yCoord>
        </edgeMap>
        <edgeMap>
          <xCoord>281</xCoord>
          <yCoord>198</yCoord>
        </edgeMap>
        <edgeMap>
          <xCoord>282</xCoord>
          <yCoord>197</yCoord>
        </edgeMap>
        <edgeMap>
          <xCoord>282</xCoord>
          <yCoord>196</yCoord>
        </edgeMap>
        <edgeMap>
          <xCoord>282</xCoord>
          <yCoord>195</yCoord>
        </edgeMap>
        <edgeMap>
          <xCoord>283</xCoord>
          <yCoord>194</yCoord>
        </edgeMap>
        <edgeMap>
          <xCoord>284</xCoord>
          <yCoord>194</yCoord>
        </edgeMap>
        <edgeMap>
          <xCoord>285</xCoord>
          <yCoord>195</yCoord>
        </edgeMap>
        <edgeMap>
          <xCoord>286</xCoord>
          <yCoord>196</yCoord>
        </edgeMap>
        <edgeMap>
          <xCoord>287</xCoord>
          <yCoord>197</yCoord>
        </edgeMap>
        <edgeMap>
          <xCoord>288</xCoord>
          <yCoord>197</yCoord>
        </edgeMap>
        <edgeMap>
          <xCoord>289</xCoord>
          <yCoord>197</yCoord>
        </edgeMap>
        <edgeMap>
          <xCoord>290</xCoord>
          <yCoord>197</yCoord>
        </edgeMap>
        <edgeMap>
          <xCoord>291</xCoord>
          <yCoord>196</yCoord>
        </edgeMap>
        <edgeMap>
          <xCoord>291</xCoord>
          <yCoord>195</yCoord>
        </edgeMap>
        <edgeMap>
          <xCoord>291</xCoord>
          <yCoord>194</yCoord>
        </edgeMap>
        <edgeMap>
          <xCoord>290</xCoord>
          <yCoord>193</yCoord>
        </edgeMap>
        <edgeMap>
          <xCoord>290</xCoord>
          <yCoord>192</yCoord>
        </edgeMap>
        <edgeMap>
          <xCoord>289</xCoord>
          <yCoord>191</yCoord>
        </edgeMap>
        <edgeMap>
          <xCoord>288</xCoord>
          <yCoord>191</yCoord>
        </edgeMap>
        <edgeMap>
          <xCoord>287</xCoord>
          <yCoord>191</yCoord>
        </edgeMap>
        <edgeMap>
          <xCoord>286</xCoord>
          <yCoord>190</yCoord>
        </edgeMap>
        <edgeMap>
          <xCoord>285</xCoord>
          <yCoord>189</yCoord>
        </edgeMap>
        <edgeMap>
          <xCoord>285</xCoord>
          <yCoord>188</yCoord>
        </edgeMap>
        <edgeMap>
          <xCoord>285</xCoord>
          <yCoord>187</yCoord>
        </edgeMap>
        <edgeMap>
          <xCoord>284</xCoord>
          <yCoord>186</yCoord>
        </edgeMap>
        <edgeMap>
          <xCoord>283</xCoord>
          <yCoord>185</yCoord>
        </edgeMap>
        <edgeMap>
          <xCoord>282</xCoord>
          <yCoord>184</yCoord>
        </edgeMap>
        <edgeMap>
          <xCoord>282</xCoord>
          <yCoord>183</yCoord>
        </edgeMap>
        <edgeMap>
          <xCoord>281</xCoord>
          <yCoord>183</yCoord>
        </edgeMap>
        <edgeMap>
          <xCoord>281</xCoord>
          <yCoord>184</yCoord>
        </edgeMap>
        <edgeMap>
          <xCoord>281</xCoord>
          <yCoord>185</yCoord>
        </edgeMap>
        <edgeMap>
          <xCoord>280</xCoord>
          <yCoord>186</yCoord>
        </edgeMap>
        <edgeMap>
          <xCoord>279</xCoord>
          <yCoord>186</yCoord>
        </edgeMap>
        <edgeMap>
          <xCoord>278</xCoord>
          <yCoord>185</yCoord>
        </edgeMap>
        <edgeMap>
          <xCoord>277</xCoord>
          <yCoord>185</yCoord>
        </edgeMap>
        <edgeMap>
          <xCoord>276</xCoord>
          <yCoord>185</yCoord>
        </edgeMap>
        <edgeMap>
          <xCoord>275</xCoord>
          <yCoord>185</yCoord>
        </edgeMap>
        <edgeMap>
          <xCoord>275</xCoord>
          <yCoord>186</yCoord>
        </edgeMap>
        <edgeMap>
          <xCoord>275</xCoord>
          <yCoord>187</yCoord>
        </edgeMap>
        <edgeMap>
          <xCoord>275</xCoord>
          <yCoord>188</yCoord>
        </edgeMap>
        <edgeMap>
          <xCoord>275</xCoord>
          <yCoord>189</yCoord>
        </edgeMap>
        <edgeMap>
          <xCoord>275</xCoord>
          <yCoord>190</yCoord>
        </edgeMap>
        <edgeMap>
          <xCoord>276</xCoord>
          <yCoord>191</yCoord>
        </edgeMap>
        <edgeMap>
          <xCoord>277</xCoord>
          <yCoord>192</yCoord>
        </edgeMap>
        <edgeMap>
          <xCoord>278</xCoord>
          <yCoord>192</yCoord>
        </edgeMap>
        <edgeMap>
          <xCoord>279</xCoord>
          <yCoord>193</yCoord>
        </edgeMap>
        <edgeMap>
          <xCoord>279</xCoord>
          <yCoord>194</yCoord>
        </edgeMap>
        <edgeMap>
          <xCoord>279</xCoord>
          <yCoord>195</yCoord>
        </edgeMap>
        <edgeMap>
          <xCoord>279</xCoord>
          <yCoord>196</yCoord>
        </edgeMap>
        <edgeMap>
          <xCoord>278</xCoord>
          <yCoord>197</yCoord>
        </edgeMap>
        <edgeMap>
          <xCoord>278</xCoord>
          <yCoord>198</yCoord>
        </edgeMap>
        <edgeMap>
          <xCoord>278</xCoord>
          <yCoord>199</yCoord>
        </edgeMap>
        <edgeMap>
          <xCoord>279</xCoord>
          <yCoord>200</yCoord>
        </edgeMap>
        <edgeMap>
          <xCoord>280</xCoord>
          <yCoord>200</yCoord>
        </edgeMap>
      </roi>
      <roi>
        <imageZposition>-71.5</imageZposition>
        <imageSOP_UID>1.3.6.1.4.1.14519.5.2.1.6279.6001.311141102191415597105134346778</imageSOP_UID>
        <inclusion>FALSE</inclusion>
        <edgeMap>
          <xCoord>282</xCoord>
          <yCoord>192</yCoord>
        </edgeMap>
        <edgeMap>
          <xCoord>283</xCoord>
          <yCoord>191</yCoord>
        </edgeMap>
        <edgeMap>
          <xCoord>284</xCoord>
          <yCoord>192</yCoord>
        </edgeMap>
        <edgeMap>
          <xCoord>283</xCoord>
          <yCoord>193</yCoord>
        </edgeMap>
        <edgeMap>
          <xCoord>282</xCoord>
          <yCoord>192</yCoord>
        </edgeMap>
      </roi>
      <roi>
        <imageZposition>-74.5</imageZposition>
        <imageSOP_UID>1.3.6.1.4.1.14519.5.2.1.6279.6001.180752777506684929392754056094</imageSOP_UID>
        <inclusion>TRUE</inclusion>
        <edgeMap>
          <xCoord>286</xCoord>
          <yCoord>200</yCoord>
        </edgeMap>
        <edgeMap>
          <xCoord>287</xCoord>
          <yCoord>199</yCoord>
        </edgeMap>
        <edgeMap>
          <xCoord>288</xCoord>
          <yCoord>199</yCoord>
        </edgeMap>
        <edgeMap>
          <xCoord>289</xCoord>
          <yCoord>198</yCoord>
        </edgeMap>
        <edgeMap>
          <xCoord>290</xCoord>
          <yCoord>198</yCoord>
        </edgeMap>
        <edgeMap>
          <xCoord>291</xCoord>
          <yCoord>199</yCoord>
        </edgeMap>
        <edgeMap>
          <xCoord>292</xCoord>
          <yCoord>198</yCoord>
        </edgeMap>
        <edgeMap>
          <xCoord>292</xCoord>
          <yCoord>197</yCoord>
        </edgeMap>
        <edgeMap>
          <xCoord>292</xCoord>
          <yCoord>196</yCoord>
        </edgeMap>
        <edgeMap>
          <xCoord>292</xCoord>
          <yCoord>195</yCoord>
        </edgeMap>
        <edgeMap>
          <xCoord>291</xCoord>
          <yCoord>194</yCoord>
        </edgeMap>
        <edgeMap>
          <xCoord>291</xCoord>
          <yCoord>193</yCoord>
        </edgeMap>
        <edgeMap>
          <xCoord>291</xCoord>
          <yCoord>192</yCoord>
        </edgeMap>
        <edgeMap>
          <xCoord>290</xCoord>
          <yCoord>191</yCoord>
        </edgeMap>
        <edgeMap>
          <xCoord>290</xCoord>
          <yCoord>190</yCoord>
        </edgeMap>
        <edgeMap>
          <xCoord>289</xCoord>
          <yCoord>189</yCoord>
        </edgeMap>
        <edgeMap>
          <xCoord>289</xCoord>
          <yCoord>188</yCoord>
        </edgeMap>
        <edgeMap>
          <xCoord>290</xCoord>
          <yCoord>187</yCoord>
        </edgeMap>
        <edgeMap>
          <xCoord>291</xCoord>
          <yCoord>186</yCoord>
        </edgeMap>
        <edgeMap>
          <xCoord>291</xCoord>
          <yCoord>185</yCoord>
        </edgeMap>
        <edgeMap>
          <xCoord>290</xCoord>
          <yCoord>185</yCoord>
        </edgeMap>
        <edgeMap>
          <xCoord>289</xCoord>
          <yCoord>185</yCoord>
        </edgeMap>
        <edgeMap>
          <xCoord>288</xCoord>
          <yCoord>184</yCoord>
        </edgeMap>
        <edgeMap>
          <xCoord>287</xCoord>
          <yCoord>183</yCoord>
        </edgeMap>
        <edgeMap>
          <xCoord>286</xCoord>
          <yCoord>182</yCoord>
        </edgeMap>
        <edgeMap>
          <xCoord>285</xCoord>
          <yCoord>182</yCoord>
        </edgeMap>
        <edgeMap>
          <xCoord>284</xCoord>
          <yCoord>181</yCoord>
        </edgeMap>
        <edgeMap>
          <xCoord>283</xCoord>
          <yCoord>181</yCoord>
        </edgeMap>
        <edgeMap>
          <xCoord>282</xCoord>
          <yCoord>181</yCoord>
        </edgeMap>
        <edgeMap>
          <xCoord>281</xCoord>
          <yCoord>181</yCoord>
        </edgeMap>
        <edgeMap>
          <xCoord>280</xCoord>
          <yCoord>181</yCoord>
        </edgeMap>
        <edgeMap>
          <xCoord>279</xCoord>
          <yCoord>182</yCoord>
        </edgeMap>
        <edgeMap>
          <xCoord>278</xCoord>
          <yCoord>183</yCoord>
        </edgeMap>
        <edgeMap>
          <xCoord>277</xCoord>
          <yCoord>183</yCoord>
        </edgeMap>
        <edgeMap>
          <xCoord>276</xCoord>
          <yCoord>183</yCoord>
        </edgeMap>
        <edgeMap>
          <xCoord>276</xCoord>
          <yCoord>184</yCoord>
        </edgeMap>
        <edgeMap>
          <xCoord>275</xCoord>
          <yCoord>185</yCoord>
        </edgeMap>
        <edgeMap>
          <xCoord>275</xCoord>
          <yCoord>186</yCoord>
        </edgeMap>
        <edgeMap>
          <xCoord>274</xCoord>
          <yCoord>187</yCoord>
        </edgeMap>
        <edgeMap>
          <xCoord>274</xCoord>
          <yCoord>188</yCoord>
        </edgeMap>
        <edgeMap>
          <xCoord>274</xCoord>
          <yCoord>189</yCoord>
        </edgeMap>
        <edgeMap>
          <xCoord>273</xCoord>
          <yCoord>190</yCoord>
        </edgeMap>
        <edgeMap>
          <xCoord>273</xCoord>
          <yCoord>191</yCoord>
        </edgeMap>
        <edgeMap>
          <xCoord>273</xCoord>
          <yCoord>192</yCoord>
        </edgeMap>
        <edgeMap>
          <xCoord>272</xCoord>
          <yCoord>193</yCoord>
        </edgeMap>
        <edgeMap>
          <xCoord>273</xCoord>
          <yCoord>193</yCoord>
        </edgeMap>
        <edgeMap>
          <xCoord>274</xCoord>
          <yCoord>194</yCoord>
        </edgeMap>
        <edgeMap>
          <xCoord>275</xCoord>
          <yCoord>195</yCoord>
        </edgeMap>
        <edgeMap>
          <xCoord>276</xCoord>
          <yCoord>196</yCoord>
        </edgeMap>
        <edgeMap>
          <xCoord>276</xCoord>
          <yCoord>197</yCoord>
        </edgeMap>
        <edgeMap>
          <xCoord>277</xCoord>
          <yCoord>198</yCoord>
        </edgeMap>
        <edgeMap>
          <xCoord>278</xCoord>
          <yCoord>198</yCoord>
        </edgeMap>
        <edgeMap>
          <xCoord>279</xCoord>
          <yCoord>199</yCoord>
        </edgeMap>
        <edgeMap>
          <xCoord>280</xCoord>
          <yCoord>200</yCoord>
        </edgeMap>
        <edgeMap>
          <xCoord>281</xCoord>
          <yCoord>200</yCoord>
        </edgeMap>
        <edgeMap>
          <xCoord>282</xCoord>
          <yCoord>200</yCoord>
        </edgeMap>
        <edgeMap>
          <xCoord>283</xCoord>
          <yCoord>200</yCoord>
        </edgeMap>
        <edgeMap>
          <xCoord>284</xCoord>
          <yCoord>200</yCoord>
        </edgeMap>
        <edgeMap>
          <xCoord>285</xCoord>
          <yCoord>200</yCoord>
        </edgeMap>
        <edgeMap>
          <xCoord>286</xCoord>
          <yCoord>200</yCoord>
        </edgeMap>
      </roi>
      <roi>
        <imageZposition>-77.5</imageZposition>
        <imageSOP_UID>1.3.6.1.4.1.14519.5.2.1.6279.6001.166831737787709734318536805045</imageSOP_UID>
        <inclusion>TRUE</inclusion>
        <edgeMap>
          <xCoord>286</xCoord>
          <yCoord>200</yCoord>
        </edgeMap>
        <edgeMap>
          <xCoord>287</xCoord>
          <yCoord>199</yCoord>
        </edgeMap>
        <edgeMap>
          <xCoord>288</xCoord>
          <yCoord>198</yCoord>
        </edgeMap>
        <edgeMap>
          <xCoord>287</xCoord>
          <yCoord>197</yCoord>
        </edgeMap>
        <edgeMap>
          <xCoord>286</xCoord>
          <yCoord>196</yCoord>
        </edgeMap>
        <edgeMap>
          <xCoord>286</xCoord>
          <yCoord>195</yCoord>
        </edgeMap>
        <edgeMap>
          <xCoord>285</xCoord>
          <yCoord>194</yCoord>
        </edgeMap>
        <edgeMap>
          <xCoord>285</xCoord>
          <yCoord>193</yCoord>
        </edgeMap>
        <edgeMap>
          <xCoord>285</xCoord>
          <yCoord>192</yCoord>
        </edgeMap>
        <edgeMap>
          <xCoord>285</xCoord>
          <yCoord>191</yCoord>
        </edgeMap>
        <edgeMap>
          <xCoord>285</xCoord>
          <yCoord>190</yCoord>
        </edgeMap>
        <edgeMap>
          <xCoord>285</xCoord>
          <yCoord>189</yCoord>
        </edgeMap>
        <edgeMap>
          <xCoord>286</xCoord>
          <yCoord>188</yCoord>
        </edgeMap>
        <edgeMap>
          <xCoord>287</xCoord>
          <yCoord>187</yCoord>
        </edgeMap>
        <edgeMap>
          <xCoord>288</xCoord>
          <yCoord>186</yCoord>
        </edgeMap>
        <edgeMap>
          <xCoord>289</xCoord>
          <yCoord>185</yCoord>
        </edgeMap>
        <edgeMap>
          <xCoord>290</xCoord>
          <yCoord>184</yCoord>
        </edgeMap>
        <edgeMap>
          <xCoord>289</xCoord>
          <yCoord>183</yCoord>
        </edgeMap>
        <edgeMap>
          <xCoord>288</xCoord>
          <yCoord>182</yCoord>
        </edgeMap>
        <edgeMap>
          <xCoord>287</xCoord>
          <yCoord>181</yCoord>
        </edgeMap>
        <edgeMap>
          <xCoord>286</xCoord>
          <yCoord>180</yCoord>
        </edgeMap>
        <edgeMap>
          <xCoord>285</xCoord>
          <yCoord>181</yCoord>
        </edgeMap>
        <edgeMap>
          <xCoord>284</xCoord>
          <yCoord>181</yCoord>
        </edgeMap>
        <edgeMap>
          <xCoord>283</xCoord>
          <yCoord>181</yCoord>
        </edgeMap>
        <edgeMap>
          <xCoord>282</xCoord>
          <yCoord>181</yCoord>
        </edgeMap>
        <edgeMap>
          <xCoord>281</xCoord>
          <yCoord>181</yCoord>
        </edgeMap>
        <edgeMap>
          <xCoord>280</xCoord>
          <yCoord>181</yCoord>
        </edgeMap>
        <edgeMap>
          <xCoord>279</xCoord>
          <yCoord>181</yCoord>
        </edgeMap>
        <edgeMap>
          <xCoord>278</xCoord>
          <yCoord>182</yCoord>
        </edgeMap>
        <edgeMap>
          <xCoord>277</xCoord>
          <yCoord>183</yCoord>
        </edgeMap>
        <edgeMap>
          <xCoord>276</xCoord>
          <yCoord>184</yCoord>
        </edgeMap>
        <edgeMap>
          <xCoord>277</xCoord>
          <yCoord>185</yCoord>
        </edgeMap>
        <edgeMap>
          <xCoord>278</xCoord>
          <yCoord>186</yCoord>
        </edgeMap>
        <edgeMap>
          <xCoord>279</xCoord>
          <yCoord>186</yCoord>
        </edgeMap>
        <edgeMap>
          <xCoord>280</xCoord>
          <yCoord>186</yCoord>
        </edgeMap>
        <edgeMap>
          <xCoord>281</xCoord>
          <yCoord>187</yCoord>
        </edgeMap>
        <edgeMap>
          <xCoord>280</xCoord>
          <yCoord>188</yCoord>
        </edgeMap>
        <edgeMap>
          <xCoord>279</xCoord>
          <yCoord>189</yCoord>
        </edgeMap>
        <edgeMap>
          <xCoord>278</xCoord>
          <yCoord>189</yCoord>
        </edgeMap>
        <edgeMap>
          <xCoord>277</xCoord>
          <yCoord>189</yCoord>
        </edgeMap>
        <edgeMap>
          <xCoord>276</xCoord>
          <yCoord>190</yCoord>
        </edgeMap>
        <edgeMap>
          <xCoord>275</xCoord>
          <yCoord>191</yCoord>
        </edgeMap>
        <edgeMap>
          <xCoord>275</xCoord>
          <yCoord>192</yCoord>
        </edgeMap>
        <edgeMap>
          <xCoord>275</xCoord>
          <yCoord>193</yCoord>
        </edgeMap>
        <edgeMap>
          <xCoord>276</xCoord>
          <yCoord>194</yCoord>
        </edgeMap>
        <edgeMap>
          <xCoord>277</xCoord>
          <yCoord>195</yCoord>
        </edgeMap>
        <edgeMap>
          <xCoord>278</xCoord>
          <yCoord>195</yCoord>
        </edgeMap>
        <edgeMap>
          <xCoord>279</xCoord>
          <yCoord>196</yCoord>
        </edgeMap>
        <edgeMap>
          <xCoord>280</xCoord>
          <yCoord>196</yCoord>
        </edgeMap>
        <edgeMap>
          <xCoord>281</xCoord>
          <yCoord>197</yCoord>
        </edgeMap>
        <edgeMap>
          <xCoord>281</xCoord>
          <yCoord>198</yCoord>
        </edgeMap>
        <edgeMap>
          <xCoord>282</xCoord>
          <yCoord>199</yCoord>
        </edgeMap>
        <edgeMap>
          <xCoord>283</xCoord>
          <yCoord>200</yCoord>
        </edgeMap>
        <edgeMap>
          <xCoord>284</xCoord>
          <yCoord>200</yCoord>
        </edgeMap>
        <edgeMap>
          <xCoord>285</xCoord>
          <yCoord>200</yCoord>
        </edgeMap>
        <edgeMap>
          <xCoord>286</xCoord>
          <yCoord>200</yCoord>
        </edgeMap>
      </roi>
    </unblindedReadNodule>
    <unblindedReadNodule>
      <noduleID>3197</noduleID>
      <roi>
        <imageZposition>-137.5</imageZposition>
        <imageSOP_UID>1.3.6.1.4.1.14519.5.2.1.6279.6001.128080272683263866217700201031</imageSOP_UID>
        <inclusion>TRUE</inclusion>
        <edgeMap>
          <xCoord>154</xCoord>
          <yCoord>151</yCoord>
        </edgeMap>
      </roi>
    </unblindedReadNodule>
    <unblindedReadNodule>
      <noduleID>3200</noduleID>
      <roi>
        <imageZposition>-149.5</imageZposition>
        <imageSOP_UID>1.3.6.1.4.1.14519.5.2.1.6279.6001.304280660639477458329976793356</imageSOP_UID>
        <inclusion>TRUE</inclusion>
        <edgeMap>
          <xCoord>147</xCoord>
          <yCoord>160</yCoord>
        </edgeMap>
      </roi>
    </unblindedReadNodule>
    <nonNodule>
      <nonNoduleID>3188</nonNoduleID>
      <imageZposition>-47.5</imageZposition>
      <imageSOP_UID>1.3.6.1.4.1.14519.5.2.1.6279.6001.235139963364290809883724619780</imageSOP_UID>
      <locus>
        <xCoord>163</xCoord>
        <yCoord>303</yCoord>
      </locus>
    </nonNodule>
    <nonNodule>
      <nonNoduleID>3204</nonNoduleID>
      <imageZposition>-86.5</imageZposition>
      <imageSOP_UID>1.3.6.1.4.1.14519.5.2.1.6279.6001.194131579981600352662824565467</imageSOP_UID>
      <locus>
        <xCoord>266</xCoord>
        <yCoord>170</yCoord>
      </locus>
    </nonNodule>
  </readingSession>




<readingSession>
<annotationVersion>3.12</annotationVersion>
<servicingRadiologistID>anon</servicingRadiologistID>
<unblindedReadNodule>
<noduleID>1239</noduleID>
<characteristics>
<subtlety>4</subtlety>
<internalStructure>1</internalStructure>
<calcification>6</calcification>
<sphericity>3</sphericity>
<margin>2</margin>
<lobulation>4</lobulation>
<spiculation>4</spiculation>
<texture>5</texture>
<malignancy>4</malignancy>
</characteristics>
<roi>
<imageZposition>-68.5</imageZposition>
<imageSOP_UID>1.3.6.1.4.1.14519.5.2.1.6279.6001.302350583190725118031331753731</imageSOP_UID>
<inclusion>TRUE</inclusion>
<edgeMap>
<xCoord>289</xCoord>
<yCoord>196</yCoord>
</edgeMap>
<edgeMap>
<xCoord>290</xCoord>
<yCoord>195</yCoord>
</edgeMap>
<edgeMap>
<xCoord>290</xCoord>
<yCoord>194</yCoord>
</edgeMap>
<edgeMap>
<xCoord>289</xCoord>
<yCoord>193</yCoord>
</edgeMap>
<edgeMap>
<xCoord>288</xCoord>
<yCoord>192</yCoord>
</edgeMap>
<edgeMap>
<xCoord>287</xCoord>
<yCoord>193</yCoord>
</edgeMap>
<edgeMap>
<xCoord>287</xCoord>
<yCoord>194</yCoord>
</edgeMap>
<edgeMap>
<xCoord>287</xCoord>
<yCoord>195</yCoord>
</edgeMap>
<edgeMap>
<xCoord>288</xCoord>
<yCoord>196</yCoord>
</edgeMap>
<edgeMap>
<xCoord>289</xCoord>
<yCoord>196</yCoord>
</edgeMap>
</roi>
<roi>
<imageZposition>-68.5</imageZposition>
<imageSOP_UID>1.3.6.1.4.1.14519.5.2.1.6279.6001.302350583190725118031331753731</imageSOP_UID>
<inclusion>FALSE</inclusion>
<edgeMap>
<xCoord>283</xCoord>
<yCoord>188</yCoord>
</edgeMap>
<edgeMap>
<xCoord>284</xCoord>
<yCoord>187</yCoord>
</edgeMap>
<edgeMap>
<xCoord>283</xCoord>
<yCoord>186</yCoord>
</edgeMap>
<edgeMap>
<xCoord>282</xCoord>
<yCoord>187</yCoord>
</edgeMap>
<edgeMap>
<xCoord>283</xCoord>
<yCoord>188</yCoord>
</edgeMap>
</roi>
<roi>
<imageZposition>-71.5</imageZposition>
<imageSOP_UID>1.3.6.1.4.1.14519.5.2.1.6279.6001.311141102191415597105134346778</imageSOP_UID>
<inclusion>TRUE</inclusion>
<edgeMap>
<xCoord>280</xCoord>
<yCoord>201</yCoord>
</edgeMap>
<edgeMap>
<xCoord>281</xCoord>
<yCoord>200</yCoord>
</edgeMap>
<edgeMap>
<xCoord>282</xCoord>
<yCoord>199</yCoord>
</edgeMap>
<edgeMap>
<xCoord>283</xCoord>
<yCoord>198</yCoord>
</edgeMap>
<edgeMap>
<xCoord>282</xCoord>
<yCoord>197</yCoord>
</edgeMap>
<edgeMap>
<xCoord>283</xCoord>
<yCoord>196</yCoord>
</edgeMap>
<edgeMap>
<xCoord>284</xCoord>
<yCoord>195</yCoord>
</edgeMap>
<edgeMap>
<xCoord>285</xCoord>
<yCoord>196</yCoord>
</edgeMap>
<edgeMap>
<xCoord>286</xCoord>
<yCoord>197</yCoord>
</edgeMap>
<edgeMap>
<xCoord>287</xCoord>
<yCoord>197</yCoord>
</edgeMap>
<edgeMap>
<xCoord>288</xCoord>
<yCoord>198</yCoord>
</edgeMap>
<edgeMap>
<xCoord>289</xCoord>
<yCoord>198</yCoord>
</edgeMap>
<edgeMap>
<xCoord>290</xCoord>
<yCoord>199</yCoord>
</edgeMap>
<edgeMap>
<xCoord>290</xCoord>
<yCoord>198</yCoord>
</edgeMap>
<edgeMap>
<xCoord>291</xCoord>
<yCoord>197</yCoord>
</edgeMap>
<edgeMap>
<xCoord>291</xCoord>
<yCoord>196</yCoord>
</edgeMap>
<edgeMap>
<xCoord>292</xCoord>
<yCoord>195</yCoord>
</edgeMap>
<edgeMap>
<xCoord>291</xCoord>
<yCoord>194</yCoord>
</edgeMap>
<edgeMap>
<xCoord>292</xCoord>
<yCoord>193</yCoord>
</edgeMap>
<edgeMap>
<xCoord>291</xCoord>
<yCoord>193</yCoord>
</edgeMap>
<edgeMap>
<xCoord>290</xCoord>
<yCoord>192</yCoord>
</edgeMap>
<edgeMap>
<xCoord>289</xCoord>
<yCoord>191</yCoord>
</edgeMap>
<edgeMap>
<xCoord>288</xCoord>
<yCoord>190</yCoord>
</edgeMap>
<edgeMap>
<xCoord>287</xCoord>
<yCoord>189</yCoord>
</edgeMap>
<edgeMap>
<xCoord>287</xCoord>
<yCoord>188</yCoord>
</edgeMap>
<edgeMap>
<xCoord>286</xCoord>
<yCoord>187</yCoord>
</edgeMap>
<edgeMap>
<xCoord>286</xCoord>
<yCoord>186</yCoord>
</edgeMap>
<edgeMap>
<xCoord>285</xCoord>
<yCoord>185</yCoord>
</edgeMap>
<edgeMap>
<xCoord>284</xCoord>
<yCoord>184</yCoord>
</edgeMap>
<edgeMap>
<xCoord>283</xCoord>
<yCoord>183</yCoord>
</edgeMap>
<edgeMap>
<xCoord>283</xCoord>
<yCoord>182</yCoord>
</edgeMap>
<edgeMap>
<xCoord>282</xCoord>
<yCoord>183</yCoord>
</edgeMap>
<edgeMap>
<xCoord>283</xCoord>
<yCoord>184</yCoord>
</edgeMap>
<edgeMap>
<xCoord>282</xCoord>
<yCoord>185</yCoord>
</edgeMap>
<edgeMap>
<xCoord>281</xCoord>
<yCoord>186</yCoord>
</edgeMap>
<edgeMap>
<xCoord>280</xCoord>
<yCoord>186</yCoord>
</edgeMap>
<edgeMap>
<xCoord>279</xCoord>
<yCoord>185</yCoord>
</edgeMap>
<edgeMap>
<xCoord>278</xCoord>
<yCoord>184</yCoord>
</edgeMap>
<edgeMap>
<xCoord>277</xCoord>
<yCoord>185</yCoord>
</edgeMap>
<edgeMap>
<xCoord>276</xCoord>
<yCoord>185</yCoord>
</edgeMap>
<edgeMap>
<xCoord>275</xCoord>
<yCoord>184</yCoord>
</edgeMap>
<edgeMap>
<xCoord>275</xCoord>
<yCoord>185</yCoord>
</edgeMap>
<edgeMap>
<xCoord>274</xCoord>
<yCoord>186</yCoord>
</edgeMap>
<edgeMap>
<xCoord>274</xCoord>
<yCoord>187</yCoord>
</edgeMap>
<edgeMap>
<xCoord>275</xCoord>
<yCoord>188</yCoord>
</edgeMap>
<edgeMap>
<xCoord>274</xCoord>
<yCoord>189</yCoord>
</edgeMap>
<edgeMap>
<xCoord>275</xCoord>
<yCoord>190</yCoord>
</edgeMap>
<edgeMap>
<xCoord>276</xCoord>
<yCoord>191</yCoord>
</edgeMap>
<edgeMap>
<xCoord>276</xCoord>
<yCoord>192</yCoord>
</edgeMap>
<edgeMap>
<xCoord>277</xCoord>
<yCoord>193</yCoord>
</edgeMap>
<edgeMap>
<xCoord>278</xCoord>
<yCoord>194</yCoord>
</edgeMap>
<edgeMap>
<xCoord>279</xCoord>
<yCoord>195</yCoord>
</edgeMap>
<edgeMap>
<xCoord>278</xCoord>
<yCoord>196</yCoord>
</edgeMap>
<edgeMap>
<xCoord>278</xCoord>
<yCoord>197</yCoord>
</edgeMap>
<edgeMap>
<xCoord>278</xCoord>
<yCoord>198</yCoord>
</edgeMap>
<edgeMap>
<xCoord>278</xCoord>
<yCoord>199</yCoord>
</edgeMap>
<edgeMap>
<xCoord>279</xCoord>
<yCoord>200</yCoord>
</edgeMap>
<edgeMap>
<xCoord>280</xCoord>
<yCoord>201</yCoord>
</edgeMap>
</roi>
<roi>
<imageZposition>-74.5</imageZposition>
<imageSOP_UID>1.3.6.1.4.1.14519.5.2.1.6279.6001.180752777506684929392754056094</imageSOP_UID>
<inclusion>TRUE</inclusion>
<edgeMap>
<xCoord>285</xCoord>
<yCoord>201</yCoord>
</edgeMap>
<edgeMap>
<xCoord>286</xCoord>
<yCoord>200</yCoord>
</edgeMap>
<edgeMap>
<xCoord>287</xCoord>
<yCoord>200</yCoord>
</edgeMap>
<edgeMap>
<xCoord>288</xCoord>
<yCoord>200</yCoord>
</edgeMap>
<edgeMap>
<xCoord>289</xCoord>
<yCoord>200</yCoord>
</edgeMap>
<edgeMap>
<xCoord>290</xCoord>
<yCoord>200</yCoord>
</edgeMap>
<edgeMap>
<xCoord>291</xCoord>
<yCoord>200</yCoord>
</edgeMap>
<edgeMap>
<xCoord>292</xCoord>
<yCoord>199</yCoord>
</edgeMap>
<edgeMap>
<xCoord>293</xCoord>
<yCoord>198</yCoord>
</edgeMap>
<edgeMap>
<xCoord>293</xCoord>
<yCoord>197</yCoord>
</edgeMap>
<edgeMap>
<xCoord>293</xCoord>
<yCoord>196</yCoord>
</edgeMap>
<edgeMap>
<xCoord>293</xCoord>
<yCoord>195</yCoord>
</edgeMap>
<edgeMap>
<xCoord>292</xCoord>
<yCoord>194</yCoord>
</edgeMap>
<edgeMap>
<xCoord>292</xCoord>
<yCoord>193</yCoord>
</edgeMap>
<edgeMap>
<xCoord>292</xCoord>
<yCoord>192</yCoord>
</edgeMap>
<edgeMap>
<xCoord>292</xCoord>
<yCoord>191</yCoord>
</edgeMap>
<edgeMap>
<xCoord>291</xCoord>
<yCoord>190</yCoord>
</edgeMap>
<edgeMap>
<xCoord>291</xCoord>
<yCoord>189</yCoord>
</edgeMap>
<edgeMap>
<xCoord>291</xCoord>
<yCoord>188</yCoord>
</edgeMap>
<edgeMap>
<xCoord>292</xCoord>
<yCoord>187</yCoord>
</edgeMap>
<edgeMap>
<xCoord>293</xCoord>
<yCoord>186</yCoord>
</edgeMap>
<edgeMap>
<xCoord>292</xCoord>
<yCoord>185</yCoord>
</edgeMap>
<edgeMap>
<xCoord>291</xCoord>
<yCoord>184</yCoord>
</edgeMap>
<edgeMap>
<xCoord>290</xCoord>
<yCoord>184</yCoord>
</edgeMap>
<edgeMap>
<xCoord>289</xCoord>
<yCoord>184</yCoord>
</edgeMap>
<edgeMap>
<xCoord>288</xCoord>
<yCoord>184</yCoord>
</edgeMap>
<edgeMap>
<xCoord>287</xCoord>
<yCoord>183</yCoord>
</edgeMap>
<edgeMap>
<xCoord>286</xCoord>
<yCoord>182</yCoord>
</edgeMap>
<edgeMap>
<xCoord>285</xCoord>
<yCoord>181</yCoord>
</edgeMap>
<edgeMap>
<xCoord>284</xCoord>
<yCoord>181</yCoord>
</edgeMap>
<edgeMap>
<xCoord>283</xCoord>
<yCoord>181</yCoord>
</edgeMap>
<edgeMap>
<xCoord>282</xCoord>
<yCoord>180</yCoord>
</edgeMap>
<edgeMap>
<xCoord>281</xCoord>
<yCoord>180</yCoord>
</edgeMap>
<edgeMap>
<xCoord>280</xCoord>
<yCoord>181</yCoord>
</edgeMap>
<edgeMap>
<xCoord>279</xCoord>
<yCoord>181</yCoord>
</edgeMap>
<edgeMap>
<xCoord>278</xCoord>
<yCoord>182</yCoord>
</edgeMap>
<edgeMap>
<xCoord>277</xCoord>
<yCoord>182</yCoord>
</edgeMap>
<edgeMap>
<xCoord>276</xCoord>
<yCoord>182</yCoord>
</edgeMap>
<edgeMap>
<xCoord>275</xCoord>
<yCoord>183</yCoord>
</edgeMap>
<edgeMap>
<xCoord>275</xCoord>
<yCoord>184</yCoord>
</edgeMap>
<edgeMap>
<xCoord>275</xCoord>
<yCoord>185</yCoord>
</edgeMap>
<edgeMap>
<xCoord>275</xCoord>
<yCoord>186</yCoord>
</edgeMap>
<edgeMap>
<xCoord>274</xCoord>
<yCoord>187</yCoord>
</edgeMap>
<edgeMap>
<xCoord>274</xCoord>
<yCoord>188</yCoord>
</edgeMap>
<edgeMap>
<xCoord>274</xCoord>
<yCoord>189</yCoord>
</edgeMap>
<edgeMap>
<xCoord>274</xCoord>
<yCoord>190</yCoord>
</edgeMap>
<edgeMap>
<xCoord>273</xCoord>
<yCoord>191</yCoord>
</edgeMap>
<edgeMap>
<xCoord>274</xCoord>
<yCoord>192</yCoord>
</edgeMap>
<edgeMap>
<xCoord>274</xCoord>
<yCoord>193</yCoord>
</edgeMap>
<edgeMap>
<xCoord>275</xCoord>
<yCoord>194</yCoord>
</edgeMap>
<edgeMap>
<xCoord>276</xCoord>
<yCoord>194</yCoord>
</edgeMap>
<edgeMap>
<xCoord>277</xCoord>
<yCoord>195</yCoord>
</edgeMap>
<edgeMap>
<xCoord>277</xCoord>
<yCoord>196</yCoord>
</edgeMap>
<edgeMap>
<xCoord>278</xCoord>
<yCoord>197</yCoord>
</edgeMap>
<edgeMap>
<xCoord>279</xCoord>
<yCoord>198</yCoord>
</edgeMap>
<edgeMap>
<xCoord>278</xCoord>
<yCoord>199</yCoord>
</edgeMap>
<edgeMap>
<xCoord>279</xCoord>
<yCoord>200</yCoord>
</edgeMap>
<edgeMap>
<xCoord>280</xCoord>
<yCoord>201</yCoord>
</edgeMap>
<edgeMap>
<xCoord>281</xCoord>
<yCoord>201</yCoord>
</edgeMap>
<edgeMap>
<xCoord>282</xCoord>
<yCoord>201</yCoord>
</edgeMap>
<edgeMap>
<xCoord>283</xCoord>
<yCoord>201</yCoord>
</edgeMap>
<edgeMap>
<xCoord>284</xCoord>
<yCoord>201</yCoord>
</edgeMap>
<edgeMap>
<xCoord>285</xCoord>
<yCoord>201</yCoord>
</edgeMap>
</roi>
<roi>
<imageZposition>-77.5</imageZposition>
<imageSOP_UID>1.3.6.1.4.1.14519.5.2.1.6279.6001.166831737787709734318536805045</imageSOP_UID>
<inclusion>TRUE</inclusion>
<edgeMap>
<xCoord>288</xCoord>
<yCoord>200</yCoord>
</edgeMap>
<edgeMap>
<xCoord>288</xCoord>
<yCoord>199</yCoord>
</edgeMap>
<edgeMap>
<xCoord>287</xCoord>
<yCoord>198</yCoord>
</edgeMap>
<edgeMap>
<xCoord>287</xCoord>
<yCoord>197</yCoord>
</edgeMap>
<edgeMap>
<xCoord>286</xCoord>
<yCoord>196</yCoord>
</edgeMap>
<edgeMap>
<xCoord>285</xCoord>
<yCoord>195</yCoord>
</edgeMap>
<edgeMap>
<xCoord>285</xCoord>
<yCoord>194</yCoord>
</edgeMap>
<edgeMap>
<xCoord>285</xCoord>
<yCoord>193</yCoord>
</edgeMap>
<edgeMap>
<xCoord>285</xCoord>
<yCoord>192</yCoord>
</edgeMap>
<edgeMap>
<xCoord>285</xCoord>
<yCoord>191</yCoord>
</edgeMap>
<edgeMap>
<xCoord>285</xCoord>
<yCoord>190</yCoord>
</edgeMap>
<edgeMap>
<xCoord>285</xCoord>
<yCoord>189</yCoord>
</edgeMap>
<edgeMap>
<xCoord>285</xCoord>
<yCoord>188</yCoord>
</edgeMap>
<edgeMap>
<xCoord>286</xCoord>
<yCoord>187</yCoord>
</edgeMap>
<edgeMap>
<xCoord>287</xCoord>
<yCoord>187</yCoord>
</edgeMap>
<edgeMap>
<xCoord>288</xCoord>
<yCoord>186</yCoord>
</edgeMap>
<edgeMap>
<xCoord>289</xCoord>
<yCoord>185</yCoord>
</edgeMap>
<edgeMap>
<xCoord>290</xCoord>
<yCoord>185</yCoord>
</edgeMap>
<edgeMap>
<xCoord>290</xCoord>
<yCoord>184</yCoord>
</edgeMap>
<edgeMap>
<xCoord>289</xCoord>
<yCoord>183</yCoord>
</edgeMap>
<edgeMap>
<xCoord>289</xCoord>
<yCoord>182</yCoord>
</edgeMap>
<edgeMap>
<xCoord>290</xCoord>
<yCoord>181</yCoord>
</edgeMap>
<edgeMap>
<xCoord>290</xCoord>
<yCoord>180</yCoord>
</edgeMap>
<edgeMap>
<xCoord>289</xCoord>
<yCoord>179</yCoord>
</edgeMap>
<edgeMap>
<xCoord>289</xCoord>
<yCoord>178</yCoord>
</edgeMap>
<edgeMap>
<xCoord>288</xCoord>
<yCoord>178</yCoord>
</edgeMap>
<edgeMap>
<xCoord>287</xCoord>
<yCoord>179</yCoord>
</edgeMap>
<edgeMap>
<xCoord>286</xCoord>
<yCoord>180</yCoord>
</edgeMap>
<edgeMap>
<xCoord>285</xCoord>
<yCoord>181</yCoord>
</edgeMap>
<edgeMap>
<xCoord>284</xCoord>
<yCoord>181</yCoord>
</edgeMap>
<edgeMap>
<xCoord>283</xCoord>
<yCoord>181</yCoord>
</edgeMap>
<edgeMap>
<xCoord>282</xCoord>
<yCoord>181</yCoord>
</edgeMap>
<edgeMap>
<xCoord>281</xCoord>
<yCoord>181</yCoord>
</edgeMap>
<edgeMap>
<xCoord>280</xCoord>
<yCoord>182</yCoord>
</edgeMap>
<edgeMap>
<xCoord>279</xCoord>
<yCoord>182</yCoord>
</edgeMap>
<edgeMap>
<xCoord>278</xCoord>
<yCoord>182</yCoord>
</edgeMap>
<edgeMap>
<xCoord>277</xCoord>
<yCoord>182</yCoord>
</edgeMap>
<edgeMap>
<xCoord>276</xCoord>
<yCoord>183</yCoord>
</edgeMap>
<edgeMap>
<xCoord>276</xCoord>
<yCoord>184</yCoord>
</edgeMap>
<edgeMap>
<xCoord>277</xCoord>
<yCoord>185</yCoord>
</edgeMap>
<edgeMap>
<xCoord>278</xCoord>
<yCoord>186</yCoord>
</edgeMap>
<edgeMap>
<xCoord>279</xCoord>
<yCoord>187</yCoord>
</edgeMap>
<edgeMap>
<xCoord>278</xCoord>
<yCoord>188</yCoord>
</edgeMap>
<edgeMap>
<xCoord>277</xCoord>
<yCoord>189</yCoord>
</edgeMap>
<edgeMap>
<xCoord>276</xCoord>
<yCoord>190</yCoord>
</edgeMap>
<edgeMap>
<xCoord>275</xCoord>
<yCoord>189</yCoord>
</edgeMap>
<edgeMap>
<xCoord>274</xCoord>
<yCoord>190</yCoord>
</edgeMap>
<edgeMap>
<xCoord>274</xCoord>
<yCoord>191</yCoord>
</edgeMap>
<edgeMap>
<xCoord>274</xCoord>
<yCoord>192</yCoord>
</edgeMap>
<edgeMap>
<xCoord>275</xCoord>
<yCoord>193</yCoord>
</edgeMap>
<edgeMap>
<xCoord>275</xCoord>
<yCoord>194</yCoord>
</edgeMap>
<edgeMap>
<xCoord>276</xCoord>
<yCoord>195</yCoord>
</edgeMap>
<edgeMap>
<xCoord>277</xCoord>
<yCoord>196</yCoord>
</edgeMap>
<edgeMap>
<xCoord>278</xCoord>
<yCoord>197</yCoord>
</edgeMap>
<edgeMap>
<xCoord>279</xCoord>
<yCoord>197</yCoord>
</edgeMap>
<edgeMap>
<xCoord>280</xCoord>
<yCoord>197</yCoord>
</edgeMap>
<edgeMap>
<xCoord>281</xCoord>
<yCoord>197</yCoord>
</edgeMap>
<edgeMap>
<xCoord>282</xCoord>
<yCoord>198</yCoord>
</edgeMap>
<edgeMap>
<xCoord>282</xCoord>
<yCoord>199</yCoord>
</edgeMap>
<edgeMap>
<xCoord>283</xCoord>
<yCoord>199</yCoord>
</edgeMap>
<edgeMap>
<xCoord>284</xCoord>
<yCoord>200</yCoord>
</edgeMap>
<edgeMap>
<xCoord>285</xCoord>
<yCoord>200</yCoord>
</edgeMap>
<edgeMap>
<xCoord>286</xCoord>
<yCoord>200</yCoord>
</edgeMap>
<edgeMap>
<xCoord>287</xCoord>
<yCoord>200</yCoord>
</edgeMap>
<edgeMap>
<xCoord>288</xCoord>
<yCoord>200</yCoord>
</edgeMap>
</roi>
<roi>
<imageZposition>-80.5</imageZposition>
<imageSOP_UID>1.3.6.1.4.1.14519.5.2.1.6279.6001.127486444035156959121690061642</imageSOP_UID>
<inclusion>TRUE</inclusion>
<edgeMap>
<xCoord>280</xCoord>
<yCoord>186</yCoord>
</edgeMap>
<edgeMap>
<xCoord>281</xCoord>
<yCoord>185</yCoord>
</edgeMap>
<edgeMap>
<xCoord>282</xCoord>
<yCoord>185</yCoord>
</edgeMap>
<edgeMap>
<xCoord>283</xCoord>
<yCoord>184</yCoord>
</edgeMap>
<edgeMap>
<xCoord>282</xCoord>
<yCoord>183</yCoord>
</edgeMap>
<edgeMap>
<xCoord>281</xCoord>
<yCoord>182</yCoord>
</edgeMap>
<edgeMap>
<xCoord>280</xCoord>
<yCoord>182</yCoord>
</edgeMap>
<edgeMap>
<xCoord>279</xCoord>
<yCoord>182</yCoord>
</edgeMap>
<edgeMap>
<xCoord>278</xCoord>
<yCoord>182</yCoord>
</edgeMap>
<edgeMap>
<xCoord>277</xCoord>
<yCoord>183</yCoord>
</edgeMap>
<edgeMap>
<xCoord>277</xCoord>
<yCoord>184</yCoord>
</edgeMap>
<edgeMap>
<xCoord>278</xCoord>
<yCoord>185</yCoord>
</edgeMap>
<edgeMap>
<xCoord>279</xCoord>
<yCoord>186</yCoord>
</edgeMap>
<edgeMap>
<xCoord>280</xCoord>
<yCoord>186</yCoord>
</edgeMap>
</roi>
</unblindedReadNodule>
<unblindedReadNodule>
<noduleID>1247</noduleID>
<roi>
<imageZposition>-149.5</imageZposition>
<imageSOP_UID>1.3.6.1.4.1.14519.5.2.1.6279.6001.304280660639477458329976793356</imageSOP_UID>
<inclusion>TRUE</inclusion>
<edgeMap>
<xCoord>148</xCoord>
<yCoord>161</yCoord>
</edgeMap>
</roi>
</unblindedReadNodule>
<nonNodule>
<nonNoduleID>1235</nonNoduleID>
<imageZposition>-38.5</imageZposition>
<imageSOP_UID>1.3.6.1.4.1.14519.5.2.1.6279.6001.608577097967862195655553894125</imageSOP_UID>
<locus>
<xCoord>161</xCoord>
<yCoord>303</yCoord>
</locus>
</nonNodule>
<nonNodule>
<nonNoduleID>1243</nonNoduleID>
<imageZposition>-86.5</imageZposition>
<imageSOP_UID>1.3.6.1.4.1.14519.5.2.1.6279.6001.194131579981600352662824565467</imageSOP_UID>
<locus>
<xCoord>266</xCoord>
<yCoord>170</yCoord>
</locus>
</nonNodule>
<nonNodule>
<nonNoduleID>1249</nonNoduleID>
<imageZposition>-86.5</imageZposition>
<imageSOP_UID>1.3.6.1.4.1.14519.5.2.1.6279.6001.194131579981600352662824565467</imageSOP_UID>
<locus>
<xCoord>191</xCoord>
<yCoord>266</yCoord>
</locus>
</nonNodule>
<nonNodule>
<nonNoduleID>1250</nonNoduleID>
<imageZposition>-92.5</imageZposition>
<imageSOP_UID>1.3.6.1.4.1.14519.5.2.1.6279.6001.776957437721488286499954300396</imageSOP_UID>
<locus>
<xCoord>198</xCoord>
<yCoord>257</yCoord>
</locus>
</nonNodule>
<nonNodule>
<nonNoduleID>1245</nonNoduleID>
<imageZposition>-137.5</imageZposition>
<imageSOP_UID>1.3.6.1.4.1.14519.5.2.1.6279.6001.128080272683263866217700201031</imageSOP_UID>
<locus>
<xCoord>154</xCoord>
<yCoord>151</yCoord>
</locus>
</nonNodule>
</readingSession>




	<readingSession>
		<annotationVersion>3.12</annotationVersion>
		<servicingRadiologistID>anon</servicingRadiologistID>
			<unblindedReadNodule>
				<noduleID>3</noduleID>
				<roi>
					<imageZposition>-149.5</imageZposition>
					<imageSOP_UID>1.3.6.1.4.1.14519.5.2.1.6279.6001.304280660639477458329976793356</imageSOP_UID>
					<inclusion>TRUE</inclusion>
					<edgeMap>
					<xCoord>147</xCoord>
					<yCoord>160</yCoord>
					</edgeMap>
				</roi>
			</unblindedReadNodule>
			<nonNodule>
				<nonNoduleID>0</nonNoduleID>
				<imageZposition>-47.5</imageZposition>
				<imageSOP_UID>1.3.6.1.4.1.14519.5.2.1.6279.6001.235139963364290809883724619780</imageSOP_UID>
				<locus>
					<xCoord>163</xCoord>
					<yCoord>301</yCoord>
				</locus>
			</nonNodule>
			<nonNodule>
				<nonNoduleID>1</nonNoduleID>
				<imageZposition>-74.5</imageZposition>
				<imageSOP_UID>1.3.6.1.4.1.14519.5.2.1.6279.6001.180752777506684929392754056094</imageSOP_UID>
				<locus>
					<xCoord>284</xCoord>
					<yCoord>189</yCoord>
				</locus>
			</nonNodule>
			<nonNodule>
				<nonNoduleID>2</nonNoduleID>
				<imageZposition>-137.5</imageZposition>
				<imageSOP_UID>1.3.6.1.4.1.14519.5.2.1.6279.6001.128080272683263866217700201031</imageSOP_UID>
				<locus>
					<xCoord>154</xCoord>
					<yCoord>151</yCoord>
				</locus>
			</nonNodule>
	</readingSession>


</LidcReadMessage>