<?xml version="1.0" encoding="UTF-8"?>
<LidcReadMessage uid="1.3.6.1.4.1.14519.5.2.1.6279.6001.1307390676878.0" xmlns="http://www.nih.gov" xmlns:xsi="http://www.w3.org/2001/XMLSchema-instance" xsi:schemaLocation="http://www.nih.gov  http://troll.rad.med.umich.edu/lidc/LidcReadMessage.xsd">
<ResponseHeader>
<Version>1.8</Version>
<MessageId>2885862</MessageId>
<DateRequest>2005-10-26</DateRequest>
<TimeRequest>00:00:00</TimeRequest>
<RequestingSite>removed</RequestingSite>
<ServicingSite>removed</ServicingSite>
<TaskDescription>Second unblinded read</TaskDescription>

<CtImageFile>removed</CtImageFile>
<SeriesInstanceUid>1.3.6.1.4.1.14519.5.2.1.6279.6001.130794651720796841292503408531</SeriesInstanceUid>
<DateService>2005-10-26</DateService>
<TimeService>00:00:00</TimeService>
<ResponseDescription>1 - Reading complete</ResponseDescription>
<StudyInstanceUID>1.3.6.1.4.1.14519.5.2.1.6279.6001.888517498954149177086283916722</StudyInstanceUID></ResponseHeader>
<readingSession>
<annotationVersion>3.12</annotationVersion>
<servicingRadiologistID>anon</servicingRadiologistID>
<unblindedReadNodule>

<noduleID>124107</noduleID>
<roi>
<imageZposition>1495.0</imageZposition>
<imageSOP_UID>1.3.6.1.4.1.14519.5.2.1.6279.6001.102837826283666649778724995863</imageSOP_UID>
<inclusion>TRUE</inclusion>
<edgeMap>
<xCoord>407</xCoord>
<yCoord>181</yCoord>
</edgeMap>
</roi>
</unblindedReadNodule>

<unblindedReadNodule>
<noduleID>124103</noduleID>
<characteristics>
<subtlety>5</subtlety>
<internalStructure>1</internalStructure>
<calcification>6</calcification>
<sphericity>4</sphericity>
<margin>3</margin>
<lobulation>2</lobulation>
<spiculation>3</spiculation>

<texture>5</texture>
<malignancy>3</malignancy>
</characteristics>
<roi>
<imageZposition>1480.0</imageZposition>
<imageSOP_UID>1.3.6.1.4.1.14519.5.2.1.6279.6001.216864205672674114890245830306</imageSOP_UID>
<inclusion>TRUE</inclusion>
<edgeMap>
<xCoord>155</xCoord>
<yCoord>231</yCoord>

</edgeMap>
<edgeMap>
<xCoord>156</xCoord>
<yCoord>230</yCoord>
</edgeMap>
<edgeMap>
<xCoord>157</xCoord>
<yCoord>229</yCoord>
</edgeMap>
<edgeMap>
<xCoord>158</xCoord>
<yCoord>228</yCoord>

</edgeMap>
<edgeMap>
<xCoord>159</xCoord>
<yCoord>227</yCoord>
</edgeMap>
<edgeMap>
<xCoord>159</xCoord>
<yCoord>226</yCoord>
</edgeMap>
<edgeMap>
<xCoord>160</xCoord>
<yCoord>225</yCoord>

</edgeMap>
<edgeMap>
<xCoord>160</xCoord>
<yCoord>224</yCoord>
</edgeMap>
<edgeMap>
<xCoord>160</xCoord>
<yCoord>223</yCoord>
</edgeMap>
<edgeMap>
<xCoord>161</xCoord>
<yCoord>222</yCoord>

</edgeMap>
<edgeMap>
<xCoord>161</xCoord>
<yCoord>221</yCoord>
</edgeMap>
<edgeMap>
<xCoord>160</xCoord>
<yCoord>220</yCoord>
</edgeMap>
<edgeMap>
<xCoord>160</xCoord>
<yCoord>219</yCoord>

</edgeMap>
<edgeMap>
<xCoord>159</xCoord>
<yCoord>218</yCoord>
</edgeMap>
<edgeMap>
<xCoord>158</xCoord>
<yCoord>217</yCoord>
</edgeMap>
<edgeMap>
<xCoord>157</xCoord>
<yCoord>216</yCoord>

</edgeMap>
<edgeMap>
<xCoord>156</xCoord>
<yCoord>215</yCoord>
</edgeMap>
<edgeMap>
<xCoord>155</xCoord>
<yCoord>215</yCoord>
</edgeMap>
<edgeMap>
<xCoord>154</xCoord>
<yCoord>214</yCoord>

</edgeMap>
<edgeMap>
<xCoord>153</xCoord>
<yCoord>214</yCoord>
</edgeMap>
<edgeMap>
<xCoord>152</xCoord>
<yCoord>214</yCoord>
</edgeMap>
<edgeMap>
<xCoord>151</xCoord>
<yCoord>213</yCoord>

</edgeMap>
<edgeMap>
<xCoord>150</xCoord>
<yCoord>213</yCoord>
</edgeMap>
<edgeMap>
<xCoord>149</xCoord>
<yCoord>213</yCoord>
</edgeMap>
<edgeMap>
<xCoord>148</xCoord>
<yCoord>213</yCoord>

</edgeMap>
<edgeMap>
<xCoord>147</xCoord>
<yCoord>212</yCoord>
</edgeMap>
<edgeMap>
<xCoord>146</xCoord>
<yCoord>212</yCoord>
</edgeMap>
<edgeMap>
<xCoord>145</xCoord>
<yCoord>212</yCoord>

</edgeMap>
<edgeMap>
<xCoord>144</xCoord>
<yCoord>213</yCoord>
</edgeMap>
<edgeMap>
<xCoord>143</xCoord>
<yCoord>213</yCoord>
</edgeMap>
<edgeMap>
<xCoord>142</xCoord>
<yCoord>213</yCoord>

</edgeMap>
<edgeMap>
<xCoord>141</xCoord>
<yCoord>214</yCoord>
</edgeMap>
<edgeMap>
<xCoord>140</xCoord>
<yCoord>215</yCoord>
</edgeMap>
<edgeMap>
<xCoord>139</xCoord>
<yCoord>216</yCoord>

</edgeMap>
<edgeMap>
<xCoord>139</xCoord>
<yCoord>217</yCoord>
</edgeMap>
<edgeMap>
<xCoord>139</xCoord>
<yCoord>218</yCoord>
</edgeMap>
<edgeMap>
<xCoord>139</xCoord>
<yCoord>219</yCoord>

</edgeMap>
<edgeMap>
<xCoord>140</xCoord>
<yCoord>220</yCoord>
</edgeMap>
<edgeMap>
<xCoord>140</xCoord>
<yCoord>221</yCoord>
</edgeMap>
<edgeMap>
<xCoord>140</xCoord>
<yCoord>222</yCoord>

</edgeMap>
<edgeMap>
<xCoord>140</xCoord>
<yCoord>223</yCoord>
</edgeMap>
<edgeMap>
<xCoord>141</xCoord>
<yCoord>224</yCoord>
</edgeMap>
<edgeMap>
<xCoord>142</xCoord>
<yCoord>225</yCoord>

</edgeMap>
<edgeMap>
<xCoord>143</xCoord>
<yCoord>226</yCoord>
</edgeMap>
<edgeMap>
<xCoord>144</xCoord>
<yCoord>227</yCoord>
</edgeMap>
<edgeMap>
<xCoord>145</xCoord>
<yCoord>228</yCoord>

</edgeMap>
<edgeMap>
<xCoord>146</xCoord>
<yCoord>229</yCoord>
</edgeMap>
<edgeMap>
<xCoord>147</xCoord>
<yCoord>230</yCoord>
</edgeMap>
<edgeMap>
<xCoord>148</xCoord>
<yCoord>230</yCoord>

</edgeMap>
<edgeMap>
<xCoord>149</xCoord>
<yCoord>231</yCoord>
</edgeMap>
<edgeMap>
<xCoord>150</xCoord>
<yCoord>231</yCoord>
</edgeMap>
<edgeMap>
<xCoord>151</xCoord>
<yCoord>231</yCoord>

</edgeMap>
<edgeMap>
<xCoord>152</xCoord>
<yCoord>231</yCoord>
</edgeMap>
<edgeMap>
<xCoord>153</xCoord>
<yCoord>231</yCoord>
</edgeMap>
<edgeMap>
<xCoord>154</xCoord>
<yCoord>231</yCoord>

</edgeMap>
<edgeMap>
<xCoord>155</xCoord>
<yCoord>231</yCoord>
</edgeMap>
</roi>
<roi>
<imageZposition>1477.0</imageZposition>
<imageSOP_UID>1.3.6.1.4.1.14519.5.2.1.6279.6001.100482828460384774332535661095</imageSOP_UID>
<inclusion>TRUE</inclusion>
<edgeMap>
<xCoord>151</xCoord>

<yCoord>232</yCoord>
</edgeMap>
<edgeMap>
<xCoord>152</xCoord>
<yCoord>231</yCoord>
</edgeMap>
<edgeMap>
<xCoord>153</xCoord>
<yCoord>231</yCoord>
</edgeMap>
<edgeMap>
<xCoord>154</xCoord>

<yCoord>231</yCoord>
</edgeMap>
<edgeMap>
<xCoord>155</xCoord>
<yCoord>230</yCoord>
</edgeMap>
<edgeMap>
<xCoord>156</xCoord>
<yCoord>230</yCoord>
</edgeMap>
<edgeMap>
<xCoord>157</xCoord>

<yCoord>230</yCoord>
</edgeMap>
<edgeMap>
<xCoord>158</xCoord>
<yCoord>229</yCoord>
</edgeMap>
<edgeMap>
<xCoord>159</xCoord>
<yCoord>228</yCoord>
</edgeMap>
<edgeMap>
<xCoord>160</xCoord>

<yCoord>227</yCoord>
</edgeMap>
<edgeMap>
<xCoord>160</xCoord>
<yCoord>226</yCoord>
</edgeMap>
<edgeMap>
<xCoord>161</xCoord>
<yCoord>225</yCoord>
</edgeMap>
<edgeMap>
<xCoord>161</xCoord>

<yCoord>224</yCoord>
</edgeMap>
<edgeMap>
<xCoord>161</xCoord>
<yCoord>223</yCoord>
</edgeMap>
<edgeMap>
<xCoord>162</xCoord>
<yCoord>222</yCoord>
</edgeMap>
<edgeMap>
<xCoord>161</xCoord>

<yCoord>221</yCoord>
</edgeMap>
<edgeMap>
<xCoord>161</xCoord>
<yCoord>220</yCoord>
</edgeMap>
<edgeMap>
<xCoord>161</xCoord>
<yCoord>219</yCoord>
</edgeMap>
<edgeMap>
<xCoord>160</xCoord>

<yCoord>218</yCoord>
</edgeMap>
<edgeMap>
<xCoord>159</xCoord>
<yCoord>217</yCoord>
</edgeMap>
<edgeMap>
<xCoord>158</xCoord>
<yCoord>216</yCoord>
</edgeMap>
<edgeMap>
<xCoord>157</xCoord>

<yCoord>215</yCoord>
</edgeMap>
<edgeMap>
<xCoord>156</xCoord>
<yCoord>214</yCoord>
</edgeMap>
<edgeMap>
<xCoord>155</xCoord>
<yCoord>213</yCoord>
</edgeMap>
<edgeMap>
<xCoord>154</xCoord>

<yCoord>213</yCoord>
</edgeMap>
<edgeMap>
<xCoord>153</xCoord>
<yCoord>213</yCoord>
</edgeMap>
<edgeMap>
<xCoord>152</xCoord>
<yCoord>212</yCoord>
</edgeMap>
<edgeMap>
<xCoord>151</xCoord>

<yCoord>212</yCoord>
</edgeMap>
<edgeMap>
<xCoord>150</xCoord>
<yCoord>212</yCoord>
</edgeMap>
<edgeMap>
<xCoord>149</xCoord>
<yCoord>212</yCoord>
</edgeMap>
<edgeMap>
<xCoord>148</xCoord>

<yCoord>212</yCoord>
</edgeMap>
<edgeMap>
<xCoord>147</xCoord>
<yCoord>212</yCoord>
</edgeMap>
<edgeMap>
<xCoord>146</xCoord>
<yCoord>212</yCoord>
</edgeMap>
<edgeMap>
<xCoord>145</xCoord>

<yCoord>212</yCoord>
</edgeMap>
<edgeMap>
<xCoord>144</xCoord>
<yCoord>213</yCoord>
</edgeMap>
<edgeMap>
<xCoord>143</xCoord>
<yCoord>213</yCoord>
</edgeMap>
<edgeMap>
<xCoord>142</xCoord>

<yCoord>213</yCoord>
</edgeMap>
<edgeMap>
<xCoord>141</xCoord>
<yCoord>214</yCoord>
</edgeMap>
<edgeMap>
<xCoord>140</xCoord>
<yCoord>215</yCoord>
</edgeMap>
<edgeMap>
<xCoord>139</xCoord>

<yCoord>216</yCoord>
</edgeMap>
<edgeMap>
<xCoord>139</xCoord>
<yCoord>217</yCoord>
</edgeMap>
<edgeMap>
<xCoord>139</xCoord>
<yCoord>218</yCoord>
</edgeMap>
<edgeMap>
<xCoord>138</xCoord>

<yCoord>219</yCoord>
</edgeMap>
<edgeMap>
<xCoord>138</xCoord>
<yCoord>220</yCoord>
</edgeMap>
<edgeMap>
<xCoord>138</xCoord>
<yCoord>221</yCoord>
</edgeMap>
<edgeMap>
<xCoord>139</xCoord>

<yCoord>222</yCoord>
</edgeMap>
<edgeMap>
<xCoord>139</xCoord>
<yCoord>223</yCoord>
</edgeMap>
<edgeMap>
<xCoord>139</xCoord>
<yCoord>224</yCoord>
</edgeMap>
<edgeMap>
<xCoord>140</xCoord>

<yCoord>225</yCoord>
</edgeMap>
<edgeMap>
<xCoord>140</xCoord>
<yCoord>226</yCoord>
</edgeMap>
<edgeMap>
<xCoord>141</xCoord>
<yCoord>227</yCoord>
</edgeMap>
<edgeMap>
<xCoord>142</xCoord>

<yCoord>228</yCoord>
</edgeMap>
<edgeMap>
<xCoord>143</xCoord>
<yCoord>229</yCoord>
</edgeMap>
<edgeMap>
<xCoord>144</xCoord>
<yCoord>230</yCoord>
</edgeMap>
<edgeMap>
<xCoord>145</xCoord>

<yCoord>231</yCoord>
</edgeMap>
<edgeMap>
<xCoord>146</xCoord>
<yCoord>231</yCoord>
</edgeMap>
<edgeMap>
<xCoord>147</xCoord>
<yCoord>231</yCoord>
</edgeMap>
<edgeMap>
<xCoord>148</xCoord>

<yCoord>232</yCoord>
</edgeMap>
<edgeMap>
<xCoord>149</xCoord>
<yCoord>232</yCoord>
</edgeMap>
<edgeMap>
<xCoord>150</xCoord>
<yCoord>232</yCoord>
</edgeMap>
<edgeMap>
<xCoord>151</xCoord>

<yCoord>232</yCoord>
</edgeMap>
</roi>
<roi>
<imageZposition>1474.0</imageZposition>
<imageSOP_UID>1.3.6.1.4.1.14519.5.2.1.6279.6001.286676029556154559711911710165</imageSOP_UID>
<inclusion>TRUE</inclusion>
<edgeMap>
<xCoord>151</xCoord>
<yCoord>236</yCoord>
</edgeMap>

<edgeMap>
<xCoord>152</xCoord>
<yCoord>235</yCoord>
</edgeMap>
<edgeMap>
<xCoord>153</xCoord>
<yCoord>234</yCoord>
</edgeMap>
<edgeMap>
<xCoord>154</xCoord>
<yCoord>234</yCoord>

</edgeMap>
<edgeMap>
<xCoord>155</xCoord>
<yCoord>233</yCoord>
</edgeMap>
<edgeMap>
<xCoord>155</xCoord>
<yCoord>232</yCoord>
</edgeMap>
<edgeMap>
<xCoord>155</xCoord>
<yCoord>231</yCoord>

</edgeMap>
<edgeMap>
<xCoord>156</xCoord>
<yCoord>230</yCoord>
</edgeMap>
<edgeMap>
<xCoord>157</xCoord>
<yCoord>229</yCoord>
</edgeMap>
<edgeMap>
<xCoord>158</xCoord>
<yCoord>229</yCoord>

</edgeMap>
<edgeMap>
<xCoord>159</xCoord>
<yCoord>228</yCoord>
</edgeMap>
<edgeMap>
<xCoord>160</xCoord>
<yCoord>227</yCoord>
</edgeMap>
<edgeMap>
<xCoord>160</xCoord>
<yCoord>226</yCoord>

</edgeMap>
<edgeMap>
<xCoord>161</xCoord>
<yCoord>225</yCoord>
</edgeMap>
<edgeMap>
<xCoord>161</xCoord>
<yCoord>224</yCoord>
</edgeMap>
<edgeMap>
<xCoord>161</xCoord>
<yCoord>223</yCoord>

</edgeMap>
<edgeMap>
<xCoord>161</xCoord>
<yCoord>222</yCoord>
</edgeMap>
<edgeMap>
<xCoord>161</xCoord>
<yCoord>221</yCoord>
</edgeMap>
<edgeMap>
<xCoord>161</xCoord>
<yCoord>220</yCoord>

</edgeMap>
<edgeMap>
<xCoord>160</xCoord>
<yCoord>219</yCoord>
</edgeMap>
<edgeMap>
<xCoord>159</xCoord>
<yCoord>218</yCoord>
</edgeMap>
<edgeMap>
<xCoord>159</xCoord>
<yCoord>217</yCoord>

</edgeMap>
<edgeMap>
<xCoord>158</xCoord>
<yCoord>216</yCoord>
</edgeMap>
<edgeMap>
<xCoord>157</xCoord>
<yCoord>215</yCoord>
</edgeMap>
<edgeMap>
<xCoord>156</xCoord>
<yCoord>214</yCoord>

</edgeMap>
<edgeMap>
<xCoord>155</xCoord>
<yCoord>213</yCoord>
</edgeMap>
<edgeMap>
<xCoord>154</xCoord>
<yCoord>212</yCoord>
</edgeMap>
<edgeMap>
<xCoord>153</xCoord>
<yCoord>211</yCoord>

</edgeMap>
<edgeMap>
<xCoord>152</xCoord>
<yCoord>211</yCoord>
</edgeMap>
<edgeMap>
<xCoord>151</xCoord>
<yCoord>211</yCoord>
</edgeMap>
<edgeMap>
<xCoord>150</xCoord>
<yCoord>211</yCoord>

</edgeMap>
<edgeMap>
<xCoord>149</xCoord>
<yCoord>211</yCoord>
</edgeMap>
<edgeMap>
<xCoord>148</xCoord>
<yCoord>211</yCoord>
</edgeMap>
<edgeMap>
<xCoord>147</xCoord>
<yCoord>211</yCoord>

</edgeMap>
<edgeMap>
<xCoord>146</xCoord>
<yCoord>211</yCoord>
</edgeMap>
<edgeMap>
<xCoord>145</xCoord>
<yCoord>212</yCoord>
</edgeMap>
<edgeMap>
<xCoord>144</xCoord>
<yCoord>212</yCoord>

</edgeMap>
<edgeMap>
<xCoord>143</xCoord>
<yCoord>213</yCoord>
</edgeMap>
<edgeMap>
<xCoord>142</xCoord>
<yCoord>213</yCoord>
</edgeMap>
<edgeMap>
<xCoord>141</xCoord>
<yCoord>214</yCoord>

</edgeMap>
<edgeMap>
<xCoord>140</xCoord>
<yCoord>215</yCoord>
</edgeMap>
<edgeMap>
<xCoord>140</xCoord>
<yCoord>216</yCoord>
</edgeMap>
<edgeMap>
<xCoord>139</xCoord>
<yCoord>217</yCoord>

</edgeMap>
<edgeMap>
<xCoord>139</xCoord>
<yCoord>218</yCoord>
</edgeMap>
<edgeMap>
<xCoord>139</xCoord>
<yCoord>219</yCoord>
</edgeMap>
<edgeMap>
<xCoord>139</xCoord>
<yCoord>220</yCoord>

</edgeMap>
<edgeMap>
<xCoord>139</xCoord>
<yCoord>221</yCoord>
</edgeMap>
<edgeMap>
<xCoord>139</xCoord>
<yCoord>222</yCoord>
</edgeMap>
<edgeMap>
<xCoord>139</xCoord>
<yCoord>223</yCoord>

</edgeMap>
<edgeMap>
<xCoord>139</xCoord>
<yCoord>224</yCoord>
</edgeMap>
<edgeMap>
<xCoord>140</xCoord>
<yCoord>225</yCoord>
</edgeMap>
<edgeMap>
<xCoord>140</xCoord>
<yCoord>226</yCoord>

</edgeMap>
<edgeMap>
<xCoord>141</xCoord>
<yCoord>227</yCoord>
</edgeMap>
<edgeMap>
<xCoord>141</xCoord>
<yCoord>228</yCoord>
</edgeMap>
<edgeMap>
<xCoord>142</xCoord>
<yCoord>229</yCoord>

</edgeMap>
<edgeMap>
<xCoord>143</xCoord>
<yCoord>230</yCoord>
</edgeMap>
<edgeMap>
<xCoord>144</xCoord>
<yCoord>230</yCoord>
</edgeMap>
<edgeMap>
<xCoord>145</xCoord>
<yCoord>231</yCoord>

</edgeMap>
<edgeMap>
<xCoord>146</xCoord>
<yCoord>232</yCoord>
</edgeMap>
<edgeMap>
<xCoord>147</xCoord>
<yCoord>232</yCoord>
</edgeMap>
<edgeMap>
<xCoord>148</xCoord>
<yCoord>233</yCoord>

</edgeMap>
<edgeMap>
<xCoord>148</xCoord>
<yCoord>234</yCoord>
</edgeMap>
<edgeMap>
<xCoord>149</xCoord>
<yCoord>235</yCoord>
</edgeMap>
<edgeMap>
<xCoord>150</xCoord>
<yCoord>236</yCoord>

</edgeMap>
<edgeMap>
<xCoord>151</xCoord>
<yCoord>236</yCoord>
</edgeMap>
</roi>
<roi>
<imageZposition>1471.0</imageZposition>
<imageSOP_UID>1.3.6.1.4.1.14519.5.2.1.6279.6001.379575951541752169277764604474</imageSOP_UID>
<inclusion>TRUE</inclusion>
<edgeMap>
<xCoord>153</xCoord>

<yCoord>233</yCoord>
</edgeMap>
<edgeMap>
<xCoord>154</xCoord>
<yCoord>232</yCoord>
</edgeMap>
<edgeMap>
<xCoord>155</xCoord>
<yCoord>231</yCoord>
</edgeMap>
<edgeMap>
<xCoord>156</xCoord>

<yCoord>230</yCoord>
</edgeMap>
<edgeMap>
<xCoord>156</xCoord>
<yCoord>229</yCoord>
</edgeMap>
<edgeMap>
<xCoord>157</xCoord>
<yCoord>228</yCoord>
</edgeMap>
<edgeMap>
<xCoord>158</xCoord>

<yCoord>227</yCoord>
</edgeMap>
<edgeMap>
<xCoord>158</xCoord>
<yCoord>226</yCoord>
</edgeMap>
<edgeMap>
<xCoord>159</xCoord>
<yCoord>225</yCoord>
</edgeMap>
<edgeMap>
<xCoord>160</xCoord>

<yCoord>224</yCoord>
</edgeMap>
<edgeMap>
<xCoord>160</xCoord>
<yCoord>223</yCoord>
</edgeMap>
<edgeMap>
<xCoord>160</xCoord>
<yCoord>222</yCoord>
</edgeMap>
<edgeMap>
<xCoord>159</xCoord>

<yCoord>221</yCoord>
</edgeMap>
<edgeMap>
<xCoord>159</xCoord>
<yCoord>220</yCoord>
</edgeMap>
<edgeMap>
<xCoord>158</xCoord>
<yCoord>219</yCoord>
</edgeMap>
<edgeMap>
<xCoord>157</xCoord>

<yCoord>218</yCoord>
</edgeMap>
<edgeMap>
<xCoord>157</xCoord>
<yCoord>217</yCoord>
</edgeMap>
<edgeMap>
<xCoord>156</xCoord>
<yCoord>216</yCoord>
</edgeMap>
<edgeMap>
<xCoord>155</xCoord>

<yCoord>215</yCoord>
</edgeMap>
<edgeMap>
<xCoord>154</xCoord>
<yCoord>214</yCoord>
</edgeMap>
<edgeMap>
<xCoord>153</xCoord>
<yCoord>213</yCoord>
</edgeMap>
<edgeMap>
<xCoord>152</xCoord>

<yCoord>213</yCoord>
</edgeMap>
<edgeMap>
<xCoord>151</xCoord>
<yCoord>212</yCoord>
</edgeMap>
<edgeMap>
<xCoord>150</xCoord>
<yCoord>212</yCoord>
</edgeMap>
<edgeMap>
<xCoord>149</xCoord>

<yCoord>212</yCoord>
</edgeMap>
<edgeMap>
<xCoord>148</xCoord>
<yCoord>212</yCoord>
</edgeMap>
<edgeMap>
<xCoord>147</xCoord>
<yCoord>212</yCoord>
</edgeMap>
<edgeMap>
<xCoord>146</xCoord>

<yCoord>212</yCoord>
</edgeMap>
<edgeMap>
<xCoord>145</xCoord>
<yCoord>213</yCoord>
</edgeMap>
<edgeMap>
<xCoord>144</xCoord>
<yCoord>213</yCoord>
</edgeMap>
<edgeMap>
<xCoord>143</xCoord>

<yCoord>214</yCoord>
</edgeMap>
<edgeMap>
<xCoord>142</xCoord>
<yCoord>215</yCoord>
</edgeMap>
<edgeMap>
<xCoord>142</xCoord>
<yCoord>216</yCoord>
</edgeMap>
<edgeMap>
<xCoord>141</xCoord>

<yCoord>217</yCoord>
</edgeMap>
<edgeMap>
<xCoord>141</xCoord>
<yCoord>218</yCoord>
</edgeMap>
<edgeMap>
<xCoord>141</xCoord>
<yCoord>219</yCoord>
</edgeMap>
<edgeMap>
<xCoord>141</xCoord>

<yCoord>220</yCoord>
</edgeMap>
<edgeMap>
<xCoord>141</xCoord>
<yCoord>221</yCoord>
</edgeMap>
<edgeMap>
<xCoord>141</xCoord>
<yCoord>222</yCoord>
</edgeMap>
<edgeMap>
<xCoord>141</xCoord>

<yCoord>223</yCoord>
</edgeMap>
<edgeMap>
<xCoord>142</xCoord>
<yCoord>224</yCoord>
</edgeMap>
<edgeMap>
<xCoord>142</xCoord>
<yCoord>225</yCoord>
</edgeMap>
<edgeMap>
<xCoord>142</xCoord>

<yCoord>226</yCoord>
</edgeMap>
<edgeMap>
<xCoord>143</xCoord>
<yCoord>227</yCoord>
</edgeMap>
<edgeMap>
<xCoord>143</xCoord>
<yCoord>228</yCoord>
</edgeMap>
<edgeMap>
<xCoord>144</xCoord>

<yCoord>229</yCoord>
</edgeMap>
<edgeMap>
<xCoord>145</xCoord>
<yCoord>230</yCoord>
</edgeMap>
<edgeMap>
<xCoord>146</xCoord>
<yCoord>231</yCoord>
</edgeMap>
<edgeMap>
<xCoord>147</xCoord>

<yCoord>232</yCoord>
</edgeMap>
<edgeMap>
<xCoord>148</xCoord>
<yCoord>233</yCoord>
</edgeMap>
<edgeMap>
<xCoord>149</xCoord>
<yCoord>233</yCoord>
</edgeMap>
<edgeMap>
<xCoord>150</xCoord>

<yCoord>233</yCoord>
</edgeMap>
<edgeMap>
<xCoord>151</xCoord>
<yCoord>233</yCoord>
</edgeMap>
<edgeMap>
<xCoord>152</xCoord>
<yCoord>233</yCoord>
</edgeMap>
<edgeMap>
<xCoord>153</xCoord>

<yCoord>233</yCoord>
</edgeMap>
</roi>
<roi>
<imageZposition>1468.0</imageZposition>
<imageSOP_UID>1.3.6.1.4.1.14519.5.2.1.6279.6001.604521999477466177678922865851</imageSOP_UID>
<inclusion>TRUE</inclusion>
<edgeMap>
<xCoord>147</xCoord>
<yCoord>227</yCoord>
</edgeMap>

<edgeMap>
<xCoord>148</xCoord>
<yCoord>226</yCoord>
</edgeMap>
<edgeMap>
<xCoord>149</xCoord>
<yCoord>226</yCoord>
</edgeMap>
<edgeMap>
<xCoord>150</xCoord>
<yCoord>226</yCoord>

</edgeMap>
<edgeMap>
<xCoord>151</xCoord>
<yCoord>226</yCoord>
</edgeMap>
<edgeMap>
<xCoord>152</xCoord>
<yCoord>226</yCoord>
</edgeMap>
<edgeMap>
<xCoord>153</xCoord>
<yCoord>225</yCoord>

</edgeMap>
<edgeMap>
<xCoord>153</xCoord>
<yCoord>224</yCoord>
</edgeMap>
<edgeMap>
<xCoord>154</xCoord>
<yCoord>223</yCoord>
</edgeMap>
<edgeMap>
<xCoord>155</xCoord>
<yCoord>222</yCoord>

</edgeMap>
<edgeMap>
<xCoord>156</xCoord>
<yCoord>221</yCoord>
</edgeMap>
<edgeMap>
<xCoord>156</xCoord>
<yCoord>220</yCoord>
</edgeMap>
<edgeMap>
<xCoord>156</xCoord>
<yCoord>219</yCoord>

</edgeMap>
<edgeMap>
<xCoord>156</xCoord>
<yCoord>218</yCoord>
</edgeMap>
<edgeMap>
<xCoord>155</xCoord>
<yCoord>217</yCoord>
</edgeMap>
<edgeMap>
<xCoord>154</xCoord>
<yCoord>216</yCoord>

</edgeMap>
<edgeMap>
<xCoord>153</xCoord>
<yCoord>216</yCoord>
</edgeMap>
<edgeMap>
<xCoord>152</xCoord>
<yCoord>216</yCoord>
</edgeMap>
<edgeMap>
<xCoord>151</xCoord>
<yCoord>216</yCoord>

</edgeMap>
<edgeMap>
<xCoord>150</xCoord>
<yCoord>216</yCoord>
</edgeMap>
<edgeMap>
<xCoord>149</xCoord>
<yCoord>216</yCoord>
</edgeMap>
<edgeMap>
<xCoord>148</xCoord>
<yCoord>216</yCoord>

</edgeMap>
<edgeMap>
<xCoord>147</xCoord>
<yCoord>216</yCoord>
</edgeMap>
<edgeMap>
<xCoord>146</xCoord>
<yCoord>217</yCoord>
</edgeMap>
<edgeMap>
<xCoord>145</xCoord>
<yCoord>217</yCoord>

</edgeMap>
<edgeMap>
<xCoord>144</xCoord>
<yCoord>218</yCoord>
</edgeMap>
<edgeMap>
<xCoord>144</xCoord>
<yCoord>219</yCoord>
</edgeMap>
<edgeMap>
<xCoord>143</xCoord>
<yCoord>220</yCoord>

</edgeMap>
<edgeMap>
<xCoord>143</xCoord>
<yCoord>221</yCoord>
</edgeMap>
<edgeMap>
<xCoord>144</xCoord>
<yCoord>222</yCoord>
</edgeMap>
<edgeMap>
<xCoord>144</xCoord>
<yCoord>223</yCoord>

</edgeMap>
<edgeMap>
<xCoord>144</xCoord>
<yCoord>224</yCoord>
</edgeMap>
<edgeMap>
<xCoord>145</xCoord>
<yCoord>225</yCoord>
</edgeMap>
<edgeMap>
<xCoord>145</xCoord>
<yCoord>226</yCoord>

</edgeMap>
<edgeMap>
<xCoord>146</xCoord>
<yCoord>227</yCoord>
</edgeMap>
<edgeMap>
<xCoord>147</xCoord>
<yCoord>227</yCoord>
</edgeMap>
</roi>
</unblindedReadNodule>
<unblindedReadNodule>
<noduleID>124110</noduleID>

<roi>
<imageZposition>1462.0</imageZposition>
<imageSOP_UID>1.3.6.1.4.1.14519.5.2.1.6279.6001.209065125141968928514595976380</imageSOP_UID>
<inclusion>TRUE</inclusion>
<edgeMap>
<xCoord>72</xCoord>
<yCoord>298</yCoord>
</edgeMap>
</roi>
</unblindedReadNodule>
<unblindedReadNodule>
<noduleID>124111</noduleID>

<roi>
<imageZposition>1423.0</imageZposition>
<imageSOP_UID>1.3.6.1.4.1.14519.5.2.1.6279.6001.143381049544371761855826423581</imageSOP_UID>
<inclusion>TRUE</inclusion>
<edgeMap>
<xCoord>225</xCoord>
<yCoord>275</yCoord>
</edgeMap>
</roi>
</unblindedReadNodule>
</readingSession>









  <readingSession>
    <annotationVersion>3.12</annotationVersion>
    <servicingRadiologistID>anon</servicingRadiologistID>
    <unblindedReadNodule>

      <noduleID>134862</noduleID>
      <characteristics>
        <subtlety>5</subtlety>
        <internalStructure>1</internalStructure>
        <calcification>6</calcification>
        <sphericity>5</sphericity>

        <margin>5</margin>
        <lobulation>1</lobulation>
        <spiculation>1</spiculation>
        <texture>5</texture>
        <malignancy>5</malignancy>
      </characteristics>

      <roi>
        <imageZposition>1480.0</imageZposition>
        <imageSOP_UID>1.3.6.1.4.1.14519.5.2.1.6279.6001.216864205672674114890245830306</imageSOP_UID>
        <inclusion>TRUE</inclusion>
        <edgeMap>
          <xCoord>155</xCoord>
          <yCoord>230</yCoord>

        </edgeMap>
        <edgeMap>
          <xCoord>156</xCoord>
          <yCoord>229</yCoord>
        </edgeMap>
        <edgeMap>
          <xCoord>157</xCoord>

          <yCoord>228</yCoord>
        </edgeMap>
        <edgeMap>
          <xCoord>157</xCoord>
          <yCoord>227</yCoord>
        </edgeMap>
        <edgeMap>

          <xCoord>158</xCoord>
          <yCoord>226</yCoord>
        </edgeMap>
        <edgeMap>
          <xCoord>159</xCoord>
          <yCoord>225</yCoord>
        </edgeMap>

        <edgeMap>
          <xCoord>159</xCoord>
          <yCoord>224</yCoord>
        </edgeMap>
        <edgeMap>
          <xCoord>159</xCoord>
          <yCoord>223</yCoord>

        </edgeMap>
        <edgeMap>
          <xCoord>160</xCoord>
          <yCoord>222</yCoord>
        </edgeMap>
        <edgeMap>
          <xCoord>160</xCoord>

          <yCoord>221</yCoord>
        </edgeMap>
        <edgeMap>
          <xCoord>160</xCoord>
          <yCoord>220</yCoord>
        </edgeMap>
        <edgeMap>

          <xCoord>159</xCoord>
          <yCoord>219</yCoord>
        </edgeMap>
        <edgeMap>
          <xCoord>158</xCoord>
          <yCoord>218</yCoord>
        </edgeMap>

        <edgeMap>
          <xCoord>157</xCoord>
          <yCoord>217</yCoord>
        </edgeMap>
        <edgeMap>
          <xCoord>156</xCoord>
          <yCoord>216</yCoord>

        </edgeMap>
        <edgeMap>
          <xCoord>155</xCoord>
          <yCoord>216</yCoord>
        </edgeMap>
        <edgeMap>
          <xCoord>154</xCoord>

          <yCoord>215</yCoord>
        </edgeMap>
        <edgeMap>
          <xCoord>153</xCoord>
          <yCoord>215</yCoord>
        </edgeMap>
        <edgeMap>

          <xCoord>152</xCoord>
          <yCoord>215</yCoord>
        </edgeMap>
        <edgeMap>
          <xCoord>151</xCoord>
          <yCoord>215</yCoord>
        </edgeMap>

        <edgeMap>
          <xCoord>150</xCoord>
          <yCoord>214</yCoord>
        </edgeMap>
        <edgeMap>
          <xCoord>149</xCoord>
          <yCoord>214</yCoord>

        </edgeMap>
        <edgeMap>
          <xCoord>148</xCoord>
          <yCoord>214</yCoord>
        </edgeMap>
        <edgeMap>
          <xCoord>147</xCoord>

          <yCoord>214</yCoord>
        </edgeMap>
        <edgeMap>
          <xCoord>146</xCoord>
          <yCoord>214</yCoord>
        </edgeMap>
        <edgeMap>

          <xCoord>145</xCoord>
          <yCoord>214</yCoord>
        </edgeMap>
        <edgeMap>
          <xCoord>144</xCoord>
          <yCoord>214</yCoord>
        </edgeMap>

        <edgeMap>
          <xCoord>143</xCoord>
          <yCoord>215</yCoord>
        </edgeMap>
        <edgeMap>
          <xCoord>142</xCoord>
          <yCoord>215</yCoord>

        </edgeMap>
        <edgeMap>
          <xCoord>141</xCoord>
          <yCoord>216</yCoord>
        </edgeMap>
        <edgeMap>
          <xCoord>140</xCoord>

          <yCoord>217</yCoord>
        </edgeMap>
        <edgeMap>
          <xCoord>140</xCoord>
          <yCoord>218</yCoord>
        </edgeMap>
        <edgeMap>

          <xCoord>140</xCoord>
          <yCoord>219</yCoord>
        </edgeMap>
        <edgeMap>
          <xCoord>140</xCoord>
          <yCoord>220</yCoord>
        </edgeMap>

        <edgeMap>
          <xCoord>141</xCoord>
          <yCoord>221</yCoord>
        </edgeMap>
        <edgeMap>
          <xCoord>141</xCoord>
          <yCoord>222</yCoord>

        </edgeMap>
        <edgeMap>
          <xCoord>141</xCoord>
          <yCoord>223</yCoord>
        </edgeMap>
        <edgeMap>
          <xCoord>142</xCoord>

          <yCoord>224</yCoord>
        </edgeMap>
        <edgeMap>
          <xCoord>143</xCoord>
          <yCoord>225</yCoord>
        </edgeMap>
        <edgeMap>

          <xCoord>144</xCoord>
          <yCoord>226</yCoord>
        </edgeMap>
        <edgeMap>
          <xCoord>145</xCoord>
          <yCoord>226</yCoord>
        </edgeMap>

        <edgeMap>
          <xCoord>146</xCoord>
          <yCoord>227</yCoord>
        </edgeMap>
        <edgeMap>
          <xCoord>147</xCoord>
          <yCoord>228</yCoord>

        </edgeMap>
        <edgeMap>
          <xCoord>148</xCoord>
          <yCoord>229</yCoord>
        </edgeMap>
        <edgeMap>
          <xCoord>149</xCoord>

          <yCoord>229</yCoord>
        </edgeMap>
        <edgeMap>
          <xCoord>150</xCoord>
          <yCoord>229</yCoord>
        </edgeMap>
        <edgeMap>

          <xCoord>151</xCoord>
          <yCoord>230</yCoord>
        </edgeMap>
        <edgeMap>
          <xCoord>152</xCoord>
          <yCoord>230</yCoord>
        </edgeMap>

        <edgeMap>
          <xCoord>153</xCoord>
          <yCoord>230</yCoord>
        </edgeMap>
        <edgeMap>
          <xCoord>154</xCoord>
          <yCoord>230</yCoord>

        </edgeMap>
        <edgeMap>
          <xCoord>155</xCoord>
          <yCoord>230</yCoord>
        </edgeMap>
      </roi>
      <roi>
        <imageZposition>1477.0</imageZposition>

        <imageSOP_UID>1.3.6.1.4.1.14519.5.2.1.6279.6001.100482828460384774332535661095</imageSOP_UID>
        <inclusion>TRUE</inclusion>
        <edgeMap>
          <xCoord>147</xCoord>
          <yCoord>232</yCoord>
        </edgeMap>
        <edgeMap>

          <xCoord>147</xCoord>
          <yCoord>231</yCoord>
        </edgeMap>
        <edgeMap>
          <xCoord>148</xCoord>
          <yCoord>230</yCoord>
        </edgeMap>

        <edgeMap>
          <xCoord>149</xCoord>
          <yCoord>230</yCoord>
        </edgeMap>
        <edgeMap>
          <xCoord>150</xCoord>
          <yCoord>230</yCoord>

        </edgeMap>
        <edgeMap>
          <xCoord>151</xCoord>
          <yCoord>230</yCoord>
        </edgeMap>
        <edgeMap>
          <xCoord>152</xCoord>

          <yCoord>230</yCoord>
        </edgeMap>
        <edgeMap>
          <xCoord>153</xCoord>
          <yCoord>229</yCoord>
        </edgeMap>
        <edgeMap>

          <xCoord>154</xCoord>
          <yCoord>229</yCoord>
        </edgeMap>
        <edgeMap>
          <xCoord>155</xCoord>
          <yCoord>229</yCoord>
        </edgeMap>

        <edgeMap>
          <xCoord>156</xCoord>
          <yCoord>229</yCoord>
        </edgeMap>
        <edgeMap>
          <xCoord>157</xCoord>
          <yCoord>229</yCoord>

        </edgeMap>
        <edgeMap>
          <xCoord>158</xCoord>
          <yCoord>229</yCoord>
        </edgeMap>
        <edgeMap>
          <xCoord>159</xCoord>

          <yCoord>229</yCoord>
        </edgeMap>
        <edgeMap>
          <xCoord>160</xCoord>
          <yCoord>228</yCoord>
        </edgeMap>
        <edgeMap>

          <xCoord>161</xCoord>
          <yCoord>227</yCoord>
        </edgeMap>
        <edgeMap>
          <xCoord>161</xCoord>
          <yCoord>226</yCoord>
        </edgeMap>

        <edgeMap>
          <xCoord>162</xCoord>
          <yCoord>225</yCoord>
        </edgeMap>
        <edgeMap>
          <xCoord>162</xCoord>
          <yCoord>224</yCoord>

        </edgeMap>
        <edgeMap>
          <xCoord>162</xCoord>
          <yCoord>223</yCoord>
        </edgeMap>
        <edgeMap>
          <xCoord>162</xCoord>

          <yCoord>222</yCoord>
        </edgeMap>
        <edgeMap>
          <xCoord>162</xCoord>
          <yCoord>221</yCoord>
        </edgeMap>
        <edgeMap>

          <xCoord>162</xCoord>
          <yCoord>220</yCoord>
        </edgeMap>
        <edgeMap>
          <xCoord>161</xCoord>
          <yCoord>219</yCoord>
        </edgeMap>

        <edgeMap>
          <xCoord>160</xCoord>
          <yCoord>218</yCoord>
        </edgeMap>
        <edgeMap>
          <xCoord>160</xCoord>
          <yCoord>217</yCoord>

        </edgeMap>
        <edgeMap>
          <xCoord>159</xCoord>
          <yCoord>216</yCoord>
        </edgeMap>
        <edgeMap>
          <xCoord>158</xCoord>

          <yCoord>215</yCoord>
        </edgeMap>
        <edgeMap>
          <xCoord>157</xCoord>
          <yCoord>214</yCoord>
        </edgeMap>
        <edgeMap>

          <xCoord>156</xCoord>
          <yCoord>213</yCoord>
        </edgeMap>
        <edgeMap>
          <xCoord>155</xCoord>
          <yCoord>213</yCoord>
        </edgeMap>

        <edgeMap>
          <xCoord>154</xCoord>
          <yCoord>212</yCoord>
        </edgeMap>
        <edgeMap>
          <xCoord>153</xCoord>
          <yCoord>212</yCoord>

        </edgeMap>
        <edgeMap>
          <xCoord>152</xCoord>
          <yCoord>211</yCoord>
        </edgeMap>
        <edgeMap>
          <xCoord>151</xCoord>

          <yCoord>211</yCoord>
        </edgeMap>
        <edgeMap>
          <xCoord>150</xCoord>
          <yCoord>211</yCoord>
        </edgeMap>
        <edgeMap>

          <xCoord>149</xCoord>
          <yCoord>211</yCoord>
        </edgeMap>
        <edgeMap>
          <xCoord>148</xCoord>
          <yCoord>211</yCoord>
        </edgeMap>

        <edgeMap>
          <xCoord>147</xCoord>
          <yCoord>211</yCoord>
        </edgeMap>
        <edgeMap>
          <xCoord>146</xCoord>
          <yCoord>211</yCoord>

        </edgeMap>
        <edgeMap>
          <xCoord>145</xCoord>
          <yCoord>211</yCoord>
        </edgeMap>
        <edgeMap>
          <xCoord>144</xCoord>

          <yCoord>211</yCoord>
        </edgeMap>
        <edgeMap>
          <xCoord>143</xCoord>
          <yCoord>212</yCoord>
        </edgeMap>
        <edgeMap>

          <xCoord>142</xCoord>
          <yCoord>212</yCoord>
        </edgeMap>
        <edgeMap>
          <xCoord>141</xCoord>
          <yCoord>213</yCoord>
        </edgeMap>

        <edgeMap>
          <xCoord>140</xCoord>
          <yCoord>214</yCoord>
        </edgeMap>
        <edgeMap>
          <xCoord>139</xCoord>
          <yCoord>215</yCoord>

        </edgeMap>
        <edgeMap>
          <xCoord>138</xCoord>
          <yCoord>216</yCoord>
        </edgeMap>
        <edgeMap>
          <xCoord>138</xCoord>

          <yCoord>217</yCoord>
        </edgeMap>
        <edgeMap>
          <xCoord>138</xCoord>
          <yCoord>218</yCoord>
        </edgeMap>
        <edgeMap>

          <xCoord>138</xCoord>
          <yCoord>219</yCoord>
        </edgeMap>
        <edgeMap>
          <xCoord>138</xCoord>
          <yCoord>220</yCoord>
        </edgeMap>

        <edgeMap>
          <xCoord>138</xCoord>
          <yCoord>221</yCoord>
        </edgeMap>
        <edgeMap>
          <xCoord>138</xCoord>
          <yCoord>222</yCoord>

        </edgeMap>
        <edgeMap>
          <xCoord>138</xCoord>
          <yCoord>223</yCoord>
        </edgeMap>
        <edgeMap>
          <xCoord>139</xCoord>

          <yCoord>224</yCoord>
        </edgeMap>
        <edgeMap>
          <xCoord>139</xCoord>
          <yCoord>225</yCoord>
        </edgeMap>
        <edgeMap>

          <xCoord>140</xCoord>
          <yCoord>226</yCoord>
        </edgeMap>
        <edgeMap>
          <xCoord>141</xCoord>
          <yCoord>227</yCoord>
        </edgeMap>

        <edgeMap>
          <xCoord>141</xCoord>
          <yCoord>228</yCoord>
        </edgeMap>
        <edgeMap>
          <xCoord>142</xCoord>
          <yCoord>229</yCoord>

        </edgeMap>
        <edgeMap>
          <xCoord>143</xCoord>
          <yCoord>230</yCoord>
        </edgeMap>
        <edgeMap>
          <xCoord>144</xCoord>

          <yCoord>230</yCoord>
        </edgeMap>
        <edgeMap>
          <xCoord>145</xCoord>
          <yCoord>231</yCoord>
        </edgeMap>
        <edgeMap>

          <xCoord>146</xCoord>
          <yCoord>231</yCoord>
        </edgeMap>
        <edgeMap>
          <xCoord>147</xCoord>
          <yCoord>232</yCoord>
        </edgeMap>

      </roi>
      <roi>
        <imageZposition>1474.0</imageZposition>
        <imageSOP_UID>1.3.6.1.4.1.14519.5.2.1.6279.6001.286676029556154559711911710165</imageSOP_UID>
        <inclusion>TRUE</inclusion>
        <edgeMap>
          <xCoord>156</xCoord>

          <yCoord>234</yCoord>
        </edgeMap>
        <edgeMap>
          <xCoord>156</xCoord>
          <yCoord>233</yCoord>
        </edgeMap>
        <edgeMap>

          <xCoord>156</xCoord>
          <yCoord>232</yCoord>
        </edgeMap>
        <edgeMap>
          <xCoord>156</xCoord>
          <yCoord>231</yCoord>
        </edgeMap>

        <edgeMap>
          <xCoord>157</xCoord>
          <yCoord>230</yCoord>
        </edgeMap>
        <edgeMap>
          <xCoord>158</xCoord>
          <yCoord>229</yCoord>

        </edgeMap>
        <edgeMap>
          <xCoord>159</xCoord>
          <yCoord>228</yCoord>
        </edgeMap>
        <edgeMap>
          <xCoord>160</xCoord>

          <yCoord>227</yCoord>
        </edgeMap>
        <edgeMap>
          <xCoord>161</xCoord>
          <yCoord>226</yCoord>
        </edgeMap>
        <edgeMap>

          <xCoord>161</xCoord>
          <yCoord>225</yCoord>
        </edgeMap>
        <edgeMap>
          <xCoord>161</xCoord>
          <yCoord>224</yCoord>
        </edgeMap>

        <edgeMap>
          <xCoord>162</xCoord>
          <yCoord>223</yCoord>
        </edgeMap>
        <edgeMap>
          <xCoord>162</xCoord>
          <yCoord>222</yCoord>

        </edgeMap>
        <edgeMap>
          <xCoord>162</xCoord>
          <yCoord>221</yCoord>
        </edgeMap>
        <edgeMap>
          <xCoord>161</xCoord>

          <yCoord>220</yCoord>
        </edgeMap>
        <edgeMap>
          <xCoord>160</xCoord>
          <yCoord>219</yCoord>
        </edgeMap>
        <edgeMap>

          <xCoord>160</xCoord>
          <yCoord>218</yCoord>
        </edgeMap>
        <edgeMap>
          <xCoord>159</xCoord>
          <yCoord>217</yCoord>
        </edgeMap>

        <edgeMap>
          <xCoord>158</xCoord>
          <yCoord>216</yCoord>
        </edgeMap>
        <edgeMap>
          <xCoord>157</xCoord>
          <yCoord>215</yCoord>

        </edgeMap>
        <edgeMap>
          <xCoord>156</xCoord>
          <yCoord>214</yCoord>
        </edgeMap>
        <edgeMap>
          <xCoord>155</xCoord>

          <yCoord>213</yCoord>
        </edgeMap>
        <edgeMap>
          <xCoord>154</xCoord>
          <yCoord>212</yCoord>
        </edgeMap>
        <edgeMap>

          <xCoord>153</xCoord>
          <yCoord>211</yCoord>
        </edgeMap>
        <edgeMap>
          <xCoord>152</xCoord>
          <yCoord>211</yCoord>
        </edgeMap>

        <edgeMap>
          <xCoord>151</xCoord>
          <yCoord>210</yCoord>
        </edgeMap>
        <edgeMap>
          <xCoord>150</xCoord>
          <yCoord>210</yCoord>

        </edgeMap>
        <edgeMap>
          <xCoord>149</xCoord>
          <yCoord>210</yCoord>
        </edgeMap>
        <edgeMap>
          <xCoord>148</xCoord>

          <yCoord>210</yCoord>
        </edgeMap>
        <edgeMap>
          <xCoord>147</xCoord>
          <yCoord>211</yCoord>
        </edgeMap>
        <edgeMap>

          <xCoord>146</xCoord>
          <yCoord>211</yCoord>
        </edgeMap>
        <edgeMap>
          <xCoord>145</xCoord>
          <yCoord>211</yCoord>
        </edgeMap>

        <edgeMap>
          <xCoord>144</xCoord>
          <yCoord>212</yCoord>
        </edgeMap>
        <edgeMap>
          <xCoord>143</xCoord>
          <yCoord>212</yCoord>

        </edgeMap>
        <edgeMap>
          <xCoord>142</xCoord>
          <yCoord>213</yCoord>
        </edgeMap>
        <edgeMap>
          <xCoord>141</xCoord>

          <yCoord>214</yCoord>
        </edgeMap>
        <edgeMap>
          <xCoord>140</xCoord>
          <yCoord>215</yCoord>
        </edgeMap>
        <edgeMap>

          <xCoord>139</xCoord>
          <yCoord>216</yCoord>
        </edgeMap>
        <edgeMap>
          <xCoord>139</xCoord>
          <yCoord>217</yCoord>
        </edgeMap>

        <edgeMap>
          <xCoord>138</xCoord>
          <yCoord>218</yCoord>
        </edgeMap>
        <edgeMap>
          <xCoord>138</xCoord>
          <yCoord>219</yCoord>

        </edgeMap>
        <edgeMap>
          <xCoord>138</xCoord>
          <yCoord>220</yCoord>
        </edgeMap>
        <edgeMap>
          <xCoord>138</xCoord>

          <yCoord>221</yCoord>
        </edgeMap>
        <edgeMap>
          <xCoord>138</xCoord>
          <yCoord>222</yCoord>
        </edgeMap>
        <edgeMap>

          <xCoord>139</xCoord>
          <yCoord>223</yCoord>
        </edgeMap>
        <edgeMap>
          <xCoord>139</xCoord>
          <yCoord>224</yCoord>
        </edgeMap>

        <edgeMap>
          <xCoord>140</xCoord>
          <yCoord>225</yCoord>
        </edgeMap>
        <edgeMap>
          <xCoord>140</xCoord>
          <yCoord>226</yCoord>

        </edgeMap>
        <edgeMap>
          <xCoord>140</xCoord>
          <yCoord>227</yCoord>
        </edgeMap>
        <edgeMap>
          <xCoord>141</xCoord>

          <yCoord>228</yCoord>
        </edgeMap>
        <edgeMap>
          <xCoord>142</xCoord>
          <yCoord>229</yCoord>
        </edgeMap>
        <edgeMap>

          <xCoord>143</xCoord>
          <yCoord>230</yCoord>
        </edgeMap>
        <edgeMap>
          <xCoord>144</xCoord>
          <yCoord>231</yCoord>
        </edgeMap>

        <edgeMap>
          <xCoord>145</xCoord>
          <yCoord>232</yCoord>
        </edgeMap>
        <edgeMap>
          <xCoord>146</xCoord>
          <yCoord>232</yCoord>

        </edgeMap>
        <edgeMap>
          <xCoord>147</xCoord>
          <yCoord>233</yCoord>
        </edgeMap>
        <edgeMap>
          <xCoord>148</xCoord>

          <yCoord>234</yCoord>
        </edgeMap>
        <edgeMap>
          <xCoord>149</xCoord>
          <yCoord>233</yCoord>
        </edgeMap>
        <edgeMap>

          <xCoord>150</xCoord>
          <yCoord>233</yCoord>
        </edgeMap>
        <edgeMap>
          <xCoord>151</xCoord>
          <yCoord>233</yCoord>
        </edgeMap>

        <edgeMap>
          <xCoord>152</xCoord>
          <yCoord>233</yCoord>
        </edgeMap>
        <edgeMap>
          <xCoord>153</xCoord>
          <yCoord>233</yCoord>

        </edgeMap>
        <edgeMap>
          <xCoord>154</xCoord>
          <yCoord>233</yCoord>
        </edgeMap>
        <edgeMap>
          <xCoord>155</xCoord>

          <yCoord>234</yCoord>
        </edgeMap>
        <edgeMap>
          <xCoord>156</xCoord>
          <yCoord>234</yCoord>
        </edgeMap>
      </roi>

      <roi>
        <imageZposition>1471.0</imageZposition>
        <imageSOP_UID>1.3.6.1.4.1.14519.5.2.1.6279.6001.379575951541752169277764604474</imageSOP_UID>
        <inclusion>TRUE</inclusion>
        <edgeMap>
          <xCoord>150</xCoord>
          <yCoord>234</yCoord>

        </edgeMap>
        <edgeMap>
          <xCoord>151</xCoord>
          <yCoord>233</yCoord>
        </edgeMap>
        <edgeMap>
          <xCoord>152</xCoord>

          <yCoord>233</yCoord>
        </edgeMap>
        <edgeMap>
          <xCoord>153</xCoord>
          <yCoord>232</yCoord>
        </edgeMap>
        <edgeMap>

          <xCoord>154</xCoord>
          <yCoord>232</yCoord>
        </edgeMap>
        <edgeMap>
          <xCoord>155</xCoord>
          <yCoord>231</yCoord>
        </edgeMap>

        <edgeMap>
          <xCoord>156</xCoord>
          <yCoord>230</yCoord>
        </edgeMap>
        <edgeMap>
          <xCoord>157</xCoord>
          <yCoord>229</yCoord>

        </edgeMap>
        <edgeMap>
          <xCoord>157</xCoord>
          <yCoord>228</yCoord>
        </edgeMap>
        <edgeMap>
          <xCoord>158</xCoord>

          <yCoord>227</yCoord>
        </edgeMap>
        <edgeMap>
          <xCoord>159</xCoord>
          <yCoord>226</yCoord>
        </edgeMap>
        <edgeMap>

          <xCoord>160</xCoord>
          <yCoord>225</yCoord>
        </edgeMap>
        <edgeMap>
          <xCoord>160</xCoord>
          <yCoord>224</yCoord>
        </edgeMap>

        <edgeMap>
          <xCoord>161</xCoord>
          <yCoord>223</yCoord>
        </edgeMap>
        <edgeMap>
          <xCoord>160</xCoord>
          <yCoord>222</yCoord>

        </edgeMap>
        <edgeMap>
          <xCoord>160</xCoord>
          <yCoord>221</yCoord>
        </edgeMap>
        <edgeMap>
          <xCoord>159</xCoord>

          <yCoord>220</yCoord>
        </edgeMap>
        <edgeMap>
          <xCoord>158</xCoord>
          <yCoord>219</yCoord>
        </edgeMap>
        <edgeMap>

          <xCoord>157</xCoord>
          <yCoord>218</yCoord>
        </edgeMap>
        <edgeMap>
          <xCoord>157</xCoord>
          <yCoord>217</yCoord>
        </edgeMap>

        <edgeMap>
          <xCoord>156</xCoord>
          <yCoord>216</yCoord>
        </edgeMap>
        <edgeMap>
          <xCoord>155</xCoord>
          <yCoord>215</yCoord>

        </edgeMap>
        <edgeMap>
          <xCoord>154</xCoord>
          <yCoord>214</yCoord>
        </edgeMap>
        <edgeMap>
          <xCoord>153</xCoord>

          <yCoord>213</yCoord>
        </edgeMap>
        <edgeMap>
          <xCoord>152</xCoord>
          <yCoord>212</yCoord>
        </edgeMap>
        <edgeMap>

          <xCoord>151</xCoord>
          <yCoord>212</yCoord>
        </edgeMap>
        <edgeMap>
          <xCoord>150</xCoord>
          <yCoord>212</yCoord>
        </edgeMap>

        <edgeMap>
          <xCoord>149</xCoord>
          <yCoord>212</yCoord>
        </edgeMap>
        <edgeMap>
          <xCoord>148</xCoord>
          <yCoord>212</yCoord>

        </edgeMap>
        <edgeMap>
          <xCoord>147</xCoord>
          <yCoord>212</yCoord>
        </edgeMap>
        <edgeMap>
          <xCoord>146</xCoord>

          <yCoord>212</yCoord>
        </edgeMap>
        <edgeMap>
          <xCoord>145</xCoord>
          <yCoord>213</yCoord>
        </edgeMap>
        <edgeMap>

          <xCoord>144</xCoord>
          <yCoord>214</yCoord>
        </edgeMap>
        <edgeMap>
          <xCoord>143</xCoord>
          <yCoord>215</yCoord>
        </edgeMap>

        <edgeMap>
          <xCoord>142</xCoord>
          <yCoord>216</yCoord>
        </edgeMap>
        <edgeMap>
          <xCoord>141</xCoord>
          <yCoord>217</yCoord>

        </edgeMap>
        <edgeMap>
          <xCoord>141</xCoord>
          <yCoord>218</yCoord>
        </edgeMap>
        <edgeMap>
          <xCoord>141</xCoord>

          <yCoord>219</yCoord>
        </edgeMap>
        <edgeMap>
          <xCoord>140</xCoord>
          <yCoord>220</yCoord>
        </edgeMap>
        <edgeMap>

          <xCoord>140</xCoord>
          <yCoord>221</yCoord>
        </edgeMap>
        <edgeMap>
          <xCoord>141</xCoord>
          <yCoord>222</yCoord>
        </edgeMap>

        <edgeMap>
          <xCoord>141</xCoord>
          <yCoord>223</yCoord>
        </edgeMap>
        <edgeMap>
          <xCoord>142</xCoord>
          <yCoord>224</yCoord>

        </edgeMap>
        <edgeMap>
          <xCoord>142</xCoord>
          <yCoord>225</yCoord>
        </edgeMap>
        <edgeMap>
          <xCoord>142</xCoord>

          <yCoord>226</yCoord>
        </edgeMap>
        <edgeMap>
          <xCoord>143</xCoord>
          <yCoord>227</yCoord>
        </edgeMap>
        <edgeMap>

          <xCoord>143</xCoord>
          <yCoord>228</yCoord>
        </edgeMap>
        <edgeMap>
          <xCoord>144</xCoord>
          <yCoord>229</yCoord>
        </edgeMap>

        <edgeMap>
          <xCoord>145</xCoord>
          <yCoord>230</yCoord>
        </edgeMap>
        <edgeMap>
          <xCoord>146</xCoord>
          <yCoord>231</yCoord>

        </edgeMap>
        <edgeMap>
          <xCoord>147</xCoord>
          <yCoord>232</yCoord>
        </edgeMap>
        <edgeMap>
          <xCoord>148</xCoord>

          <yCoord>233</yCoord>
        </edgeMap>
        <edgeMap>
          <xCoord>149</xCoord>
          <yCoord>234</yCoord>
        </edgeMap>
        <edgeMap>

          <xCoord>150</xCoord>
          <yCoord>234</yCoord>
        </edgeMap>
      </roi>
    </unblindedReadNodule>
    <unblindedReadNodule>
      <noduleID>134867</noduleID>

      <roi>
        <imageZposition>1462.0</imageZposition>
        <imageSOP_UID>1.3.6.1.4.1.14519.5.2.1.6279.6001.209065125141968928514595976380</imageSOP_UID>
        <inclusion>TRUE</inclusion>
        <edgeMap>
          <xCoord>73</xCoord>
          <yCoord>299</yCoord>

        </edgeMap>
      </roi>
    </unblindedReadNodule>
    <unblindedReadNodule>
      <noduleID>134865</noduleID>
      <roi>
        <imageZposition>1495.0</imageZposition>
        <imageSOP_UID>1.3.6.1.4.1.14519.5.2.1.6279.6001.102837826283666649778724995863</imageSOP_UID>

        <inclusion>TRUE</inclusion>
        <edgeMap>
          <xCoord>407</xCoord>
          <yCoord>181</yCoord>
        </edgeMap>
      </roi>
    </unblindedReadNodule>

    <unblindedReadNodule>
      <noduleID>134870</noduleID>
      <roi>
        <imageZposition>1552.0</imageZposition>
        <imageSOP_UID>1.3.6.1.4.1.14519.5.2.1.6279.6001.524860794831349039117442259848</imageSOP_UID>
        <inclusion>TRUE</inclusion>
        <edgeMap>

          <xCoord>114</xCoord>
          <yCoord>193</yCoord>
        </edgeMap>
      </roi>
    </unblindedReadNodule>
    <unblindedReadNodule>
      <noduleID>134871</noduleID>

      <roi>
        <imageZposition>1420.0</imageZposition>
        <imageSOP_UID>1.3.6.1.4.1.14519.5.2.1.6279.6001.335630269194314203637668408570</imageSOP_UID>
        <inclusion>TRUE</inclusion>
        <edgeMap>
          <xCoord>110</xCoord>
          <yCoord>168</yCoord>

        </edgeMap>
      </roi>
    </unblindedReadNodule>
  </readingSession>








<readingSession>
<annotationVersion>3.12</annotationVersion>
<servicingRadiologistID>anon</servicingRadiologistID>
<unblindedReadNodule>

<noduleID>17360</noduleID>
<roi>
<imageZposition>1552.0</imageZposition>
<imageSOP_UID>1.3.6.1.4.1.14519.5.2.1.6279.6001.524860794831349039117442259848</imageSOP_UID>
<inclusion>TRUE</inclusion>
<edgeMap>
<xCoord>114</xCoord>
<yCoord>193</yCoord>
</edgeMap>
</roi>
</unblindedReadNodule>

<unblindedReadNodule>
<noduleID>17361</noduleID>
<roi>
<imageZposition>1420.0</imageZposition>
<imageSOP_UID>1.3.6.1.4.1.14519.5.2.1.6279.6001.335630269194314203637668408570</imageSOP_UID>
<inclusion>TRUE</inclusion>
<edgeMap>
<xCoord>110</xCoord>
<yCoord>168</yCoord>
</edgeMap>
</roi>

</unblindedReadNodule>
<unblindedReadNodule>
<noduleID>17350</noduleID>
<characteristics>
<subtlety>5</subtlety>
<internalStructure>1</internalStructure>
<calcification>6</calcification>
<sphericity>5</sphericity>
<margin>4</margin>
<lobulation>1</lobulation>

<spiculation>1</spiculation>
<texture>5</texture>
<malignancy>5</malignancy>
</characteristics>
<roi>
<imageZposition>1480.0</imageZposition>
<imageSOP_UID>1.3.6.1.4.1.14519.5.2.1.6279.6001.216864205672674114890245830306</imageSOP_UID>
<inclusion>TRUE</inclusion>
<edgeMap>
<xCoord>155</xCoord>

<yCoord>231</yCoord>
</edgeMap>
<edgeMap>
<xCoord>156</xCoord>
<yCoord>230</yCoord>
</edgeMap>
<edgeMap>
<xCoord>157</xCoord>
<yCoord>230</yCoord>
</edgeMap>
<edgeMap>
<xCoord>158</xCoord>

<yCoord>229</yCoord>
</edgeMap>
<edgeMap>
<xCoord>159</xCoord>
<yCoord>228</yCoord>
</edgeMap>
<edgeMap>
<xCoord>159</xCoord>
<yCoord>227</yCoord>
</edgeMap>
<edgeMap>
<xCoord>160</xCoord>

<yCoord>226</yCoord>
</edgeMap>
<edgeMap>
<xCoord>160</xCoord>
<yCoord>225</yCoord>
</edgeMap>
<edgeMap>
<xCoord>160</xCoord>
<yCoord>224</yCoord>
</edgeMap>
<edgeMap>
<xCoord>160</xCoord>

<yCoord>223</yCoord>
</edgeMap>
<edgeMap>
<xCoord>160</xCoord>
<yCoord>222</yCoord>
</edgeMap>
<edgeMap>
<xCoord>160</xCoord>
<yCoord>221</yCoord>
</edgeMap>
<edgeMap>
<xCoord>160</xCoord>

<yCoord>220</yCoord>
</edgeMap>
<edgeMap>
<xCoord>159</xCoord>
<yCoord>219</yCoord>
</edgeMap>
<edgeMap>
<xCoord>159</xCoord>
<yCoord>218</yCoord>
</edgeMap>
<edgeMap>
<xCoord>158</xCoord>

<yCoord>217</yCoord>
</edgeMap>
<edgeMap>
<xCoord>158</xCoord>
<yCoord>216</yCoord>
</edgeMap>
<edgeMap>
<xCoord>157</xCoord>
<yCoord>215</yCoord>
</edgeMap>
<edgeMap>
<xCoord>156</xCoord>

<yCoord>214</yCoord>
</edgeMap>
<edgeMap>
<xCoord>155</xCoord>
<yCoord>214</yCoord>
</edgeMap>
<edgeMap>
<xCoord>154</xCoord>
<yCoord>214</yCoord>
</edgeMap>
<edgeMap>
<xCoord>153</xCoord>

<yCoord>213</yCoord>
</edgeMap>
<edgeMap>
<xCoord>152</xCoord>
<yCoord>213</yCoord>
</edgeMap>
<edgeMap>
<xCoord>151</xCoord>
<yCoord>213</yCoord>
</edgeMap>
<edgeMap>
<xCoord>150</xCoord>

<yCoord>212</yCoord>
</edgeMap>
<edgeMap>
<xCoord>149</xCoord>
<yCoord>212</yCoord>
</edgeMap>
<edgeMap>
<xCoord>148</xCoord>
<yCoord>212</yCoord>
</edgeMap>
<edgeMap>
<xCoord>147</xCoord>

<yCoord>212</yCoord>
</edgeMap>
<edgeMap>
<xCoord>146</xCoord>
<yCoord>212</yCoord>
</edgeMap>
<edgeMap>
<xCoord>145</xCoord>
<yCoord>212</yCoord>
</edgeMap>
<edgeMap>
<xCoord>144</xCoord>

<yCoord>212</yCoord>
</edgeMap>
<edgeMap>
<xCoord>143</xCoord>
<yCoord>212</yCoord>
</edgeMap>
<edgeMap>
<xCoord>142</xCoord>
<yCoord>212</yCoord>
</edgeMap>
<edgeMap>
<xCoord>141</xCoord>

<yCoord>213</yCoord>
</edgeMap>
<edgeMap>
<xCoord>140</xCoord>
<yCoord>214</yCoord>
</edgeMap>
<edgeMap>
<xCoord>139</xCoord>
<yCoord>215</yCoord>
</edgeMap>
<edgeMap>
<xCoord>139</xCoord>

<yCoord>216</yCoord>
</edgeMap>
<edgeMap>
<xCoord>139</xCoord>
<yCoord>217</yCoord>
</edgeMap>
<edgeMap>
<xCoord>139</xCoord>
<yCoord>218</yCoord>
</edgeMap>
<edgeMap>
<xCoord>139</xCoord>

<yCoord>219</yCoord>
</edgeMap>
<edgeMap>
<xCoord>139</xCoord>
<yCoord>220</yCoord>
</edgeMap>
<edgeMap>
<xCoord>139</xCoord>
<yCoord>221</yCoord>
</edgeMap>
<edgeMap>
<xCoord>139</xCoord>

<yCoord>222</yCoord>
</edgeMap>
<edgeMap>
<xCoord>140</xCoord>
<yCoord>223</yCoord>
</edgeMap>
<edgeMap>
<xCoord>140</xCoord>
<yCoord>224</yCoord>
</edgeMap>
<edgeMap>
<xCoord>141</xCoord>

<yCoord>224</yCoord>
</edgeMap>
<edgeMap>
<xCoord>142</xCoord>
<yCoord>225</yCoord>
</edgeMap>
<edgeMap>
<xCoord>142</xCoord>
<yCoord>226</yCoord>
</edgeMap>
<edgeMap>
<xCoord>143</xCoord>

<yCoord>226</yCoord>
</edgeMap>
<edgeMap>
<xCoord>144</xCoord>
<yCoord>227</yCoord>
</edgeMap>
<edgeMap>
<xCoord>145</xCoord>
<yCoord>228</yCoord>
</edgeMap>
<edgeMap>
<xCoord>146</xCoord>

<yCoord>228</yCoord>
</edgeMap>
<edgeMap>
<xCoord>147</xCoord>
<yCoord>229</yCoord>
</edgeMap>
<edgeMap>
<xCoord>148</xCoord>
<yCoord>229</yCoord>
</edgeMap>
<edgeMap>
<xCoord>149</xCoord>

<yCoord>230</yCoord>
</edgeMap>
<edgeMap>
<xCoord>150</xCoord>
<yCoord>231</yCoord>
</edgeMap>
<edgeMap>
<xCoord>151</xCoord>
<yCoord>231</yCoord>
</edgeMap>
<edgeMap>
<xCoord>152</xCoord>

<yCoord>231</yCoord>
</edgeMap>
<edgeMap>
<xCoord>153</xCoord>
<yCoord>231</yCoord>
</edgeMap>
<edgeMap>
<xCoord>154</xCoord>
<yCoord>231</yCoord>
</edgeMap>
<edgeMap>
<xCoord>155</xCoord>

<yCoord>231</yCoord>
</edgeMap>
</roi>
<roi>
<imageZposition>1477.0</imageZposition>
<imageSOP_UID>1.3.6.1.4.1.14519.5.2.1.6279.6001.100482828460384774332535661095</imageSOP_UID>
<inclusion>TRUE</inclusion>
<edgeMap>
<xCoord>153</xCoord>
<yCoord>231</yCoord>
</edgeMap>

<edgeMap>
<xCoord>154</xCoord>
<yCoord>230</yCoord>
</edgeMap>
<edgeMap>
<xCoord>155</xCoord>
<yCoord>230</yCoord>
</edgeMap>
<edgeMap>
<xCoord>156</xCoord>
<yCoord>230</yCoord>

</edgeMap>
<edgeMap>
<xCoord>157</xCoord>
<yCoord>230</yCoord>
</edgeMap>
<edgeMap>
<xCoord>158</xCoord>
<yCoord>229</yCoord>
</edgeMap>
<edgeMap>
<xCoord>159</xCoord>
<yCoord>228</yCoord>

</edgeMap>
<edgeMap>
<xCoord>160</xCoord>
<yCoord>227</yCoord>
</edgeMap>
<edgeMap>
<xCoord>161</xCoord>
<yCoord>227</yCoord>
</edgeMap>
<edgeMap>
<xCoord>161</xCoord>
<yCoord>226</yCoord>

</edgeMap>
<edgeMap>
<xCoord>161</xCoord>
<yCoord>225</yCoord>
</edgeMap>
<edgeMap>
<xCoord>161</xCoord>
<yCoord>224</yCoord>
</edgeMap>
<edgeMap>
<xCoord>161</xCoord>
<yCoord>223</yCoord>

</edgeMap>
<edgeMap>
<xCoord>161</xCoord>
<yCoord>222</yCoord>
</edgeMap>
<edgeMap>
<xCoord>161</xCoord>
<yCoord>221</yCoord>
</edgeMap>
<edgeMap>
<xCoord>161</xCoord>
<yCoord>220</yCoord>

</edgeMap>
<edgeMap>
<xCoord>160</xCoord>
<yCoord>219</yCoord>
</edgeMap>
<edgeMap>
<xCoord>159</xCoord>
<yCoord>218</yCoord>
</edgeMap>
<edgeMap>
<xCoord>159</xCoord>
<yCoord>217</yCoord>

</edgeMap>
<edgeMap>
<xCoord>158</xCoord>
<yCoord>216</yCoord>
</edgeMap>
<edgeMap>
<xCoord>157</xCoord>
<yCoord>215</yCoord>
</edgeMap>
<edgeMap>
<xCoord>156</xCoord>
<yCoord>215</yCoord>

</edgeMap>
<edgeMap>
<xCoord>155</xCoord>
<yCoord>214</yCoord>
</edgeMap>
<edgeMap>
<xCoord>154</xCoord>
<yCoord>213</yCoord>
</edgeMap>
<edgeMap>
<xCoord>153</xCoord>
<yCoord>212</yCoord>

</edgeMap>
<edgeMap>
<xCoord>152</xCoord>
<yCoord>212</yCoord>
</edgeMap>
<edgeMap>
<xCoord>151</xCoord>
<yCoord>211</yCoord>
</edgeMap>
<edgeMap>
<xCoord>150</xCoord>
<yCoord>211</yCoord>

</edgeMap>
<edgeMap>
<xCoord>149</xCoord>
<yCoord>211</yCoord>
</edgeMap>
<edgeMap>
<xCoord>148</xCoord>
<yCoord>211</yCoord>
</edgeMap>
<edgeMap>
<xCoord>147</xCoord>
<yCoord>211</yCoord>

</edgeMap>
<edgeMap>
<xCoord>146</xCoord>
<yCoord>211</yCoord>
</edgeMap>
<edgeMap>
<xCoord>145</xCoord>
<yCoord>212</yCoord>
</edgeMap>
<edgeMap>
<xCoord>144</xCoord>
<yCoord>212</yCoord>

</edgeMap>
<edgeMap>
<xCoord>143</xCoord>
<yCoord>212</yCoord>
</edgeMap>
<edgeMap>
<xCoord>142</xCoord>
<yCoord>212</yCoord>
</edgeMap>
<edgeMap>
<xCoord>141</xCoord>
<yCoord>213</yCoord>

</edgeMap>
<edgeMap>
<xCoord>140</xCoord>
<yCoord>214</yCoord>
</edgeMap>
<edgeMap>
<xCoord>139</xCoord>
<yCoord>215</yCoord>
</edgeMap>
<edgeMap>
<xCoord>139</xCoord>
<yCoord>216</yCoord>

</edgeMap>
<edgeMap>
<xCoord>139</xCoord>
<yCoord>217</yCoord>
</edgeMap>
<edgeMap>
<xCoord>138</xCoord>
<yCoord>218</yCoord>
</edgeMap>
<edgeMap>
<xCoord>138</xCoord>
<yCoord>219</yCoord>

</edgeMap>
<edgeMap>
<xCoord>138</xCoord>
<yCoord>220</yCoord>
</edgeMap>
<edgeMap>
<xCoord>138</xCoord>
<yCoord>221</yCoord>
</edgeMap>
<edgeMap>
<xCoord>138</xCoord>
<yCoord>222</yCoord>

</edgeMap>
<edgeMap>
<xCoord>138</xCoord>
<yCoord>223</yCoord>
</edgeMap>
<edgeMap>
<xCoord>139</xCoord>
<yCoord>224</yCoord>
</edgeMap>
<edgeMap>
<xCoord>139</xCoord>
<yCoord>225</yCoord>

</edgeMap>
<edgeMap>
<xCoord>139</xCoord>
<yCoord>226</yCoord>
</edgeMap>
<edgeMap>
<xCoord>140</xCoord>
<yCoord>227</yCoord>
</edgeMap>
<edgeMap>
<xCoord>141</xCoord>
<yCoord>228</yCoord>

</edgeMap>
<edgeMap>
<xCoord>142</xCoord>
<yCoord>229</yCoord>
</edgeMap>
<edgeMap>
<xCoord>143</xCoord>
<yCoord>230</yCoord>
</edgeMap>
<edgeMap>
<xCoord>144</xCoord>
<yCoord>230</yCoord>

</edgeMap>
<edgeMap>
<xCoord>145</xCoord>
<yCoord>231</yCoord>
</edgeMap>
<edgeMap>
<xCoord>146</xCoord>
<yCoord>231</yCoord>
</edgeMap>
<edgeMap>
<xCoord>147</xCoord>
<yCoord>231</yCoord>

</edgeMap>
<edgeMap>
<xCoord>148</xCoord>
<yCoord>231</yCoord>
</edgeMap>
<edgeMap>
<xCoord>149</xCoord>
<yCoord>231</yCoord>
</edgeMap>
<edgeMap>
<xCoord>150</xCoord>
<yCoord>231</yCoord>

</edgeMap>
<edgeMap>
<xCoord>151</xCoord>
<yCoord>231</yCoord>
</edgeMap>
<edgeMap>
<xCoord>152</xCoord>
<yCoord>231</yCoord>
</edgeMap>
<edgeMap>
<xCoord>153</xCoord>
<yCoord>231</yCoord>

</edgeMap>
</roi>
<roi>
<imageZposition>1474.0</imageZposition>
<imageSOP_UID>1.3.6.1.4.1.14519.5.2.1.6279.6001.286676029556154559711911710165</imageSOP_UID>
<inclusion>TRUE</inclusion>
<edgeMap>
<xCoord>154</xCoord>
<yCoord>232</yCoord>
</edgeMap>
<edgeMap>
<xCoord>155</xCoord>

<yCoord>231</yCoord>
</edgeMap>
<edgeMap>
<xCoord>156</xCoord>
<yCoord>230</yCoord>
</edgeMap>
<edgeMap>
<xCoord>157</xCoord>
<yCoord>229</yCoord>
</edgeMap>
<edgeMap>
<xCoord>158</xCoord>

<yCoord>228</yCoord>
</edgeMap>
<edgeMap>
<xCoord>159</xCoord>
<yCoord>228</yCoord>
</edgeMap>
<edgeMap>
<xCoord>160</xCoord>
<yCoord>227</yCoord>
</edgeMap>
<edgeMap>
<xCoord>160</xCoord>

<yCoord>226</yCoord>
</edgeMap>
<edgeMap>
<xCoord>161</xCoord>
<yCoord>225</yCoord>
</edgeMap>
<edgeMap>
<xCoord>161</xCoord>
<yCoord>224</yCoord>
</edgeMap>
<edgeMap>
<xCoord>161</xCoord>

<yCoord>223</yCoord>
</edgeMap>
<edgeMap>
<xCoord>161</xCoord>
<yCoord>222</yCoord>
</edgeMap>
<edgeMap>
<xCoord>161</xCoord>
<yCoord>221</yCoord>
</edgeMap>
<edgeMap>
<xCoord>161</xCoord>

<yCoord>220</yCoord>
</edgeMap>
<edgeMap>
<xCoord>161</xCoord>
<yCoord>219</yCoord>
</edgeMap>
<edgeMap>
<xCoord>160</xCoord>
<yCoord>218</yCoord>
</edgeMap>
<edgeMap>
<xCoord>159</xCoord>

<yCoord>217</yCoord>
</edgeMap>
<edgeMap>
<xCoord>158</xCoord>
<yCoord>216</yCoord>
</edgeMap>
<edgeMap>
<xCoord>157</xCoord>
<yCoord>215</yCoord>
</edgeMap>
<edgeMap>
<xCoord>156</xCoord>

<yCoord>214</yCoord>
</edgeMap>
<edgeMap>
<xCoord>156</xCoord>
<yCoord>213</yCoord>
</edgeMap>
<edgeMap>
<xCoord>155</xCoord>
<yCoord>212</yCoord>
</edgeMap>
<edgeMap>
<xCoord>154</xCoord>

<yCoord>211</yCoord>
</edgeMap>
<edgeMap>
<xCoord>153</xCoord>
<yCoord>211</yCoord>
</edgeMap>
<edgeMap>
<xCoord>152</xCoord>
<yCoord>210</yCoord>
</edgeMap>
<edgeMap>
<xCoord>151</xCoord>

<yCoord>210</yCoord>
</edgeMap>
<edgeMap>
<xCoord>150</xCoord>
<yCoord>210</yCoord>
</edgeMap>
<edgeMap>
<xCoord>149</xCoord>
<yCoord>211</yCoord>
</edgeMap>
<edgeMap>
<xCoord>148</xCoord>

<yCoord>211</yCoord>
</edgeMap>
<edgeMap>
<xCoord>147</xCoord>
<yCoord>211</yCoord>
</edgeMap>
<edgeMap>
<xCoord>146</xCoord>
<yCoord>211</yCoord>
</edgeMap>
<edgeMap>
<xCoord>145</xCoord>

<yCoord>211</yCoord>
</edgeMap>
<edgeMap>
<xCoord>144</xCoord>
<yCoord>211</yCoord>
</edgeMap>
<edgeMap>
<xCoord>144</xCoord>
<yCoord>212</yCoord>
</edgeMap>
<edgeMap>
<xCoord>143</xCoord>

<yCoord>213</yCoord>
</edgeMap>
<edgeMap>
<xCoord>142</xCoord>
<yCoord>213</yCoord>
</edgeMap>
<edgeMap>
<xCoord>141</xCoord>
<yCoord>214</yCoord>
</edgeMap>
<edgeMap>
<xCoord>140</xCoord>

<yCoord>215</yCoord>
</edgeMap>
<edgeMap>
<xCoord>139</xCoord>
<yCoord>216</yCoord>
</edgeMap>
<edgeMap>
<xCoord>138</xCoord>
<yCoord>217</yCoord>
</edgeMap>
<edgeMap>
<xCoord>138</xCoord>

<yCoord>218</yCoord>
</edgeMap>
<edgeMap>
<xCoord>138</xCoord>
<yCoord>219</yCoord>
</edgeMap>
<edgeMap>
<xCoord>138</xCoord>
<yCoord>220</yCoord>
</edgeMap>
<edgeMap>
<xCoord>138</xCoord>

<yCoord>221</yCoord>
</edgeMap>
<edgeMap>
<xCoord>138</xCoord>
<yCoord>222</yCoord>
</edgeMap>
<edgeMap>
<xCoord>139</xCoord>
<yCoord>223</yCoord>
</edgeMap>
<edgeMap>
<xCoord>139</xCoord>

<yCoord>224</yCoord>
</edgeMap>
<edgeMap>
<xCoord>139</xCoord>
<yCoord>225</yCoord>
</edgeMap>
<edgeMap>
<xCoord>140</xCoord>
<yCoord>225</yCoord>
</edgeMap>
<edgeMap>
<xCoord>141</xCoord>

<yCoord>226</yCoord>
</edgeMap>
<edgeMap>
<xCoord>141</xCoord>
<yCoord>227</yCoord>
</edgeMap>
<edgeMap>
<xCoord>141</xCoord>
<yCoord>228</yCoord>
</edgeMap>
<edgeMap>
<xCoord>141</xCoord>

<yCoord>229</yCoord>
</edgeMap>
<edgeMap>
<xCoord>142</xCoord>
<yCoord>229</yCoord>
</edgeMap>
<edgeMap>
<xCoord>143</xCoord>
<yCoord>230</yCoord>
</edgeMap>
<edgeMap>
<xCoord>144</xCoord>

<yCoord>230</yCoord>
</edgeMap>
<edgeMap>
<xCoord>145</xCoord>
<yCoord>231</yCoord>
</edgeMap>
<edgeMap>
<xCoord>146</xCoord>
<yCoord>232</yCoord>
</edgeMap>
<edgeMap>
<xCoord>147</xCoord>

<yCoord>232</yCoord>
</edgeMap>
<edgeMap>
<xCoord>148</xCoord>
<yCoord>232</yCoord>
</edgeMap>
<edgeMap>
<xCoord>149</xCoord>
<yCoord>232</yCoord>
</edgeMap>
<edgeMap>
<xCoord>150</xCoord>

<yCoord>232</yCoord>
</edgeMap>
<edgeMap>
<xCoord>151</xCoord>
<yCoord>232</yCoord>
</edgeMap>
<edgeMap>
<xCoord>152</xCoord>
<yCoord>232</yCoord>
</edgeMap>
<edgeMap>
<xCoord>153</xCoord>

<yCoord>232</yCoord>
</edgeMap>
<edgeMap>
<xCoord>154</xCoord>
<yCoord>232</yCoord>
</edgeMap>
</roi>
<roi>
<imageZposition>1471.0</imageZposition>
<imageSOP_UID>1.3.6.1.4.1.14519.5.2.1.6279.6001.379575951541752169277764604474</imageSOP_UID>
<inclusion>TRUE</inclusion>

<edgeMap>
<xCoord>151</xCoord>
<yCoord>234</yCoord>
</edgeMap>
<edgeMap>
<xCoord>152</xCoord>
<yCoord>233</yCoord>
</edgeMap>
<edgeMap>
<xCoord>153</xCoord>
<yCoord>233</yCoord>

</edgeMap>
<edgeMap>
<xCoord>154</xCoord>
<yCoord>232</yCoord>
</edgeMap>
<edgeMap>
<xCoord>155</xCoord>
<yCoord>231</yCoord>
</edgeMap>
<edgeMap>
<xCoord>156</xCoord>
<yCoord>230</yCoord>

</edgeMap>
<edgeMap>
<xCoord>157</xCoord>
<yCoord>229</yCoord>
</edgeMap>
<edgeMap>
<xCoord>158</xCoord>
<yCoord>229</yCoord>
</edgeMap>
<edgeMap>
<xCoord>159</xCoord>
<yCoord>228</yCoord>

</edgeMap>
<edgeMap>
<xCoord>159</xCoord>
<yCoord>227</yCoord>
</edgeMap>
<edgeMap>
<xCoord>159</xCoord>
<yCoord>226</yCoord>
</edgeMap>
<edgeMap>
<xCoord>159</xCoord>
<yCoord>225</yCoord>

</edgeMap>
<edgeMap>
<xCoord>159</xCoord>
<yCoord>224</yCoord>
</edgeMap>
<edgeMap>
<xCoord>159</xCoord>
<yCoord>223</yCoord>
</edgeMap>
<edgeMap>
<xCoord>159</xCoord>
<yCoord>222</yCoord>

</edgeMap>
<edgeMap>
<xCoord>159</xCoord>
<yCoord>221</yCoord>
</edgeMap>
<edgeMap>
<xCoord>159</xCoord>
<yCoord>220</yCoord>
</edgeMap>
<edgeMap>
<xCoord>158</xCoord>
<yCoord>219</yCoord>

</edgeMap>
<edgeMap>
<xCoord>158</xCoord>
<yCoord>218</yCoord>
</edgeMap>
<edgeMap>
<xCoord>157</xCoord>
<yCoord>217</yCoord>
</edgeMap>
<edgeMap>
<xCoord>157</xCoord>
<yCoord>216</yCoord>

</edgeMap>
<edgeMap>
<xCoord>156</xCoord>
<yCoord>216</yCoord>
</edgeMap>
<edgeMap>
<xCoord>155</xCoord>
<yCoord>215</yCoord>
</edgeMap>
<edgeMap>
<xCoord>155</xCoord>
<yCoord>214</yCoord>

</edgeMap>
<edgeMap>
<xCoord>154</xCoord>
<yCoord>213</yCoord>
</edgeMap>
<edgeMap>
<xCoord>153</xCoord>
<yCoord>212</yCoord>
</edgeMap>
<edgeMap>
<xCoord>152</xCoord>
<yCoord>211</yCoord>

</edgeMap>
<edgeMap>
<xCoord>151</xCoord>
<yCoord>211</yCoord>
</edgeMap>
<edgeMap>
<xCoord>150</xCoord>
<yCoord>211</yCoord>
</edgeMap>
<edgeMap>
<xCoord>149</xCoord>
<yCoord>211</yCoord>

</edgeMap>
<edgeMap>
<xCoord>148</xCoord>
<yCoord>211</yCoord>
</edgeMap>
<edgeMap>
<xCoord>147</xCoord>
<yCoord>211</yCoord>
</edgeMap>
<edgeMap>
<xCoord>146</xCoord>
<yCoord>211</yCoord>

</edgeMap>
<edgeMap>
<xCoord>145</xCoord>
<yCoord>212</yCoord>
</edgeMap>
<edgeMap>
<xCoord>144</xCoord>
<yCoord>213</yCoord>
</edgeMap>
<edgeMap>
<xCoord>143</xCoord>
<yCoord>214</yCoord>

</edgeMap>
<edgeMap>
<xCoord>142</xCoord>
<yCoord>215</yCoord>
</edgeMap>
<edgeMap>
<xCoord>141</xCoord>
<yCoord>216</yCoord>
</edgeMap>
<edgeMap>
<xCoord>140</xCoord>
<yCoord>217</yCoord>

</edgeMap>
<edgeMap>
<xCoord>139</xCoord>
<yCoord>218</yCoord>
</edgeMap>
<edgeMap>
<xCoord>139</xCoord>
<yCoord>219</yCoord>
</edgeMap>
<edgeMap>
<xCoord>139</xCoord>
<yCoord>220</yCoord>

</edgeMap>
<edgeMap>
<xCoord>139</xCoord>
<yCoord>221</yCoord>
</edgeMap>
<edgeMap>
<xCoord>140</xCoord>
<yCoord>222</yCoord>
</edgeMap>
<edgeMap>
<xCoord>140</xCoord>
<yCoord>223</yCoord>

</edgeMap>
<edgeMap>
<xCoord>140</xCoord>
<yCoord>224</yCoord>
</edgeMap>
<edgeMap>
<xCoord>141</xCoord>
<yCoord>225</yCoord>
</edgeMap>
<edgeMap>
<xCoord>141</xCoord>
<yCoord>226</yCoord>

</edgeMap>
<edgeMap>
<xCoord>142</xCoord>
<yCoord>226</yCoord>
</edgeMap>
<edgeMap>
<xCoord>143</xCoord>
<yCoord>227</yCoord>
</edgeMap>
<edgeMap>
<xCoord>143</xCoord>
<yCoord>228</yCoord>

</edgeMap>
<edgeMap>
<xCoord>144</xCoord>
<yCoord>229</yCoord>
</edgeMap>
<edgeMap>
<xCoord>144</xCoord>
<yCoord>230</yCoord>
</edgeMap>
<edgeMap>
<xCoord>145</xCoord>
<yCoord>230</yCoord>

</edgeMap>
<edgeMap>
<xCoord>146</xCoord>
<yCoord>231</yCoord>
</edgeMap>
<edgeMap>
<xCoord>146</xCoord>
<yCoord>232</yCoord>
</edgeMap>
<edgeMap>
<xCoord>147</xCoord>
<yCoord>232</yCoord>

</edgeMap>
<edgeMap>
<xCoord>148</xCoord>
<yCoord>232</yCoord>
</edgeMap>
<edgeMap>
<xCoord>149</xCoord>
<yCoord>233</yCoord>
</edgeMap>
<edgeMap>
<xCoord>150</xCoord>
<yCoord>234</yCoord>

</edgeMap>
<edgeMap>
<xCoord>151</xCoord>
<yCoord>234</yCoord>
</edgeMap>
</roi>
<roi>
<imageZposition>1468.0</imageZposition>
<imageSOP_UID>1.3.6.1.4.1.14519.5.2.1.6279.6001.604521999477466177678922865851</imageSOP_UID>
<inclusion>TRUE</inclusion>
<edgeMap>
<xCoord>150</xCoord>

<yCoord>226</yCoord>
</edgeMap>
<edgeMap>
<xCoord>151</xCoord>
<yCoord>225</yCoord>
</edgeMap>
<edgeMap>
<xCoord>152</xCoord>
<yCoord>224</yCoord>
</edgeMap>
<edgeMap>
<xCoord>153</xCoord>

<yCoord>223</yCoord>
</edgeMap>
<edgeMap>
<xCoord>154</xCoord>
<yCoord>222</yCoord>
</edgeMap>
<edgeMap>
<xCoord>154</xCoord>
<yCoord>221</yCoord>
</edgeMap>
<edgeMap>
<xCoord>155</xCoord>

<yCoord>220</yCoord>
</edgeMap>
<edgeMap>
<xCoord>155</xCoord>
<yCoord>219</yCoord>
</edgeMap>
<edgeMap>
<xCoord>155</xCoord>
<yCoord>218</yCoord>
</edgeMap>
<edgeMap>
<xCoord>154</xCoord>

<yCoord>217</yCoord>
</edgeMap>
<edgeMap>
<xCoord>153</xCoord>
<yCoord>217</yCoord>
</edgeMap>
<edgeMap>
<xCoord>152</xCoord>
<yCoord>217</yCoord>
</edgeMap>
<edgeMap>
<xCoord>151</xCoord>

<yCoord>216</yCoord>
</edgeMap>
<edgeMap>
<xCoord>150</xCoord>
<yCoord>216</yCoord>
</edgeMap>
<edgeMap>
<xCoord>149</xCoord>
<yCoord>216</yCoord>
</edgeMap>
<edgeMap>
<xCoord>148</xCoord>

<yCoord>217</yCoord>
</edgeMap>
<edgeMap>
<xCoord>147</xCoord>
<yCoord>217</yCoord>
</edgeMap>
<edgeMap>
<xCoord>147</xCoord>
<yCoord>218</yCoord>
</edgeMap>
<edgeMap>
<xCoord>147</xCoord>

<yCoord>219</yCoord>
</edgeMap>
<edgeMap>
<xCoord>148</xCoord>
<yCoord>220</yCoord>
</edgeMap>
<edgeMap>
<xCoord>147</xCoord>
<yCoord>221</yCoord>
</edgeMap>
<edgeMap>
<xCoord>147</xCoord>

<yCoord>222</yCoord>
</edgeMap>
<edgeMap>
<xCoord>148</xCoord>
<yCoord>223</yCoord>
</edgeMap>
<edgeMap>
<xCoord>148</xCoord>
<yCoord>224</yCoord>
</edgeMap>
<edgeMap>
<xCoord>149</xCoord>

<yCoord>225</yCoord>
</edgeMap>
<edgeMap>
<xCoord>150</xCoord>
<yCoord>226</yCoord>
</edgeMap>
</roi>
</unblindedReadNodule>
<unblindedReadNodule>
<noduleID>17354</noduleID>
<roi>
<imageZposition>1495.0</imageZposition>

<imageSOP_UID>1.3.6.1.4.1.14519.5.2.1.6279.6001.102837826283666649778724995863</imageSOP_UID>
<inclusion>TRUE</inclusion>
<edgeMap>
<xCoord>407</xCoord>
<yCoord>181</yCoord>
</edgeMap>
</roi>
</unblindedReadNodule>
<unblindedReadNodule>
<noduleID>17356</noduleID>
<roi>
<imageZposition>1462.0</imageZposition>

<imageSOP_UID>1.3.6.1.4.1.14519.5.2.1.6279.6001.209065125141968928514595976380</imageSOP_UID>
<inclusion>TRUE</inclusion>
<edgeMap>
<xCoord>72</xCoord>
<yCoord>299</yCoord>
</edgeMap>
</roi>
</unblindedReadNodule>
<unblindedReadNodule>
<noduleID>17359</noduleID>
<roi>
<imageZposition>1423.0</imageZposition>

<imageSOP_UID>1.3.6.1.4.1.14519.5.2.1.6279.6001.143381049544371761855826423581</imageSOP_UID>
<inclusion>TRUE</inclusion>
<edgeMap>
<xCoord>225</xCoord>
<yCoord>275</yCoord>
</edgeMap>
</roi>
</unblindedReadNodule>
</readingSession>








	<readingSession>
		<annotationVersion>3.12</annotationVersion>
		<servicingRadiologistID>anon</servicingRadiologistID>
			<unblindedReadNodule>
				<noduleID>0</noduleID>
				<characteristics>
					<subtlety>3</subtlety>
					<internalStructure>1</internalStructure>
					<calcification>6</calcification>
					<sphericity>5</sphericity>
					<margin>5</margin>
					<lobulation>1</lobulation>
					<spiculation>1</spiculation>
					<texture>5</texture>
					<malignancy>2</malignancy>
				</characteristics>
				<roi>
					<imageZposition>1480.0</imageZposition>
					<imageSOP_UID>1.3.6.1.4.1.14519.5.2.1.6279.6001.216864205672674114890245830306</imageSOP_UID>
					<inclusion>TRUE</inclusion>
					<edgeMap>
					<xCoord>140</xCoord>
					<yCoord>219</yCoord>
					</edgeMap>
					<edgeMap>
					<xCoord>140</xCoord>
					<yCoord>218</yCoord>
					</edgeMap>
					<edgeMap>
					<xCoord>140</xCoord>
					<yCoord>217</yCoord>
					</edgeMap>
					<edgeMap>
					<xCoord>140</xCoord>
					<yCoord>216</yCoord>
					</edgeMap>
					<edgeMap>
					<xCoord>140</xCoord>
					<yCoord>215</yCoord>
					</edgeMap>
					<edgeMap>
					<xCoord>140</xCoord>
					<yCoord>214</yCoord>
					</edgeMap>
					<edgeMap>
					<xCoord>141</xCoord>
					<yCoord>214</yCoord>
					</edgeMap>
					<edgeMap>
					<xCoord>142</xCoord>
					<yCoord>214</yCoord>
					</edgeMap>
					<edgeMap>
					<xCoord>142</xCoord>
					<yCoord>213</yCoord>
					</edgeMap>
					<edgeMap>
					<xCoord>143</xCoord>
					<yCoord>213</yCoord>
					</edgeMap>
					<edgeMap>
					<xCoord>144</xCoord>
					<yCoord>213</yCoord>
					</edgeMap>
					<edgeMap>
					<xCoord>145</xCoord>
					<yCoord>213</yCoord>
					</edgeMap>
					<edgeMap>
					<xCoord>145</xCoord>
					<yCoord>212</yCoord>
					</edgeMap>
					<edgeMap>
					<xCoord>146</xCoord>
					<yCoord>212</yCoord>
					</edgeMap>
					<edgeMap>
					<xCoord>147</xCoord>
					<yCoord>212</yCoord>
					</edgeMap>
					<edgeMap>
					<xCoord>148</xCoord>
					<yCoord>212</yCoord>
					</edgeMap>
					<edgeMap>
					<xCoord>149</xCoord>
					<yCoord>212</yCoord>
					</edgeMap>
					<edgeMap>
					<xCoord>150</xCoord>
					<yCoord>213</yCoord>
					</edgeMap>
					<edgeMap>
					<xCoord>151</xCoord>
					<yCoord>213</yCoord>
					</edgeMap>
					<edgeMap>
					<xCoord>152</xCoord>
					<yCoord>213</yCoord>
					</edgeMap>
					<edgeMap>
					<xCoord>153</xCoord>
					<yCoord>214</yCoord>
					</edgeMap>
					<edgeMap>
					<xCoord>154</xCoord>
					<yCoord>215</yCoord>
					</edgeMap>
					<edgeMap>
					<xCoord>155</xCoord>
					<yCoord>216</yCoord>
					</edgeMap>
					<edgeMap>
					<xCoord>156</xCoord>
					<yCoord>216</yCoord>
					</edgeMap>
					<edgeMap>
					<xCoord>157</xCoord>
					<yCoord>217</yCoord>
					</edgeMap>
					<edgeMap>
					<xCoord>158</xCoord>
					<yCoord>217</yCoord>
					</edgeMap>
					<edgeMap>
					<xCoord>159</xCoord>
					<yCoord>218</yCoord>
					</edgeMap>
					<edgeMap>
					<xCoord>160</xCoord>
					<yCoord>218</yCoord>
					</edgeMap>
					<edgeMap>
					<xCoord>160</xCoord>
					<yCoord>219</yCoord>
					</edgeMap>
					<edgeMap>
					<xCoord>161</xCoord>
					<yCoord>220</yCoord>
					</edgeMap>
					<edgeMap>
					<xCoord>160</xCoord>
					<yCoord>221</yCoord>
					</edgeMap>
					<edgeMap>
					<xCoord>160</xCoord>
					<yCoord>222</yCoord>
					</edgeMap>
					<edgeMap>
					<xCoord>160</xCoord>
					<yCoord>223</yCoord>
					</edgeMap>
					<edgeMap>
					<xCoord>160</xCoord>
					<yCoord>224</yCoord>
					</edgeMap>
					<edgeMap>
					<xCoord>160</xCoord>
					<yCoord>225</yCoord>
					</edgeMap>
					<edgeMap>
					<xCoord>160</xCoord>
					<yCoord>226</yCoord>
					</edgeMap>
					<edgeMap>
					<xCoord>159</xCoord>
					<yCoord>227</yCoord>
					</edgeMap>
					<edgeMap>
					<xCoord>158</xCoord>
					<yCoord>228</yCoord>
					</edgeMap>
					<edgeMap>
					<xCoord>157</xCoord>
					<yCoord>228</yCoord>
					</edgeMap>
					<edgeMap>
					<xCoord>156</xCoord>
					<yCoord>229</yCoord>
					</edgeMap>
					<edgeMap>
					<xCoord>155</xCoord>
					<yCoord>229</yCoord>
					</edgeMap>
					<edgeMap>
					<xCoord>154</xCoord>
					<yCoord>229</yCoord>
					</edgeMap>
					<edgeMap>
					<xCoord>153</xCoord>
					<yCoord>229</yCoord>
					</edgeMap>
					<edgeMap>
					<xCoord>152</xCoord>
					<yCoord>230</yCoord>
					</edgeMap>
					<edgeMap>
					<xCoord>151</xCoord>
					<yCoord>230</yCoord>
					</edgeMap>
					<edgeMap>
					<xCoord>150</xCoord>
					<yCoord>230</yCoord>
					</edgeMap>
					<edgeMap>
					<xCoord>149</xCoord>
					<yCoord>230</yCoord>
					</edgeMap>
					<edgeMap>
					<xCoord>148</xCoord>
					<yCoord>230</yCoord>
					</edgeMap>
					<edgeMap>
					<xCoord>147</xCoord>
					<yCoord>230</yCoord>
					</edgeMap>
					<edgeMap>
					<xCoord>146</xCoord>
					<yCoord>230</yCoord>
					</edgeMap>
					<edgeMap>
					<xCoord>145</xCoord>
					<yCoord>230</yCoord>
					</edgeMap>
					<edgeMap>
					<xCoord>144</xCoord>
					<yCoord>229</yCoord>
					</edgeMap>
					<edgeMap>
					<xCoord>143</xCoord>
					<yCoord>228</yCoord>
					</edgeMap>
					<edgeMap>
					<xCoord>143</xCoord>
					<yCoord>227</yCoord>
					</edgeMap>
					<edgeMap>
					<xCoord>142</xCoord>
					<yCoord>226</yCoord>
					</edgeMap>
					<edgeMap>
					<xCoord>141</xCoord>
					<yCoord>225</yCoord>
					</edgeMap>
					<edgeMap>
					<xCoord>141</xCoord>
					<yCoord>224</yCoord>
					</edgeMap>
					<edgeMap>
					<xCoord>141</xCoord>
					<yCoord>223</yCoord>
					</edgeMap>
					<edgeMap>
					<xCoord>140</xCoord>
					<yCoord>222</yCoord>
					</edgeMap>
					<edgeMap>
					<xCoord>140</xCoord>
					<yCoord>221</yCoord>
					</edgeMap>
					<edgeMap>
					<xCoord>140</xCoord>
					<yCoord>220</yCoord>
					</edgeMap>
					<edgeMap>
					<xCoord>140</xCoord>
					<yCoord>219</yCoord>
					</edgeMap>
				</roi>
				<roi>
					<imageZposition>1477.0</imageZposition>
					<imageSOP_UID>1.3.6.1.4.1.14519.5.2.1.6279.6001.100482828460384774332535661095</imageSOP_UID>
					<inclusion>TRUE</inclusion>
					<edgeMap>
					<xCoord>138</xCoord>
					<yCoord>221</yCoord>
					</edgeMap>
					<edgeMap>
					<xCoord>138</xCoord>
					<yCoord>220</yCoord>
					</edgeMap>
					<edgeMap>
					<xCoord>138</xCoord>
					<yCoord>219</yCoord>
					</edgeMap>
					<edgeMap>
					<xCoord>138</xCoord>
					<yCoord>218</yCoord>
					</edgeMap>
					<edgeMap>
					<xCoord>138</xCoord>
					<yCoord>217</yCoord>
					</edgeMap>
					<edgeMap>
					<xCoord>138</xCoord>
					<yCoord>216</yCoord>
					</edgeMap>
					<edgeMap>
					<xCoord>139</xCoord>
					<yCoord>215</yCoord>
					</edgeMap>
					<edgeMap>
					<xCoord>139</xCoord>
					<yCoord>214</yCoord>
					</edgeMap>
					<edgeMap>
					<xCoord>140</xCoord>
					<yCoord>214</yCoord>
					</edgeMap>
					<edgeMap>
					<xCoord>141</xCoord>
					<yCoord>214</yCoord>
					</edgeMap>
					<edgeMap>
					<xCoord>142</xCoord>
					<yCoord>214</yCoord>
					</edgeMap>
					<edgeMap>
					<xCoord>143</xCoord>
					<yCoord>213</yCoord>
					</edgeMap>
					<edgeMap>
					<xCoord>144</xCoord>
					<yCoord>213</yCoord>
					</edgeMap>
					<edgeMap>
					<xCoord>145</xCoord>
					<yCoord>212</yCoord>
					</edgeMap>
					<edgeMap>
					<xCoord>146</xCoord>
					<yCoord>212</yCoord>
					</edgeMap>
					<edgeMap>
					<xCoord>147</xCoord>
					<yCoord>212</yCoord>
					</edgeMap>
					<edgeMap>
					<xCoord>148</xCoord>
					<yCoord>212</yCoord>
					</edgeMap>
					<edgeMap>
					<xCoord>149</xCoord>
					<yCoord>212</yCoord>
					</edgeMap>
					<edgeMap>
					<xCoord>150</xCoord>
					<yCoord>212</yCoord>
					</edgeMap>
					<edgeMap>
					<xCoord>151</xCoord>
					<yCoord>212</yCoord>
					</edgeMap>
					<edgeMap>
					<xCoord>152</xCoord>
					<yCoord>212</yCoord>
					</edgeMap>
					<edgeMap>
					<xCoord>153</xCoord>
					<yCoord>212</yCoord>
					</edgeMap>
					<edgeMap>
					<xCoord>154</xCoord>
					<yCoord>212</yCoord>
					</edgeMap>
					<edgeMap>
					<xCoord>155</xCoord>
					<yCoord>213</yCoord>
					</edgeMap>
					<edgeMap>
					<xCoord>156</xCoord>
					<yCoord>213</yCoord>
					</edgeMap>
					<edgeMap>
					<xCoord>156</xCoord>
					<yCoord>214</yCoord>
					</edgeMap>
					<edgeMap>
					<xCoord>157</xCoord>
					<yCoord>214</yCoord>
					</edgeMap>
					<edgeMap>
					<xCoord>158</xCoord>
					<yCoord>215</yCoord>
					</edgeMap>
					<edgeMap>
					<xCoord>159</xCoord>
					<yCoord>215</yCoord>
					</edgeMap>
					<edgeMap>
					<xCoord>159</xCoord>
					<yCoord>216</yCoord>
					</edgeMap>
					<edgeMap>
					<xCoord>160</xCoord>
					<yCoord>217</yCoord>
					</edgeMap>
					<edgeMap>
					<xCoord>160</xCoord>
					<yCoord>218</yCoord>
					</edgeMap>
					<edgeMap>
					<xCoord>160</xCoord>
					<yCoord>219</yCoord>
					</edgeMap>
					<edgeMap>
					<xCoord>161</xCoord>
					<yCoord>220</yCoord>
					</edgeMap>
					<edgeMap>
					<xCoord>161</xCoord>
					<yCoord>221</yCoord>
					</edgeMap>
					<edgeMap>
					<xCoord>161</xCoord>
					<yCoord>222</yCoord>
					</edgeMap>
					<edgeMap>
					<xCoord>161</xCoord>
					<yCoord>223</yCoord>
					</edgeMap>
					<edgeMap>
					<xCoord>161</xCoord>
					<yCoord>224</yCoord>
					</edgeMap>
					<edgeMap>
					<xCoord>160</xCoord>
					<yCoord>225</yCoord>
					</edgeMap>
					<edgeMap>
					<xCoord>161</xCoord>
					<yCoord>225</yCoord>
					</edgeMap>
					<edgeMap>
					<xCoord>161</xCoord>
					<yCoord>226</yCoord>
					</edgeMap>
					<edgeMap>
					<xCoord>160</xCoord>
					<yCoord>227</yCoord>
					</edgeMap>
					<edgeMap>
					<xCoord>160</xCoord>
					<yCoord>228</yCoord>
					</edgeMap>
					<edgeMap>
					<xCoord>159</xCoord>
					<yCoord>229</yCoord>
					</edgeMap>
					<edgeMap>
					<xCoord>158</xCoord>
					<yCoord>230</yCoord>
					</edgeMap>
					<edgeMap>
					<xCoord>157</xCoord>
					<yCoord>230</yCoord>
					</edgeMap>
					<edgeMap>
					<xCoord>156</xCoord>
					<yCoord>230</yCoord>
					</edgeMap>
					<edgeMap>
					<xCoord>155</xCoord>
					<yCoord>230</yCoord>
					</edgeMap>
					<edgeMap>
					<xCoord>154</xCoord>
					<yCoord>231</yCoord>
					</edgeMap>
					<edgeMap>
					<xCoord>153</xCoord>
					<yCoord>231</yCoord>
					</edgeMap>
					<edgeMap>
					<xCoord>152</xCoord>
					<yCoord>231</yCoord>
					</edgeMap>
					<edgeMap>
					<xCoord>151</xCoord>
					<yCoord>231</yCoord>
					</edgeMap>
					<edgeMap>
					<xCoord>150</xCoord>
					<yCoord>231</yCoord>
					</edgeMap>
					<edgeMap>
					<xCoord>149</xCoord>
					<yCoord>231</yCoord>
					</edgeMap>
					<edgeMap>
					<xCoord>148</xCoord>
					<yCoord>231</yCoord>
					</edgeMap>
					<edgeMap>
					<xCoord>147</xCoord>
					<yCoord>231</yCoord>
					</edgeMap>
					<edgeMap>
					<xCoord>146</xCoord>
					<yCoord>231</yCoord>
					</edgeMap>
					<edgeMap>
					<xCoord>145</xCoord>
					<yCoord>231</yCoord>
					</edgeMap>
					<edgeMap>
					<xCoord>144</xCoord>
					<yCoord>231</yCoord>
					</edgeMap>
					<edgeMap>
					<xCoord>143</xCoord>
					<yCoord>231</yCoord>
					</edgeMap>
					<edgeMap>
					<xCoord>143</xCoord>
					<yCoord>230</yCoord>
					</edgeMap>
					<edgeMap>
					<xCoord>142</xCoord>
					<yCoord>229</yCoord>
					</edgeMap>
					<edgeMap>
					<xCoord>141</xCoord>
					<yCoord>228</yCoord>
					</edgeMap>
					<edgeMap>
					<xCoord>140</xCoord>
					<yCoord>227</yCoord>
					</edgeMap>
					<edgeMap>
					<xCoord>140</xCoord>
					<yCoord>226</yCoord>
					</edgeMap>
					<edgeMap>
					<xCoord>139</xCoord>
					<yCoord>225</yCoord>
					</edgeMap>
					<edgeMap>
					<xCoord>139</xCoord>
					<yCoord>224</yCoord>
					</edgeMap>
					<edgeMap>
					<xCoord>139</xCoord>
					<yCoord>223</yCoord>
					</edgeMap>
					<edgeMap>
					<xCoord>139</xCoord>
					<yCoord>222</yCoord>
					</edgeMap>
					<edgeMap>
					<xCoord>138</xCoord>
					<yCoord>221</yCoord>
					</edgeMap>
				</roi>
				<roi>
					<imageZposition>1474.0</imageZposition>
					<imageSOP_UID>1.3.6.1.4.1.14519.5.2.1.6279.6001.286676029556154559711911710165</imageSOP_UID>
					<inclusion>TRUE</inclusion>
					<edgeMap>
					<xCoord>139</xCoord>
					<yCoord>217</yCoord>
					</edgeMap>
					<edgeMap>
					<xCoord>139</xCoord>
					<yCoord>216</yCoord>
					</edgeMap>
					<edgeMap>
					<xCoord>140</xCoord>
					<yCoord>215</yCoord>
					</edgeMap>
					<edgeMap>
					<xCoord>140</xCoord>
					<yCoord>214</yCoord>
					</edgeMap>
					<edgeMap>
					<xCoord>141</xCoord>
					<yCoord>213</yCoord>
					</edgeMap>
					<edgeMap>
					<xCoord>142</xCoord>
					<yCoord>213</yCoord>
					</edgeMap>
					<edgeMap>
					<xCoord>143</xCoord>
					<yCoord>213</yCoord>
					</edgeMap>
					<edgeMap>
					<xCoord>144</xCoord>
					<yCoord>213</yCoord>
					</edgeMap>
					<edgeMap>
					<xCoord>145</xCoord>
					<yCoord>212</yCoord>
					</edgeMap>
					<edgeMap>
					<xCoord>146</xCoord>
					<yCoord>212</yCoord>
					</edgeMap>
					<edgeMap>
					<xCoord>147</xCoord>
					<yCoord>212</yCoord>
					</edgeMap>
					<edgeMap>
					<xCoord>148</xCoord>
					<yCoord>212</yCoord>
					</edgeMap>
					<edgeMap>
					<xCoord>149</xCoord>
					<yCoord>212</yCoord>
					</edgeMap>
					<edgeMap>
					<xCoord>150</xCoord>
					<yCoord>212</yCoord>
					</edgeMap>
					<edgeMap>
					<xCoord>151</xCoord>
					<yCoord>212</yCoord>
					</edgeMap>
					<edgeMap>
					<xCoord>152</xCoord>
					<yCoord>212</yCoord>
					</edgeMap>
					<edgeMap>
					<xCoord>153</xCoord>
					<yCoord>212</yCoord>
					</edgeMap>
					<edgeMap>
					<xCoord>154</xCoord>
					<yCoord>213</yCoord>
					</edgeMap>
					<edgeMap>
					<xCoord>155</xCoord>
					<yCoord>213</yCoord>
					</edgeMap>
					<edgeMap>
					<xCoord>156</xCoord>
					<yCoord>213</yCoord>
					</edgeMap>
					<edgeMap>
					<xCoord>157</xCoord>
					<yCoord>214</yCoord>
					</edgeMap>
					<edgeMap>
					<xCoord>158</xCoord>
					<yCoord>215</yCoord>
					</edgeMap>
					<edgeMap>
					<xCoord>158</xCoord>
					<yCoord>216</yCoord>
					</edgeMap>
					<edgeMap>
					<xCoord>159</xCoord>
					<yCoord>217</yCoord>
					</edgeMap>
					<edgeMap>
					<xCoord>159</xCoord>
					<yCoord>218</yCoord>
					</edgeMap>
					<edgeMap>
					<xCoord>160</xCoord>
					<yCoord>219</yCoord>
					</edgeMap>
					<edgeMap>
					<xCoord>161</xCoord>
					<yCoord>220</yCoord>
					</edgeMap>
					<edgeMap>
					<xCoord>161</xCoord>
					<yCoord>221</yCoord>
					</edgeMap>
					<edgeMap>
					<xCoord>161</xCoord>
					<yCoord>222</yCoord>
					</edgeMap>
					<edgeMap>
					<xCoord>161</xCoord>
					<yCoord>223</yCoord>
					</edgeMap>
					<edgeMap>
					<xCoord>161</xCoord>
					<yCoord>224</yCoord>
					</edgeMap>
					<edgeMap>
					<xCoord>161</xCoord>
					<yCoord>225</yCoord>
					</edgeMap>
					<edgeMap>
					<xCoord>161</xCoord>
					<yCoord>226</yCoord>
					</edgeMap>
					<edgeMap>
					<xCoord>160</xCoord>
					<yCoord>227</yCoord>
					</edgeMap>
					<edgeMap>
					<xCoord>159</xCoord>
					<yCoord>228</yCoord>
					</edgeMap>
					<edgeMap>
					<xCoord>158</xCoord>
					<yCoord>229</yCoord>
					</edgeMap>
					<edgeMap>
					<xCoord>157</xCoord>
					<yCoord>230</yCoord>
					</edgeMap>
					<edgeMap>
					<xCoord>156</xCoord>
					<yCoord>230</yCoord>
					</edgeMap>
					<edgeMap>
					<xCoord>155</xCoord>
					<yCoord>231</yCoord>
					</edgeMap>
					<edgeMap>
					<xCoord>154</xCoord>
					<yCoord>232</yCoord>
					</edgeMap>
					<edgeMap>
					<xCoord>153</xCoord>
					<yCoord>233</yCoord>
					</edgeMap>
					<edgeMap>
					<xCoord>152</xCoord>
					<yCoord>234</yCoord>
					</edgeMap>
					<edgeMap>
					<xCoord>151</xCoord>
					<yCoord>235</yCoord>
					</edgeMap>
					<edgeMap>
					<xCoord>150</xCoord>
					<yCoord>236</yCoord>
					</edgeMap>
					<edgeMap>
					<xCoord>150</xCoord>
					<yCoord>235</yCoord>
					</edgeMap>
					<edgeMap>
					<xCoord>149</xCoord>
					<yCoord>235</yCoord>
					</edgeMap>
					<edgeMap>
					<xCoord>148</xCoord>
					<yCoord>234</yCoord>
					</edgeMap>
					<edgeMap>
					<xCoord>148</xCoord>
					<yCoord>233</yCoord>
					</edgeMap>
					<edgeMap>
					<xCoord>147</xCoord>
					<yCoord>233</yCoord>
					</edgeMap>
					<edgeMap>
					<xCoord>146</xCoord>
					<yCoord>232</yCoord>
					</edgeMap>
					<edgeMap>
					<xCoord>145</xCoord>
					<yCoord>231</yCoord>
					</edgeMap>
					<edgeMap>
					<xCoord>144</xCoord>
					<yCoord>230</yCoord>
					</edgeMap>
					<edgeMap>
					<xCoord>143</xCoord>
					<yCoord>229</yCoord>
					</edgeMap>
					<edgeMap>
					<xCoord>142</xCoord>
					<yCoord>228</yCoord>
					</edgeMap>
					<edgeMap>
					<xCoord>141</xCoord>
					<yCoord>227</yCoord>
					</edgeMap>
					<edgeMap>
					<xCoord>141</xCoord>
					<yCoord>226</yCoord>
					</edgeMap>
					<edgeMap>
					<xCoord>141</xCoord>
					<yCoord>225</yCoord>
					</edgeMap>
					<edgeMap>
					<xCoord>140</xCoord>
					<yCoord>224</yCoord>
					</edgeMap>
					<edgeMap>
					<xCoord>140</xCoord>
					<yCoord>223</yCoord>
					</edgeMap>
					<edgeMap>
					<xCoord>140</xCoord>
					<yCoord>222</yCoord>
					</edgeMap>
					<edgeMap>
					<xCoord>140</xCoord>
					<yCoord>221</yCoord>
					</edgeMap>
					<edgeMap>
					<xCoord>139</xCoord>
					<yCoord>220</yCoord>
					</edgeMap>
					<edgeMap>
					<xCoord>139</xCoord>
					<yCoord>219</yCoord>
					</edgeMap>
					<edgeMap>
					<xCoord>139</xCoord>
					<yCoord>218</yCoord>
					</edgeMap>
					<edgeMap>
					<xCoord>139</xCoord>
					<yCoord>217</yCoord>
					</edgeMap>
				</roi>
				<roi>
					<imageZposition>1471.0</imageZposition>
					<imageSOP_UID>1.3.6.1.4.1.14519.5.2.1.6279.6001.379575951541752169277764604474</imageSOP_UID>
					<inclusion>TRUE</inclusion>
					<edgeMap>
					<xCoord>139</xCoord>
					<yCoord>221</yCoord>
					</edgeMap>
					<edgeMap>
					<xCoord>138</xCoord>
					<yCoord>220</yCoord>
					</edgeMap>
					<edgeMap>
					<xCoord>138</xCoord>
					<yCoord>219</yCoord>
					</edgeMap>
					<edgeMap>
					<xCoord>138</xCoord>
					<yCoord>218</yCoord>
					</edgeMap>
					<edgeMap>
					<xCoord>138</xCoord>
					<yCoord>217</yCoord>
					</edgeMap>
					<edgeMap>
					<xCoord>139</xCoord>
					<yCoord>216</yCoord>
					</edgeMap>
					<edgeMap>
					<xCoord>139</xCoord>
					<yCoord>215</yCoord>
					</edgeMap>
					<edgeMap>
					<xCoord>139</xCoord>
					<yCoord>214</yCoord>
					</edgeMap>
					<edgeMap>
					<xCoord>140</xCoord>
					<yCoord>213</yCoord>
					</edgeMap>
					<edgeMap>
					<xCoord>141</xCoord>
					<yCoord>213</yCoord>
					</edgeMap>
					<edgeMap>
					<xCoord>142</xCoord>
					<yCoord>212</yCoord>
					</edgeMap>
					<edgeMap>
					<xCoord>143</xCoord>
					<yCoord>211</yCoord>
					</edgeMap>
					<edgeMap>
					<xCoord>144</xCoord>
					<yCoord>211</yCoord>
					</edgeMap>
					<edgeMap>
					<xCoord>145</xCoord>
					<yCoord>211</yCoord>
					</edgeMap>
					<edgeMap>
					<xCoord>146</xCoord>
					<yCoord>211</yCoord>
					</edgeMap>
					<edgeMap>
					<xCoord>147</xCoord>
					<yCoord>211</yCoord>
					</edgeMap>
					<edgeMap>
					<xCoord>148</xCoord>
					<yCoord>211</yCoord>
					</edgeMap>
					<edgeMap>
					<xCoord>149</xCoord>
					<yCoord>212</yCoord>
					</edgeMap>
					<edgeMap>
					<xCoord>150</xCoord>
					<yCoord>212</yCoord>
					</edgeMap>
					<edgeMap>
					<xCoord>151</xCoord>
					<yCoord>212</yCoord>
					</edgeMap>
					<edgeMap>
					<xCoord>152</xCoord>
					<yCoord>212</yCoord>
					</edgeMap>
					<edgeMap>
					<xCoord>153</xCoord>
					<yCoord>213</yCoord>
					</edgeMap>
					<edgeMap>
					<xCoord>154</xCoord>
					<yCoord>213</yCoord>
					</edgeMap>
					<edgeMap>
					<xCoord>155</xCoord>
					<yCoord>213</yCoord>
					</edgeMap>
					<edgeMap>
					<xCoord>156</xCoord>
					<yCoord>213</yCoord>
					</edgeMap>
					<edgeMap>
					<xCoord>156</xCoord>
					<yCoord>214</yCoord>
					</edgeMap>
					<edgeMap>
					<xCoord>156</xCoord>
					<yCoord>215</yCoord>
					</edgeMap>
					<edgeMap>
					<xCoord>156</xCoord>
					<yCoord>216</yCoord>
					</edgeMap>
					<edgeMap>
					<xCoord>157</xCoord>
					<yCoord>217</yCoord>
					</edgeMap>
					<edgeMap>
					<xCoord>157</xCoord>
					<yCoord>218</yCoord>
					</edgeMap>
					<edgeMap>
					<xCoord>157</xCoord>
					<yCoord>219</yCoord>
					</edgeMap>
					<edgeMap>
					<xCoord>158</xCoord>
					<yCoord>220</yCoord>
					</edgeMap>
					<edgeMap>
					<xCoord>158</xCoord>
					<yCoord>221</yCoord>
					</edgeMap>
					<edgeMap>
					<xCoord>158</xCoord>
					<yCoord>222</yCoord>
					</edgeMap>
					<edgeMap>
					<xCoord>158</xCoord>
					<yCoord>223</yCoord>
					</edgeMap>
					<edgeMap>
					<xCoord>159</xCoord>
					<yCoord>224</yCoord>
					</edgeMap>
					<edgeMap>
					<xCoord>159</xCoord>
					<yCoord>225</yCoord>
					</edgeMap>
					<edgeMap>
					<xCoord>158</xCoord>
					<yCoord>226</yCoord>
					</edgeMap>
					<edgeMap>
					<xCoord>158</xCoord>
					<yCoord>227</yCoord>
					</edgeMap>
					<edgeMap>
					<xCoord>157</xCoord>
					<yCoord>228</yCoord>
					</edgeMap>
					<edgeMap>
					<xCoord>157</xCoord>
					<yCoord>229</yCoord>
					</edgeMap>
					<edgeMap>
					<xCoord>156</xCoord>
					<yCoord>230</yCoord>
					</edgeMap>
					<edgeMap>
					<xCoord>156</xCoord>
					<yCoord>231</yCoord>
					</edgeMap>
					<edgeMap>
					<xCoord>155</xCoord>
					<yCoord>232</yCoord>
					</edgeMap>
					<edgeMap>
					<xCoord>155</xCoord>
					<yCoord>233</yCoord>
					</edgeMap>
					<edgeMap>
					<xCoord>154</xCoord>
					<yCoord>234</yCoord>
					</edgeMap>
					<edgeMap>
					<xCoord>153</xCoord>
					<yCoord>235</yCoord>
					</edgeMap>
					<edgeMap>
					<xCoord>152</xCoord>
					<yCoord>236</yCoord>
					</edgeMap>
					<edgeMap>
					<xCoord>151</xCoord>
					<yCoord>236</yCoord>
					</edgeMap>
					<edgeMap>
					<xCoord>150</xCoord>
					<yCoord>235</yCoord>
					</edgeMap>
					<edgeMap>
					<xCoord>149</xCoord>
					<yCoord>234</yCoord>
					</edgeMap>
					<edgeMap>
					<xCoord>148</xCoord>
					<yCoord>233</yCoord>
					</edgeMap>
					<edgeMap>
					<xCoord>147</xCoord>
					<yCoord>233</yCoord>
					</edgeMap>
					<edgeMap>
					<xCoord>146</xCoord>
					<yCoord>232</yCoord>
					</edgeMap>
					<edgeMap>
					<xCoord>145</xCoord>
					<yCoord>231</yCoord>
					</edgeMap>
					<edgeMap>
					<xCoord>144</xCoord>
					<yCoord>230</yCoord>
					</edgeMap>
					<edgeMap>
					<xCoord>143</xCoord>
					<yCoord>229</yCoord>
					</edgeMap>
					<edgeMap>
					<xCoord>142</xCoord>
					<yCoord>228</yCoord>
					</edgeMap>
					<edgeMap>
					<xCoord>141</xCoord>
					<yCoord>227</yCoord>
					</edgeMap>
					<edgeMap>
					<xCoord>140</xCoord>
					<yCoord>226</yCoord>
					</edgeMap>
					<edgeMap>
					<xCoord>140</xCoord>
					<yCoord>225</yCoord>
					</edgeMap>
					<edgeMap>
					<xCoord>139</xCoord>
					<yCoord>224</yCoord>
					</edgeMap>
					<edgeMap>
					<xCoord>139</xCoord>
					<yCoord>223</yCoord>
					</edgeMap>
					<edgeMap>
					<xCoord>139</xCoord>
					<yCoord>222</yCoord>
					</edgeMap>
					<edgeMap>
					<xCoord>139</xCoord>
					<yCoord>221</yCoord>
					</edgeMap>
				</roi>
				<roi>
					<imageZposition>1468.0</imageZposition>
					<imageSOP_UID>1.3.6.1.4.1.14519.5.2.1.6279.6001.604521999477466177678922865851</imageSOP_UID>
					<inclusion>TRUE</inclusion>
					<edgeMap>
					<xCoord>143</xCoord>
					<yCoord>221</yCoord>
					</edgeMap>
					<edgeMap>
					<xCoord>143</xCoord>
					<yCoord>220</yCoord>
					</edgeMap>
					<edgeMap>
					<xCoord>143</xCoord>
					<yCoord>219</yCoord>
					</edgeMap>
					<edgeMap>
					<xCoord>143</xCoord>
					<yCoord>218</yCoord>
					</edgeMap>
					<edgeMap>
					<xCoord>144</xCoord>
					<yCoord>217</yCoord>
					</edgeMap>
					<edgeMap>
					<xCoord>145</xCoord>
					<yCoord>216</yCoord>
					</edgeMap>
					<edgeMap>
					<xCoord>146</xCoord>
					<yCoord>216</yCoord>
					</edgeMap>
					<edgeMap>
					<xCoord>147</xCoord>
					<yCoord>216</yCoord>
					</edgeMap>
					<edgeMap>
					<xCoord>148</xCoord>
					<yCoord>216</yCoord>
					</edgeMap>
					<edgeMap>
					<xCoord>149</xCoord>
					<yCoord>216</yCoord>
					</edgeMap>
					<edgeMap>
					<xCoord>150</xCoord>
					<yCoord>216</yCoord>
					</edgeMap>
					<edgeMap>
					<xCoord>151</xCoord>
					<yCoord>215</yCoord>
					</edgeMap>
					<edgeMap>
					<xCoord>152</xCoord>
					<yCoord>215</yCoord>
					</edgeMap>
					<edgeMap>
					<xCoord>153</xCoord>
					<yCoord>216</yCoord>
					</edgeMap>
					<edgeMap>
					<xCoord>154</xCoord>
					<yCoord>217</yCoord>
					</edgeMap>
					<edgeMap>
					<xCoord>155</xCoord>
					<yCoord>217</yCoord>
					</edgeMap>
					<edgeMap>
					<xCoord>155</xCoord>
					<yCoord>218</yCoord>
					</edgeMap>
					<edgeMap>
					<xCoord>155</xCoord>
					<yCoord>219</yCoord>
					</edgeMap>
					<edgeMap>
					<xCoord>154</xCoord>
					<yCoord>220</yCoord>
					</edgeMap>
					<edgeMap>
					<xCoord>154</xCoord>
					<yCoord>221</yCoord>
					</edgeMap>
					<edgeMap>
					<xCoord>154</xCoord>
					<yCoord>222</yCoord>
					</edgeMap>
					<edgeMap>
					<xCoord>154</xCoord>
					<yCoord>223</yCoord>
					</edgeMap>
					<edgeMap>
					<xCoord>153</xCoord>
					<yCoord>224</yCoord>
					</edgeMap>
					<edgeMap>
					<xCoord>153</xCoord>
					<yCoord>225</yCoord>
					</edgeMap>
					<edgeMap>
					<xCoord>152</xCoord>
					<yCoord>226</yCoord>
					</edgeMap>
					<edgeMap>
					<xCoord>151</xCoord>
					<yCoord>226</yCoord>
					</edgeMap>
					<edgeMap>
					<xCoord>150</xCoord>
					<yCoord>226</yCoord>
					</edgeMap>
					<edgeMap>
					<xCoord>149</xCoord>
					<yCoord>227</yCoord>
					</edgeMap>
					<edgeMap>
					<xCoord>148</xCoord>
					<yCoord>227</yCoord>
					</edgeMap>
					<edgeMap>
					<xCoord>147</xCoord>
					<yCoord>227</yCoord>
					</edgeMap>
					<edgeMap>
					<xCoord>146</xCoord>
					<yCoord>228</yCoord>
					</edgeMap>
					<edgeMap>
					<xCoord>146</xCoord>
					<yCoord>227</yCoord>
					</edgeMap>
					<edgeMap>
					<xCoord>145</xCoord>
					<yCoord>226</yCoord>
					</edgeMap>
					<edgeMap>
					<xCoord>144</xCoord>
					<yCoord>225</yCoord>
					</edgeMap>
					<edgeMap>
					<xCoord>143</xCoord>
					<yCoord>224</yCoord>
					</edgeMap>
					<edgeMap>
					<xCoord>143</xCoord>
					<yCoord>223</yCoord>
					</edgeMap>
					<edgeMap>
					<xCoord>143</xCoord>
					<yCoord>222</yCoord>
					</edgeMap>
					<edgeMap>
					<xCoord>143</xCoord>
					<yCoord>221</yCoord>
					</edgeMap>
				</roi>
			</unblindedReadNodule>
			<unblindedReadNodule>
				<noduleID>1</noduleID>
				<roi>
					<imageZposition>1420.0</imageZposition>
					<imageSOP_UID>1.3.6.1.4.1.14519.5.2.1.6279.6001.335630269194314203637668408570</imageSOP_UID>
					<inclusion>TRUE</inclusion>
					<edgeMap>
					<xCoord>111</xCoord>
					<yCoord>169</yCoord>
					</edgeMap>
				</roi>
			</unblindedReadNodule>
	</readingSession>
</LidcReadMessage>