<?xml version="1.0" encoding="UTF-8"?>
<LidcReadMessage uid="1.3.6.1.4.1.14519.5.2.1.6279.6001.1307390657828.0" xmlns="http://www.nih.gov" xmlns:xsi="http://www.w3.org/2001/XMLSchema-instance" xsi:schemaLocation="http://www.nih.gov  http://troll.rad.med.umich.edu/lidc/LidcReadMessage.xsd">
<ResponseHeader>
<Version>1.8.1</Version>
<MessageId>-1345477004</MessageId>
<DateRequest>2008-09-15</DateRequest>
<TimeRequest>10:19:01</TimeRequest>
<RequestingSite>removed</RequestingSite>
<ServicingSite>removed</ServicingSite>
<TaskDescription>Second unblinded read</TaskDescription>
<CtImageFile>removed</CtImageFile>
<SeriesInstanceUid>1.3.6.1.4.1.14519.5.2.1.6279.6001.745109871503276594185453478952</SeriesInstanceUid>
<DateService>2009-03-05</DateService>
<TimeService>06:59:16</TimeService>
<ResponseDescription>1 - Reading complete</ResponseDescription>
<StudyInstanceUID>1.3.6.1.4.1.14519.5.2.1.6279.6001.301771434938229546704232023262</StudyInstanceUID></ResponseHeader>
<readingSession>
    <annotationVersion>3.12</annotationVersion>
    <servicingRadiologistID>1297264257</servicingRadiologistID>
    <unblindedReadNodule>
      <noduleID>Nodule 001</noduleID>
      <characteristics>
        <subtlety>3</subtlety>
        <internalStructure>1</internalStructure>
        <calcification>6</calcification>
        <sphericity>4</sphericity>
        <margin>5</margin>
        <lobulation>1</lobulation>
        <spiculation>1</spiculation>
        <texture>5</texture>
        <malignancy>3</malignancy>
      </characteristics>
      <roi>
        <imageZposition>-171.250000 </imageZposition>
        <imageSOP_UID>1.3.6.1.4.1.14519.5.2.1.6279.6001.963390070000213685761495555805</imageSOP_UID>
        <inclusion>TRUE</inclusion>
        <edgeMap>
          <xCoord>133</xCoord>
          <yCoord>197</yCoord>
        </edgeMap>
        <edgeMap>
          <xCoord>132</xCoord>
          <yCoord>198</yCoord>
        </edgeMap>
        <edgeMap>
          <xCoord>131</xCoord>
          <yCoord>199</yCoord>
        </edgeMap>
        <edgeMap>
          <xCoord>131</xCoord>
          <yCoord>200</yCoord>
        </edgeMap>
        <edgeMap>
          <xCoord>132</xCoord>
          <yCoord>201</yCoord>
        </edgeMap>
        <edgeMap>
          <xCoord>133</xCoord>
          <yCoord>202</yCoord>
        </edgeMap>
        <edgeMap>
          <xCoord>134</xCoord>
          <yCoord>202</yCoord>
        </edgeMap>
        <edgeMap>
          <xCoord>135</xCoord>
          <yCoord>202</yCoord>
        </edgeMap>
        <edgeMap>
          <xCoord>136</xCoord>
          <yCoord>202</yCoord>
        </edgeMap>
        <edgeMap>
          <xCoord>137</xCoord>
          <yCoord>201</yCoord>
        </edgeMap>
        <edgeMap>
          <xCoord>137</xCoord>
          <yCoord>200</yCoord>
        </edgeMap>
        <edgeMap>
          <xCoord>136</xCoord>
          <yCoord>199</yCoord>
        </edgeMap>
        <edgeMap>
          <xCoord>135</xCoord>
          <yCoord>198</yCoord>
        </edgeMap>
        <edgeMap>
          <xCoord>134</xCoord>
          <yCoord>197</yCoord>
        </edgeMap>
        <edgeMap>
          <xCoord>133</xCoord>
          <yCoord>197</yCoord>
        </edgeMap>
      </roi>
      <roi>
        <imageZposition>-168.750000 </imageZposition>
        <imageSOP_UID>1.3.6.1.4.1.14519.5.2.1.6279.6001.252212190506189941203009911930</imageSOP_UID>
        <inclusion>TRUE</inclusion>
        <edgeMap>
          <xCoord>133</xCoord>
          <yCoord>196</yCoord>
        </edgeMap>
        <edgeMap>
          <xCoord>132</xCoord>
          <yCoord>197</yCoord>
        </edgeMap>
        <edgeMap>
          <xCoord>131</xCoord>
          <yCoord>198</yCoord>
        </edgeMap>
        <edgeMap>
          <xCoord>131</xCoord>
          <yCoord>199</yCoord>
        </edgeMap>
        <edgeMap>
          <xCoord>131</xCoord>
          <yCoord>200</yCoord>
        </edgeMap>
        <edgeMap>
          <xCoord>131</xCoord>
          <yCoord>201</yCoord>
        </edgeMap>
        <edgeMap>
          <xCoord>132</xCoord>
          <yCoord>202</yCoord>
        </edgeMap>
        <edgeMap>
          <xCoord>133</xCoord>
          <yCoord>203</yCoord>
        </edgeMap>
        <edgeMap>
          <xCoord>134</xCoord>
          <yCoord>204</yCoord>
        </edgeMap>
        <edgeMap>
          <xCoord>135</xCoord>
          <yCoord>203</yCoord>
        </edgeMap>
        <edgeMap>
          <xCoord>135</xCoord>
          <yCoord>202</yCoord>
        </edgeMap>
        <edgeMap>
          <xCoord>136</xCoord>
          <yCoord>201</yCoord>
        </edgeMap>
        <edgeMap>
          <xCoord>136</xCoord>
          <yCoord>200</yCoord>
        </edgeMap>
        <edgeMap>
          <xCoord>136</xCoord>
          <yCoord>199</yCoord>
        </edgeMap>
        <edgeMap>
          <xCoord>136</xCoord>
          <yCoord>198</yCoord>
        </edgeMap>
        <edgeMap>
          <xCoord>135</xCoord>
          <yCoord>197</yCoord>
        </edgeMap>
        <edgeMap>
          <xCoord>134</xCoord>
          <yCoord>196</yCoord>
        </edgeMap>
        <edgeMap>
          <xCoord>133</xCoord>
          <yCoord>196</yCoord>
        </edgeMap>
      </roi>
    </unblindedReadNodule>
    <unblindedReadNodule>
      <noduleID>Nodule 002</noduleID>
      <roi>
        <imageZposition>-161.250000 </imageZposition>
        <imageSOP_UID>1.3.6.1.4.1.14519.5.2.1.6279.6001.142074530366305281535707242980</imageSOP_UID>
        <inclusion>TRUE</inclusion>
        <edgeMap>
          <xCoord>347</xCoord>
          <yCoord>416</yCoord>
        </edgeMap>
      </roi>
    </unblindedReadNodule>
    <unblindedReadNodule>
      <noduleID>Nodule 003</noduleID>
      <roi>
        <imageZposition>-181.250000 </imageZposition>
        <imageSOP_UID>1.3.6.1.4.1.14519.5.2.1.6279.6001.195947141920730884013303628132</imageSOP_UID>
        <inclusion>TRUE</inclusion>
        <edgeMap>
          <xCoord>259</xCoord>
          <yCoord>182</yCoord>
        </edgeMap>
      </roi>
    </unblindedReadNodule>
    <unblindedReadNodule>
      <noduleID>Nodule 004</noduleID>
      <roi>
        <imageZposition>-178.750000 </imageZposition>
        <imageSOP_UID>1.3.6.1.4.1.14519.5.2.1.6279.6001.164606215156485798246715011727</imageSOP_UID>
        <inclusion>TRUE</inclusion>
        <edgeMap>
          <xCoord>84</xCoord>
          <yCoord>353</yCoord>
        </edgeMap>
      </roi>
    </unblindedReadNodule>
    <nonNodule>
      <nonNoduleID>_Non-nodule 001</nonNoduleID>
      <imageZposition>-133.750000 </imageZposition>
      <imageSOP_UID>1.3.6.1.4.1.14519.5.2.1.6279.6001.243538040579361375293737497846</imageSOP_UID>
      <locus>
        <xCoord>302</xCoord>
        <yCoord>177</yCoord>
      </locus>
    </nonNodule>
    <nonNodule>
      <nonNoduleID>_Non-nodule 002</nonNoduleID>
      <imageZposition>-281.250000 </imageZposition>
      <imageSOP_UID>1.3.6.1.4.1.14519.5.2.1.6279.6001.157800183915768039198878702810</imageSOP_UID>
      <locus>
        <xCoord>461</xCoord>
        <yCoord>333</yCoord>
      </locus>
    </nonNodule>
    <nonNodule>
      <nonNoduleID>_Non-nodule 003</nonNoduleID>
      <imageZposition>-291.250000 </imageZposition>
      <imageSOP_UID>1.3.6.1.4.1.14519.5.2.1.6279.6001.182400986907631957636388014313</imageSOP_UID>
      <locus>
        <xCoord>214</xCoord>
        <yCoord>357</yCoord>
      </locus>
    </nonNodule>
    <nonNodule>
      <nonNoduleID>_Non-nodule 004</nonNoduleID>
      <imageZposition>-268.750000 </imageZposition>
      <imageSOP_UID>1.3.6.1.4.1.14519.5.2.1.6279.6001.121979010034283717718610625177</imageSOP_UID>
      <locus>
        <xCoord>133</xCoord>
        <yCoord>213</yCoord>
      </locus>
    </nonNodule>
    <nonNodule>
      <nonNoduleID>_Non-nodule 005</nonNoduleID>
      <imageZposition>-268.750000 </imageZposition>
      <imageSOP_UID>1.3.6.1.4.1.14519.5.2.1.6279.6001.121979010034283717718610625177</imageSOP_UID>
      <locus>
        <xCoord>97</xCoord>
        <yCoord>242</yCoord>
      </locus>
    </nonNodule>
    <nonNodule>
      <nonNoduleID>_Non-nodule 006</nonNoduleID>
      <imageZposition>-111.250000 </imageZposition>
      <imageSOP_UID>1.3.6.1.4.1.14519.5.2.1.6279.6001.462200763205331348172545577040</imageSOP_UID>
      <locus>
        <xCoord>195</xCoord>
        <yCoord>175</yCoord>
      </locus>
    </nonNodule>
    <nonNodule>
      <nonNoduleID>_Non-nodule 007</nonNoduleID>
      <imageZposition>-111.250000 </imageZposition>
      <imageSOP_UID>1.3.6.1.4.1.14519.5.2.1.6279.6001.462200763205331348172545577040</imageSOP_UID>
      <locus>
        <xCoord>285</xCoord>
        <yCoord>185</yCoord>
      </locus>
    </nonNodule>
    <nonNodule>
      <nonNoduleID>_Non-nodule 008</nonNoduleID>
      <imageZposition>-191.250000 </imageZposition>
      <imageSOP_UID>1.3.6.1.4.1.14519.5.2.1.6279.6001.298217783091261128072508654526</imageSOP_UID>
      <locus>
        <xCoord>117</xCoord>
        <yCoord>431</yCoord>
      </locus>
    </nonNodule>
    <nonNodule>
      <nonNoduleID>_Non-nodule 009</nonNoduleID>
      <imageZposition>-303.750000 </imageZposition>
      <imageSOP_UID>1.3.6.1.4.1.14519.5.2.1.6279.6001.325262217656874373284795758048</imageSOP_UID>
      <locus>
        <xCoord>382</xCoord>
        <yCoord>403</yCoord>
      </locus>
    </nonNodule>
  </readingSession>
<readingSession>
    <annotationVersion>3.12</annotationVersion>
    <servicingRadiologistID>-152645266</servicingRadiologistID>
    <unblindedReadNodule>
      <noduleID>IL057_196761</noduleID>
      <characteristics>
        <subtlety>3</subtlety>
        <internalStructure>1</internalStructure>
        <calcification>6</calcification>
        <sphericity>4</sphericity>
        <margin>4</margin>
        <lobulation>3</lobulation>
        <spiculation>2</spiculation>
        <texture>5</texture>
        <malignancy>3</malignancy>
      </characteristics>
      <roi>
        <imageZposition>-98.75</imageZposition>
        <imageSOP_UID>1.3.6.1.4.1.14519.5.2.1.6279.6001.126711661579030955706842143809</imageSOP_UID>
        <inclusion>TRUE</inclusion>
        <edgeMap>
          <xCoord>234</xCoord>
          <yCoord>301</yCoord>
        </edgeMap>
        <edgeMap>
          <xCoord>235</xCoord>
          <yCoord>300</yCoord>
        </edgeMap>
        <edgeMap>
          <xCoord>236</xCoord>
          <yCoord>299</yCoord>
        </edgeMap>
        <edgeMap>
          <xCoord>237</xCoord>
          <yCoord>298</yCoord>
        </edgeMap>
        <edgeMap>
          <xCoord>238</xCoord>
          <yCoord>298</yCoord>
        </edgeMap>
        <edgeMap>
          <xCoord>239</xCoord>
          <yCoord>297</yCoord>
        </edgeMap>
        <edgeMap>
          <xCoord>240</xCoord>
          <yCoord>296</yCoord>
        </edgeMap>
        <edgeMap>
          <xCoord>240</xCoord>
          <yCoord>295</yCoord>
        </edgeMap>
        <edgeMap>
          <xCoord>239</xCoord>
          <yCoord>294</yCoord>
        </edgeMap>
        <edgeMap>
          <xCoord>238</xCoord>
          <yCoord>294</yCoord>
        </edgeMap>
        <edgeMap>
          <xCoord>237</xCoord>
          <yCoord>293</yCoord>
        </edgeMap>
        <edgeMap>
          <xCoord>236</xCoord>
          <yCoord>294</yCoord>
        </edgeMap>
        <edgeMap>
          <xCoord>235</xCoord>
          <yCoord>294</yCoord>
        </edgeMap>
        <edgeMap>
          <xCoord>234</xCoord>
          <yCoord>294</yCoord>
        </edgeMap>
        <edgeMap>
          <xCoord>233</xCoord>
          <yCoord>294</yCoord>
        </edgeMap>
        <edgeMap>
          <xCoord>232</xCoord>
          <yCoord>294</yCoord>
        </edgeMap>
        <edgeMap>
          <xCoord>231</xCoord>
          <yCoord>294</yCoord>
        </edgeMap>
        <edgeMap>
          <xCoord>230</xCoord>
          <yCoord>294</yCoord>
        </edgeMap>
        <edgeMap>
          <xCoord>229</xCoord>
          <yCoord>294</yCoord>
        </edgeMap>
        <edgeMap>
          <xCoord>228</xCoord>
          <yCoord>295</yCoord>
        </edgeMap>
        <edgeMap>
          <xCoord>227</xCoord>
          <yCoord>296</yCoord>
        </edgeMap>
        <edgeMap>
          <xCoord>227</xCoord>
          <yCoord>297</yCoord>
        </edgeMap>
        <edgeMap>
          <xCoord>228</xCoord>
          <yCoord>298</yCoord>
        </edgeMap>
        <edgeMap>
          <xCoord>229</xCoord>
          <yCoord>298</yCoord>
        </edgeMap>
        <edgeMap>
          <xCoord>230</xCoord>
          <yCoord>299</yCoord>
        </edgeMap>
        <edgeMap>
          <xCoord>230</xCoord>
          <yCoord>300</yCoord>
        </edgeMap>
        <edgeMap>
          <xCoord>230</xCoord>
          <yCoord>301</yCoord>
        </edgeMap>
        <edgeMap>
          <xCoord>231</xCoord>
          <yCoord>301</yCoord>
        </edgeMap>
        <edgeMap>
          <xCoord>232</xCoord>
          <yCoord>301</yCoord>
        </edgeMap>
        <edgeMap>
          <xCoord>233</xCoord>
          <yCoord>301</yCoord>
        </edgeMap>
        <edgeMap>
          <xCoord>234</xCoord>
          <yCoord>301</yCoord>
        </edgeMap>
      </roi>
      <roi>
        <imageZposition>-101.25</imageZposition>
        <imageSOP_UID>1.3.6.1.4.1.14519.5.2.1.6279.6001.184039366484755530180157055067</imageSOP_UID>
        <inclusion>TRUE</inclusion>
        <edgeMap>
          <xCoord>234</xCoord>
          <yCoord>304</yCoord>
        </edgeMap>
        <edgeMap>
          <xCoord>234</xCoord>
          <yCoord>303</yCoord>
        </edgeMap>
        <edgeMap>
          <xCoord>235</xCoord>
          <yCoord>302</yCoord>
        </edgeMap>
        <edgeMap>
          <xCoord>236</xCoord>
          <yCoord>302</yCoord>
        </edgeMap>
        <edgeMap>
          <xCoord>236</xCoord>
          <yCoord>301</yCoord>
        </edgeMap>
        <edgeMap>
          <xCoord>237</xCoord>
          <yCoord>300</yCoord>
        </edgeMap>
        <edgeMap>
          <xCoord>237</xCoord>
          <yCoord>299</yCoord>
        </edgeMap>
        <edgeMap>
          <xCoord>238</xCoord>
          <yCoord>298</yCoord>
        </edgeMap>
        <edgeMap>
          <xCoord>238</xCoord>
          <yCoord>297</yCoord>
        </edgeMap>
        <edgeMap>
          <xCoord>238</xCoord>
          <yCoord>296</yCoord>
        </edgeMap>
        <edgeMap>
          <xCoord>238</xCoord>
          <yCoord>295</yCoord>
        </edgeMap>
        <edgeMap>
          <xCoord>239</xCoord>
          <yCoord>294</yCoord>
        </edgeMap>
        <edgeMap>
          <xCoord>239</xCoord>
          <yCoord>293</yCoord>
        </edgeMap>
        <edgeMap>
          <xCoord>238</xCoord>
          <yCoord>293</yCoord>
        </edgeMap>
        <edgeMap>
          <xCoord>237</xCoord>
          <yCoord>293</yCoord>
        </edgeMap>
        <edgeMap>
          <xCoord>236</xCoord>
          <yCoord>293</yCoord>
        </edgeMap>
        <edgeMap>
          <xCoord>235</xCoord>
          <yCoord>293</yCoord>
        </edgeMap>
        <edgeMap>
          <xCoord>234</xCoord>
          <yCoord>293</yCoord>
        </edgeMap>
        <edgeMap>
          <xCoord>233</xCoord>
          <yCoord>293</yCoord>
        </edgeMap>
        <edgeMap>
          <xCoord>232</xCoord>
          <yCoord>294</yCoord>
        </edgeMap>
        <edgeMap>
          <xCoord>231</xCoord>
          <yCoord>294</yCoord>
        </edgeMap>
        <edgeMap>
          <xCoord>230</xCoord>
          <yCoord>294</yCoord>
        </edgeMap>
        <edgeMap>
          <xCoord>229</xCoord>
          <yCoord>294</yCoord>
        </edgeMap>
        <edgeMap>
          <xCoord>228</xCoord>
          <yCoord>294</yCoord>
        </edgeMap>
        <edgeMap>
          <xCoord>227</xCoord>
          <yCoord>295</yCoord>
        </edgeMap>
        <edgeMap>
          <xCoord>227</xCoord>
          <yCoord>296</yCoord>
        </edgeMap>
        <edgeMap>
          <xCoord>227</xCoord>
          <yCoord>297</yCoord>
        </edgeMap>
        <edgeMap>
          <xCoord>228</xCoord>
          <yCoord>298</yCoord>
        </edgeMap>
        <edgeMap>
          <xCoord>228</xCoord>
          <yCoord>299</yCoord>
        </edgeMap>
        <edgeMap>
          <xCoord>228</xCoord>
          <yCoord>300</yCoord>
        </edgeMap>
        <edgeMap>
          <xCoord>228</xCoord>
          <yCoord>301</yCoord>
        </edgeMap>
        <edgeMap>
          <xCoord>229</xCoord>
          <yCoord>301</yCoord>
        </edgeMap>
        <edgeMap>
          <xCoord>230</xCoord>
          <yCoord>302</yCoord>
        </edgeMap>
        <edgeMap>
          <xCoord>231</xCoord>
          <yCoord>303</yCoord>
        </edgeMap>
        <edgeMap>
          <xCoord>232</xCoord>
          <yCoord>303</yCoord>
        </edgeMap>
        <edgeMap>
          <xCoord>233</xCoord>
          <yCoord>303</yCoord>
        </edgeMap>
        <edgeMap>
          <xCoord>234</xCoord>
          <yCoord>304</yCoord>
        </edgeMap>
      </roi>
      <roi>
        <imageZposition>-103.75</imageZposition>
        <imageSOP_UID>1.3.6.1.4.1.14519.5.2.1.6279.6001.806312910230796405327461390127</imageSOP_UID>
        <inclusion>TRUE</inclusion>
        <edgeMap>
          <xCoord>238</xCoord>
          <yCoord>303</yCoord>
        </edgeMap>
        <edgeMap>
          <xCoord>238</xCoord>
          <yCoord>302</yCoord>
        </edgeMap>
        <edgeMap>
          <xCoord>237</xCoord>
          <yCoord>301</yCoord>
        </edgeMap>
        <edgeMap>
          <xCoord>237</xCoord>
          <yCoord>300</yCoord>
        </edgeMap>
        <edgeMap>
          <xCoord>237</xCoord>
          <yCoord>299</yCoord>
        </edgeMap>
        <edgeMap>
          <xCoord>237</xCoord>
          <yCoord>298</yCoord>
        </edgeMap>
        <edgeMap>
          <xCoord>237</xCoord>
          <yCoord>297</yCoord>
        </edgeMap>
        <edgeMap>
          <xCoord>237</xCoord>
          <yCoord>296</yCoord>
        </edgeMap>
        <edgeMap>
          <xCoord>237</xCoord>
          <yCoord>295</yCoord>
        </edgeMap>
        <edgeMap>
          <xCoord>237</xCoord>
          <yCoord>294</yCoord>
        </edgeMap>
        <edgeMap>
          <xCoord>236</xCoord>
          <yCoord>294</yCoord>
        </edgeMap>
        <edgeMap>
          <xCoord>235</xCoord>
          <yCoord>294</yCoord>
        </edgeMap>
        <edgeMap>
          <xCoord>234</xCoord>
          <yCoord>294</yCoord>
        </edgeMap>
        <edgeMap>
          <xCoord>233</xCoord>
          <yCoord>294</yCoord>
        </edgeMap>
        <edgeMap>
          <xCoord>232</xCoord>
          <yCoord>294</yCoord>
        </edgeMap>
        <edgeMap>
          <xCoord>231</xCoord>
          <yCoord>294</yCoord>
        </edgeMap>
        <edgeMap>
          <xCoord>230</xCoord>
          <yCoord>294</yCoord>
        </edgeMap>
        <edgeMap>
          <xCoord>229</xCoord>
          <yCoord>293</yCoord>
        </edgeMap>
        <edgeMap>
          <xCoord>228</xCoord>
          <yCoord>294</yCoord>
        </edgeMap>
        <edgeMap>
          <xCoord>228</xCoord>
          <yCoord>295</yCoord>
        </edgeMap>
        <edgeMap>
          <xCoord>227</xCoord>
          <yCoord>296</yCoord>
        </edgeMap>
        <edgeMap>
          <xCoord>227</xCoord>
          <yCoord>297</yCoord>
        </edgeMap>
        <edgeMap>
          <xCoord>227</xCoord>
          <yCoord>298</yCoord>
        </edgeMap>
        <edgeMap>
          <xCoord>226</xCoord>
          <yCoord>299</yCoord>
        </edgeMap>
        <edgeMap>
          <xCoord>226</xCoord>
          <yCoord>300</yCoord>
        </edgeMap>
        <edgeMap>
          <xCoord>227</xCoord>
          <yCoord>301</yCoord>
        </edgeMap>
        <edgeMap>
          <xCoord>227</xCoord>
          <yCoord>302</yCoord>
        </edgeMap>
        <edgeMap>
          <xCoord>228</xCoord>
          <yCoord>303</yCoord>
        </edgeMap>
        <edgeMap>
          <xCoord>229</xCoord>
          <yCoord>303</yCoord>
        </edgeMap>
        <edgeMap>
          <xCoord>230</xCoord>
          <yCoord>303</yCoord>
        </edgeMap>
        <edgeMap>
          <xCoord>231</xCoord>
          <yCoord>303</yCoord>
        </edgeMap>
        <edgeMap>
          <xCoord>232</xCoord>
          <yCoord>303</yCoord>
        </edgeMap>
        <edgeMap>
          <xCoord>233</xCoord>
          <yCoord>303</yCoord>
        </edgeMap>
        <edgeMap>
          <xCoord>234</xCoord>
          <yCoord>303</yCoord>
        </edgeMap>
        <edgeMap>
          <xCoord>235</xCoord>
          <yCoord>303</yCoord>
        </edgeMap>
        <edgeMap>
          <xCoord>236</xCoord>
          <yCoord>303</yCoord>
        </edgeMap>
        <edgeMap>
          <xCoord>237</xCoord>
          <yCoord>303</yCoord>
        </edgeMap>
        <edgeMap>
          <xCoord>238</xCoord>
          <yCoord>303</yCoord>
        </edgeMap>
      </roi>
    </unblindedReadNodule>
    <unblindedReadNodule>
      <noduleID>IL057_196762</noduleID>
      <characteristics>
        <subtlety>3</subtlety>
        <internalStructure>1</internalStructure>
        <calcification>6</calcification>
        <sphericity>5</sphericity>
        <margin>5</margin>
        <lobulation>1</lobulation>
        <spiculation>1</spiculation>
        <texture>5</texture>
        <malignancy>2</malignancy>
      </characteristics>
      <roi>
        <imageZposition>-168.75</imageZposition>
        <imageSOP_UID>1.3.6.1.4.1.14519.5.2.1.6279.6001.252212190506189941203009911930</imageSOP_UID>
        <inclusion>TRUE</inclusion>
        <edgeMap>
          <xCoord>135</xCoord>
          <yCoord>203</yCoord>
        </edgeMap>
        <edgeMap>
          <xCoord>136</xCoord>
          <yCoord>202</yCoord>
        </edgeMap>
        <edgeMap>
          <xCoord>136</xCoord>
          <yCoord>201</yCoord>
        </edgeMap>
        <edgeMap>
          <xCoord>137</xCoord>
          <yCoord>200</yCoord>
        </edgeMap>
        <edgeMap>
          <xCoord>137</xCoord>
          <yCoord>199</yCoord>
        </edgeMap>
        <edgeMap>
          <xCoord>137</xCoord>
          <yCoord>198</yCoord>
        </edgeMap>
        <edgeMap>
          <xCoord>136</xCoord>
          <yCoord>197</yCoord>
        </edgeMap>
        <edgeMap>
          <xCoord>135</xCoord>
          <yCoord>196</yCoord>
        </edgeMap>
        <edgeMap>
          <xCoord>134</xCoord>
          <yCoord>196</yCoord>
        </edgeMap>
        <edgeMap>
          <xCoord>133</xCoord>
          <yCoord>196</yCoord>
        </edgeMap>
        <edgeMap>
          <xCoord>132</xCoord>
          <yCoord>197</yCoord>
        </edgeMap>
        <edgeMap>
          <xCoord>131</xCoord>
          <yCoord>198</yCoord>
        </edgeMap>
        <edgeMap>
          <xCoord>131</xCoord>
          <yCoord>199</yCoord>
        </edgeMap>
        <edgeMap>
          <xCoord>131</xCoord>
          <yCoord>200</yCoord>
        </edgeMap>
        <edgeMap>
          <xCoord>131</xCoord>
          <yCoord>201</yCoord>
        </edgeMap>
        <edgeMap>
          <xCoord>132</xCoord>
          <yCoord>202</yCoord>
        </edgeMap>
        <edgeMap>
          <xCoord>133</xCoord>
          <yCoord>203</yCoord>
        </edgeMap>
        <edgeMap>
          <xCoord>134</xCoord>
          <yCoord>203</yCoord>
        </edgeMap>
        <edgeMap>
          <xCoord>135</xCoord>
          <yCoord>203</yCoord>
        </edgeMap>
      </roi>
      <roi>
        <imageZposition>-171.25</imageZposition>
        <imageSOP_UID>1.3.6.1.4.1.14519.5.2.1.6279.6001.963390070000213685761495555805</imageSOP_UID>
        <inclusion>TRUE</inclusion>
        <edgeMap>
          <xCoord>134</xCoord>
          <yCoord>203</yCoord>
        </edgeMap>
        <edgeMap>
          <xCoord>135</xCoord>
          <yCoord>202</yCoord>
        </edgeMap>
        <edgeMap>
          <xCoord>136</xCoord>
          <yCoord>201</yCoord>
        </edgeMap>
        <edgeMap>
          <xCoord>137</xCoord>
          <yCoord>200</yCoord>
        </edgeMap>
        <edgeMap>
          <xCoord>137</xCoord>
          <yCoord>199</yCoord>
        </edgeMap>
        <edgeMap>
          <xCoord>136</xCoord>
          <yCoord>198</yCoord>
        </edgeMap>
        <edgeMap>
          <xCoord>135</xCoord>
          <yCoord>197</yCoord>
        </edgeMap>
        <edgeMap>
          <xCoord>134</xCoord>
          <yCoord>197</yCoord>
        </edgeMap>
        <edgeMap>
          <xCoord>133</xCoord>
          <yCoord>197</yCoord>
        </edgeMap>
        <edgeMap>
          <xCoord>132</xCoord>
          <yCoord>198</yCoord>
        </edgeMap>
        <edgeMap>
          <xCoord>131</xCoord>
          <yCoord>199</yCoord>
        </edgeMap>
        <edgeMap>
          <xCoord>131</xCoord>
          <yCoord>200</yCoord>
        </edgeMap>
        <edgeMap>
          <xCoord>132</xCoord>
          <yCoord>201</yCoord>
        </edgeMap>
        <edgeMap>
          <xCoord>132</xCoord>
          <yCoord>202</yCoord>
        </edgeMap>
        <edgeMap>
          <xCoord>133</xCoord>
          <yCoord>203</yCoord>
        </edgeMap>
        <edgeMap>
          <xCoord>134</xCoord>
          <yCoord>203</yCoord>
        </edgeMap>
      </roi>
    </unblindedReadNodule>
    <unblindedReadNodule>
      <noduleID>IL057_196769</noduleID>
      <roi>
        <imageZposition>-178.75</imageZposition>
        <imageSOP_UID>1.3.6.1.4.1.14519.5.2.1.6279.6001.164606215156485798246715011727</imageSOP_UID>
        <inclusion>TRUE</inclusion>
        <edgeMap>
          <xCoord>84</xCoord>
          <yCoord>354</yCoord>
        </edgeMap>
      </roi>
    </unblindedReadNodule>
    <unblindedReadNodule>
      <noduleID>IL057_196779</noduleID>
      <roi>
        <imageZposition>-181.25</imageZposition>
        <imageSOP_UID>1.3.6.1.4.1.14519.5.2.1.6279.6001.195947141920730884013303628132</imageSOP_UID>
        <inclusion>TRUE</inclusion>
        <edgeMap>
          <xCoord>260</xCoord>
          <yCoord>185</yCoord>
        </edgeMap>
      </roi>
    </unblindedReadNodule>
    <nonNodule>
      <nonNoduleID>IL057_196772</nonNoduleID>
      <imageZposition>-111.25</imageZposition>
      <imageSOP_UID>1.3.6.1.4.1.14519.5.2.1.6279.6001.462200763205331348172545577040</imageSOP_UID>
      <locus>
        <xCoord>191</xCoord>
        <yCoord>176</yCoord>
      </locus>
    </nonNodule>
    <nonNodule>
      <nonNoduleID>IL057_196766</nonNoduleID>
      <imageZposition>-133.75</imageZposition>
      <imageSOP_UID>1.3.6.1.4.1.14519.5.2.1.6279.6001.243538040579361375293737497846</imageSOP_UID>
      <locus>
        <xCoord>302</xCoord>
        <yCoord>178</yCoord>
      </locus>
    </nonNodule>
    <nonNodule>
      <nonNoduleID>IL057_196773</nonNoduleID>
      <imageZposition>-273.75</imageZposition>
      <imageSOP_UID>1.3.6.1.4.1.14519.5.2.1.6279.6001.203406426168986306059797122484</imageSOP_UID>
      <locus>
        <xCoord>75</xCoord>
        <yCoord>267</yCoord>
      </locus>
    </nonNodule>
    <nonNodule>
      <nonNoduleID>IL057_196774</nonNoduleID>
      <imageZposition>-303.75</imageZposition>
      <imageSOP_UID>1.3.6.1.4.1.14519.5.2.1.6279.6001.325262217656874373284795758048</imageSOP_UID>
      <locus>
        <xCoord>383</xCoord>
        <yCoord>404</yCoord>
      </locus>
    </nonNodule>
    <nonNodule>
      <nonNoduleID>IL057_196775</nonNoduleID>
      <imageZposition>-278.75</imageZposition>
      <imageSOP_UID>1.3.6.1.4.1.14519.5.2.1.6279.6001.266061290405436046861102099963</imageSOP_UID>
      <locus>
        <xCoord>462</xCoord>
        <yCoord>333</yCoord>
      </locus>
    </nonNodule>
    <nonNodule>
      <nonNoduleID>IL057_196776</nonNoduleID>
      <imageZposition>-108.75</imageZposition>
      <imageSOP_UID>1.3.6.1.4.1.14519.5.2.1.6279.6001.255761495078167718765514023636</imageSOP_UID>
      <locus>
        <xCoord>286</xCoord>
        <yCoord>209</yCoord>
      </locus>
    </nonNodule>
    <nonNodule>
      <nonNoduleID>IL057_196777</nonNoduleID>
      <imageZposition>-41.25</imageZposition>
      <imageSOP_UID>1.3.6.1.4.1.14519.5.2.1.6279.6001.323569936063133040961381921758</imageSOP_UID>
      <locus>
        <xCoord>336</xCoord>
        <yCoord>326</yCoord>
      </locus>
    </nonNodule>
    <nonNodule>
      <nonNoduleID>IL057_196778</nonNoduleID>
      <imageZposition>-191.25</imageZposition>
      <imageSOP_UID>1.3.6.1.4.1.14519.5.2.1.6279.6001.298217783091261128072508654526</imageSOP_UID>
      <locus>
        <xCoord>118</xCoord>
        <yCoord>430</yCoord>
      </locus>
    </nonNodule>
  </readingSession>
<readingSession>
<annotationVersion>3.12</annotationVersion>
<servicingRadiologistID>714019386</servicingRadiologistID>
<unblindedReadNodule>
<noduleID>MI014_14479</noduleID>
<roi>
<imageZposition>-181.25</imageZposition>
<imageSOP_UID>1.3.6.1.4.1.14519.5.2.1.6279.6001.195947141920730884013303628132</imageSOP_UID>
<inclusion>TRUE</inclusion>
<edgeMap>
<xCoord>260</xCoord>
<yCoord>185</yCoord>
</edgeMap>
</roi>
</unblindedReadNodule>
<unblindedReadNodule>
<noduleID>MI014_14470</noduleID>
<roi>
<imageZposition>-178.75</imageZposition>
<imageSOP_UID>1.3.6.1.4.1.14519.5.2.1.6279.6001.164606215156485798246715011727</imageSOP_UID>
<inclusion>TRUE</inclusion>
<edgeMap>
<xCoord>85</xCoord>
<yCoord>355</yCoord>
</edgeMap>
</roi>
</unblindedReadNodule>
<unblindedReadNodule>
<noduleID>MI014_14480</noduleID>
<roi>
<imageZposition>-161.25</imageZposition>
<imageSOP_UID>1.3.6.1.4.1.14519.5.2.1.6279.6001.142074530366305281535707242980</imageSOP_UID>
<inclusion>TRUE</inclusion>
<edgeMap>
<xCoord>348</xCoord>
<yCoord>417</yCoord>
</edgeMap>
</roi>
</unblindedReadNodule>
<unblindedReadNodule>
<noduleID>MI014_14464</noduleID>
<roi>
<imageZposition>-168.75</imageZposition>
<imageSOP_UID>1.3.6.1.4.1.14519.5.2.1.6279.6001.252212190506189941203009911930</imageSOP_UID>
<inclusion>TRUE</inclusion>
<edgeMap>
<xCoord>134</xCoord>
<yCoord>200</yCoord>
</edgeMap>
</roi>
</unblindedReadNodule>
<nonNodule>
<nonNoduleID>MI014_14481</nonNoduleID>
<imageZposition>-111.25</imageZposition>
<imageSOP_UID>1.3.6.1.4.1.14519.5.2.1.6279.6001.462200763205331348172545577040</imageSOP_UID>
<locus>
<xCoord>284</xCoord>
<yCoord>186</yCoord>
</locus>
</nonNodule>
<nonNodule>
<nonNoduleID>MI014_14482</nonNoduleID>
<imageZposition>-111.25</imageZposition>
<imageSOP_UID>1.3.6.1.4.1.14519.5.2.1.6279.6001.462200763205331348172545577040</imageSOP_UID>
<locus>
<xCoord>196</xCoord>
<yCoord>175</yCoord>
</locus>
</nonNodule>
<nonNodule>
<nonNoduleID>MI014_14483</nonNoduleID>
<imageZposition>-111.25</imageZposition>
<imageSOP_UID>1.3.6.1.4.1.14519.5.2.1.6279.6001.462200763205331348172545577040</imageSOP_UID>
<locus>
<xCoord>306</xCoord>
<yCoord>367</yCoord>
</locus>
</nonNodule>
<nonNodule>
<nonNoduleID>MI014_14484</nonNoduleID>
<imageZposition>-51.25</imageZposition>
<imageSOP_UID>1.3.6.1.4.1.14519.5.2.1.6279.6001.216448385636832127223354784953</imageSOP_UID>
<locus>
<xCoord>342</xCoord>
<yCoord>270</yCoord>
</locus>
</nonNodule>
<nonNodule>
<nonNoduleID>MI014_14485</nonNoduleID>
<imageZposition>-111.25</imageZposition>
<imageSOP_UID>1.3.6.1.4.1.14519.5.2.1.6279.6001.462200763205331348172545577040</imageSOP_UID>
<locus>
<xCoord>241</xCoord>
<yCoord>296</yCoord>
</locus>
</nonNodule>
<nonNodule>
<nonNoduleID>MI014_14467</nonNoduleID>
<imageZposition>-133.75</imageZposition>
<imageSOP_UID>1.3.6.1.4.1.14519.5.2.1.6279.6001.243538040579361375293737497846</imageSOP_UID>
<locus>
<xCoord>302</xCoord>
<yCoord>177</yCoord>
</locus>
</nonNodule>
<nonNodule>
<nonNoduleID>MI014_14486</nonNoduleID>
<imageZposition>-268.75</imageZposition>
<imageSOP_UID>1.3.6.1.4.1.14519.5.2.1.6279.6001.121979010034283717718610625177</imageSOP_UID>
<locus>
<xCoord>98</xCoord>
<yCoord>242</yCoord>
</locus>
</nonNodule>
<nonNodule>
<nonNoduleID>MI014_14487</nonNoduleID>
<imageZposition>-268.75</imageZposition>
<imageSOP_UID>1.3.6.1.4.1.14519.5.2.1.6279.6001.121979010034283717718610625177</imageSOP_UID>
<locus>
<xCoord>134</xCoord>
<yCoord>214</yCoord>
</locus>
</nonNodule>
<nonNodule>
<nonNoduleID>MI014_14488</nonNoduleID>
<imageZposition>-291.25</imageZposition>
<imageSOP_UID>1.3.6.1.4.1.14519.5.2.1.6279.6001.182400986907631957636388014313</imageSOP_UID>
<locus>
<xCoord>215</xCoord>
<yCoord>357</yCoord>
</locus>
</nonNodule>
<nonNodule>
<nonNoduleID>MI014_14468</nonNoduleID>
<imageZposition>-281.25</imageZposition>
<imageSOP_UID>1.3.6.1.4.1.14519.5.2.1.6279.6001.157800183915768039198878702810</imageSOP_UID>
<locus>
<xCoord>461</xCoord>
<yCoord>333</yCoord>
</locus>
</nonNodule>
<nonNodule>
<nonNoduleID>MI014_14472</nonNoduleID>
<imageZposition>-111.25</imageZposition>
<imageSOP_UID>1.3.6.1.4.1.14519.5.2.1.6279.6001.462200763205331348172545577040</imageSOP_UID>
<locus>
<xCoord>191</xCoord>
<yCoord>176</yCoord>
</locus>
</nonNodule>
<nonNodule>
<nonNoduleID>MI014_14473</nonNoduleID>
<imageZposition>-273.75</imageZposition>
<imageSOP_UID>1.3.6.1.4.1.14519.5.2.1.6279.6001.203406426168986306059797122484</imageSOP_UID>
<locus>
<xCoord>75</xCoord>
<yCoord>267</yCoord>
</locus>
</nonNodule>
<nonNodule>
<nonNoduleID>MI014_14474</nonNoduleID>
<imageZposition>-303.75</imageZposition>
<imageSOP_UID>1.3.6.1.4.1.14519.5.2.1.6279.6001.325262217656874373284795758048</imageSOP_UID>
<locus>
<xCoord>383</xCoord>
<yCoord>404</yCoord>
</locus>
</nonNodule>
<nonNodule>
<nonNoduleID>MI014_14475</nonNoduleID>
<imageZposition>-278.75</imageZposition>
<imageSOP_UID>1.3.6.1.4.1.14519.5.2.1.6279.6001.266061290405436046861102099963</imageSOP_UID>
<locus>
<xCoord>462</xCoord>
<yCoord>333</yCoord>
</locus>
</nonNodule>
<nonNodule>
<nonNoduleID>MI014_14476</nonNoduleID>
<imageZposition>-108.75</imageZposition>
<imageSOP_UID>1.3.6.1.4.1.14519.5.2.1.6279.6001.255761495078167718765514023636</imageSOP_UID>
<locus>
<xCoord>286</xCoord>
<yCoord>209</yCoord>
</locus>
</nonNodule>
<nonNodule>
<nonNoduleID>MI014_14477</nonNoduleID>
<imageZposition>-41.25</imageZposition>
<imageSOP_UID>1.3.6.1.4.1.14519.5.2.1.6279.6001.323569936063133040961381921758</imageSOP_UID>
<locus>
<xCoord>336</xCoord>
<yCoord>326</yCoord>
</locus>
</nonNodule>
</readingSession>
<readingSession>
		<annotationVersion>3.12</annotationVersion>
		<servicingRadiologistID>-571290417</servicingRadiologistID>
			<unblindedReadNodule>
				<noduleID>0</noduleID>
				<roi>
					<imageZposition>-168.75</imageZposition>
					<imageSOP_UID>1.3.6.1.4.1.14519.5.2.1.6279.6001.252212190506189941203009911930</imageSOP_UID>
					<inclusion>TRUE</inclusion>
					<edgeMap>
					<xCoord>134</xCoord>
					<yCoord>200</yCoord>
					</edgeMap>
				</roi>
			</unblindedReadNodule>
			<unblindedReadNodule>
				<noduleID>2</noduleID>
				<roi>
					<imageZposition>-178.75</imageZposition>
					<imageSOP_UID>1.3.6.1.4.1.14519.5.2.1.6279.6001.164606215156485798246715011727</imageSOP_UID>
					<inclusion>TRUE</inclusion>
					<edgeMap>
					<xCoord>83</xCoord>
					<yCoord>354</yCoord>
					</edgeMap>
				</roi>
			</unblindedReadNodule>
			<nonNodule>
				<nonNoduleID>1</nonNoduleID>
				<imageZposition>-101.25</imageZposition>
				<imageSOP_UID>1.3.6.1.4.1.14519.5.2.1.6279.6001.184039366484755530180157055067</imageSOP_UID>
				<locus>
					<xCoord>232</xCoord>
					<yCoord>297</yCoord>
				</locus>
			</nonNodule>
	</readingSession>
</LidcReadMessage>