<?xml version="1.0" encoding="UTF-8"?>
<LidcReadMessage uid="1.3.6.1.4.1.14519.5.2.1.6279.6001.1307390678724.0" xmlns="http://www.nih.gov" xmlns:xsi="http://www.w3.org/2001/XMLSchema-instance" xsi:schemaLocation="http://www.nih.gov  http://troll.rad.med.umich.edu/lidc/LidcReadMessage.xsd">
<ResponseHeader>
<Version>1.8</Version>
<MessageId>2844445</MessageId>
<DateRequest>2005-10-26</DateRequest>
<TimeRequest>00:00:00</TimeRequest>
<RequestingSite>removed</RequestingSite>
<ServicingSite>removed</ServicingSite>
<TaskDescription>Second unblinded read</TaskDescription>

<CtImageFile>removed</CtImageFile>
<SeriesInstanceUid>1.3.6.1.4.1.14519.5.2.1.6279.6001.696727502904070993160975844791</SeriesInstanceUid>
<DateService>2005-10-26</DateService>
<TimeService>00:00:00</TimeService>
<ResponseDescription>1 - Reading complete</ResponseDescription>
<StudyInstanceUID>1.3.6.1.4.1.14519.5.2.1.6279.6001.137641101085876511008939491396</StudyInstanceUID></ResponseHeader>
<readingSession>
<annotationVersion>3.12</annotationVersion>
<servicingRadiologistID>anon</servicingRadiologistID>
<unblindedReadNodule>

<noduleID>115155</noduleID>
<characteristics>
<subtlety>5</subtlety>
<internalStructure>1</internalStructure>
<calcification>6</calcification>
<sphericity>4</sphericity>
<margin>4</margin>
<lobulation>2</lobulation>
<spiculation>2</spiculation>

<texture>5</texture>
<malignancy>3</malignancy>
</characteristics>
<roi>
<imageZposition>1549.5</imageZposition>
<imageSOP_UID>1.3.6.1.4.1.14519.5.2.1.6279.6001.314144355855468712729159621951</imageSOP_UID>
<inclusion>TRUE</inclusion>
<edgeMap>
<xCoord>137</xCoord>
<yCoord>349</yCoord>

</edgeMap>
<edgeMap>
<xCoord>138</xCoord>
<yCoord>348</yCoord>
</edgeMap>
<edgeMap>
<xCoord>138</xCoord>
<yCoord>347</yCoord>
</edgeMap>
<edgeMap>
<xCoord>138</xCoord>
<yCoord>346</yCoord>

</edgeMap>
<edgeMap>
<xCoord>137</xCoord>
<yCoord>345</yCoord>
</edgeMap>
<edgeMap>
<xCoord>136</xCoord>
<yCoord>346</yCoord>
</edgeMap>
<edgeMap>
<xCoord>135</xCoord>
<yCoord>346</yCoord>

</edgeMap>
<edgeMap>
<xCoord>134</xCoord>
<yCoord>347</yCoord>
</edgeMap>
<edgeMap>
<xCoord>135</xCoord>
<yCoord>348</yCoord>
</edgeMap>
<edgeMap>
<xCoord>136</xCoord>
<yCoord>349</yCoord>

</edgeMap>
<edgeMap>
<xCoord>137</xCoord>
<yCoord>349</yCoord>
</edgeMap>
</roi>
<roi>
<imageZposition>1547.5</imageZposition>
<imageSOP_UID>1.3.6.1.4.1.14519.5.2.1.6279.6001.121289810900259285793139773208</imageSOP_UID>
<inclusion>TRUE</inclusion>
<edgeMap>
<xCoord>139</xCoord>

<yCoord>351</yCoord>
</edgeMap>
<edgeMap>
<xCoord>140</xCoord>
<yCoord>350</yCoord>
</edgeMap>
<edgeMap>
<xCoord>141</xCoord>
<yCoord>349</yCoord>
</edgeMap>
<edgeMap>
<xCoord>142</xCoord>

<yCoord>348</yCoord>
</edgeMap>
<edgeMap>
<xCoord>143</xCoord>
<yCoord>347</yCoord>
</edgeMap>
<edgeMap>
<xCoord>143</xCoord>
<yCoord>346</yCoord>
</edgeMap>
<edgeMap>
<xCoord>144</xCoord>

<yCoord>345</yCoord>
</edgeMap>
<edgeMap>
<xCoord>144</xCoord>
<yCoord>344</yCoord>
</edgeMap>
<edgeMap>
<xCoord>144</xCoord>
<yCoord>343</yCoord>
</edgeMap>
<edgeMap>
<xCoord>143</xCoord>

<yCoord>342</yCoord>
</edgeMap>
<edgeMap>
<xCoord>142</xCoord>
<yCoord>342</yCoord>
</edgeMap>
<edgeMap>
<xCoord>141</xCoord>
<yCoord>341</yCoord>
</edgeMap>
<edgeMap>
<xCoord>140</xCoord>

<yCoord>341</yCoord>
</edgeMap>
<edgeMap>
<xCoord>139</xCoord>
<yCoord>341</yCoord>
</edgeMap>
<edgeMap>
<xCoord>138</xCoord>
<yCoord>341</yCoord>
</edgeMap>
<edgeMap>
<xCoord>137</xCoord>

<yCoord>341</yCoord>
</edgeMap>
<edgeMap>
<xCoord>136</xCoord>
<yCoord>341</yCoord>
</edgeMap>
<edgeMap>
<xCoord>135</xCoord>
<yCoord>341</yCoord>
</edgeMap>
<edgeMap>
<xCoord>134</xCoord>

<yCoord>342</yCoord>
</edgeMap>
<edgeMap>
<xCoord>133</xCoord>
<yCoord>342</yCoord>
</edgeMap>
<edgeMap>
<xCoord>132</xCoord>
<yCoord>343</yCoord>
</edgeMap>
<edgeMap>
<xCoord>131</xCoord>

<yCoord>344</yCoord>
</edgeMap>
<edgeMap>
<xCoord>131</xCoord>
<yCoord>345</yCoord>
</edgeMap>
<edgeMap>
<xCoord>131</xCoord>
<yCoord>346</yCoord>
</edgeMap>
<edgeMap>
<xCoord>131</xCoord>

<yCoord>347</yCoord>
</edgeMap>
<edgeMap>
<xCoord>131</xCoord>
<yCoord>348</yCoord>
</edgeMap>
<edgeMap>
<xCoord>131</xCoord>
<yCoord>349</yCoord>
</edgeMap>
<edgeMap>
<xCoord>132</xCoord>

<yCoord>350</yCoord>
</edgeMap>
<edgeMap>
<xCoord>133</xCoord>
<yCoord>351</yCoord>
</edgeMap>
<edgeMap>
<xCoord>134</xCoord>
<yCoord>351</yCoord>
</edgeMap>
<edgeMap>
<xCoord>135</xCoord>

<yCoord>351</yCoord>
</edgeMap>
<edgeMap>
<xCoord>136</xCoord>
<yCoord>351</yCoord>
</edgeMap>
<edgeMap>
<xCoord>137</xCoord>
<yCoord>351</yCoord>
</edgeMap>
<edgeMap>
<xCoord>138</xCoord>

<yCoord>351</yCoord>
</edgeMap>
<edgeMap>
<xCoord>139</xCoord>
<yCoord>351</yCoord>
</edgeMap>
</roi>
<roi>
<imageZposition>1545.5</imageZposition>
<imageSOP_UID>1.3.6.1.4.1.14519.5.2.1.6279.6001.119633655715102443394368382990</imageSOP_UID>
<inclusion>TRUE</inclusion>

<edgeMap>
<xCoord>140</xCoord>
<yCoord>351</yCoord>
</edgeMap>
<edgeMap>
<xCoord>141</xCoord>
<yCoord>350</yCoord>
</edgeMap>
<edgeMap>
<xCoord>142</xCoord>
<yCoord>349</yCoord>

</edgeMap>
<edgeMap>
<xCoord>143</xCoord>
<yCoord>348</yCoord>
</edgeMap>
<edgeMap>
<xCoord>143</xCoord>
<yCoord>347</yCoord>
</edgeMap>
<edgeMap>
<xCoord>143</xCoord>
<yCoord>346</yCoord>

</edgeMap>
<edgeMap>
<xCoord>143</xCoord>
<yCoord>345</yCoord>
</edgeMap>
<edgeMap>
<xCoord>143</xCoord>
<yCoord>344</yCoord>
</edgeMap>
<edgeMap>
<xCoord>143</xCoord>
<yCoord>343</yCoord>

</edgeMap>
<edgeMap>
<xCoord>142</xCoord>
<yCoord>342</yCoord>
</edgeMap>
<edgeMap>
<xCoord>141</xCoord>
<yCoord>342</yCoord>
</edgeMap>
<edgeMap>
<xCoord>140</xCoord>
<yCoord>341</yCoord>

</edgeMap>
<edgeMap>
<xCoord>139</xCoord>
<yCoord>341</yCoord>
</edgeMap>
<edgeMap>
<xCoord>138</xCoord>
<yCoord>341</yCoord>
</edgeMap>
<edgeMap>
<xCoord>137</xCoord>
<yCoord>341</yCoord>

</edgeMap>
<edgeMap>
<xCoord>136</xCoord>
<yCoord>342</yCoord>
</edgeMap>
<edgeMap>
<xCoord>135</xCoord>
<yCoord>342</yCoord>
</edgeMap>
<edgeMap>
<xCoord>134</xCoord>
<yCoord>343</yCoord>

</edgeMap>
<edgeMap>
<xCoord>133</xCoord>
<yCoord>343</yCoord>
</edgeMap>
<edgeMap>
<xCoord>132</xCoord>
<yCoord>344</yCoord>
</edgeMap>
<edgeMap>
<xCoord>132</xCoord>
<yCoord>345</yCoord>

</edgeMap>
<edgeMap>
<xCoord>131</xCoord>
<yCoord>346</yCoord>
</edgeMap>
<edgeMap>
<xCoord>131</xCoord>
<yCoord>347</yCoord>
</edgeMap>
<edgeMap>
<xCoord>132</xCoord>
<yCoord>348</yCoord>

</edgeMap>
<edgeMap>
<xCoord>132</xCoord>
<yCoord>349</yCoord>
</edgeMap>
<edgeMap>
<xCoord>133</xCoord>
<yCoord>350</yCoord>
</edgeMap>
<edgeMap>
<xCoord>134</xCoord>
<yCoord>351</yCoord>

</edgeMap>
<edgeMap>
<xCoord>135</xCoord>
<yCoord>351</yCoord>
</edgeMap>
<edgeMap>
<xCoord>136</xCoord>
<yCoord>351</yCoord>
</edgeMap>
<edgeMap>
<xCoord>137</xCoord>
<yCoord>351</yCoord>

</edgeMap>
<edgeMap>
<xCoord>138</xCoord>
<yCoord>351</yCoord>
</edgeMap>
<edgeMap>
<xCoord>139</xCoord>
<yCoord>351</yCoord>
</edgeMap>
<edgeMap>
<xCoord>140</xCoord>
<yCoord>351</yCoord>

</edgeMap>
</roi>
<roi>
<imageZposition>1543.5</imageZposition>
<imageSOP_UID>1.3.6.1.4.1.14519.5.2.1.6279.6001.332358650113057169990405588648</imageSOP_UID>
<inclusion>TRUE</inclusion>
<edgeMap>
<xCoord>138</xCoord>
<yCoord>348</yCoord>
</edgeMap>
<edgeMap>
<xCoord>139</xCoord>

<yCoord>347</yCoord>
</edgeMap>
<edgeMap>
<xCoord>140</xCoord>
<yCoord>346</yCoord>
</edgeMap>
<edgeMap>
<xCoord>140</xCoord>
<yCoord>345</yCoord>
</edgeMap>
<edgeMap>
<xCoord>139</xCoord>

<yCoord>344</yCoord>
</edgeMap>
<edgeMap>
<xCoord>138</xCoord>
<yCoord>344</yCoord>
</edgeMap>
<edgeMap>
<xCoord>137</xCoord>
<yCoord>344</yCoord>
</edgeMap>
<edgeMap>
<xCoord>136</xCoord>

<yCoord>344</yCoord>
</edgeMap>
<edgeMap>
<xCoord>135</xCoord>
<yCoord>344</yCoord>
</edgeMap>
<edgeMap>
<xCoord>134</xCoord>
<yCoord>344</yCoord>
</edgeMap>
<edgeMap>
<xCoord>133</xCoord>

<yCoord>345</yCoord>
</edgeMap>
<edgeMap>
<xCoord>133</xCoord>
<yCoord>346</yCoord>
</edgeMap>
<edgeMap>
<xCoord>133</xCoord>
<yCoord>347</yCoord>
</edgeMap>
<edgeMap>
<xCoord>134</xCoord>

<yCoord>348</yCoord>
</edgeMap>
<edgeMap>
<xCoord>135</xCoord>
<yCoord>348</yCoord>
</edgeMap>
<edgeMap>
<xCoord>136</xCoord>
<yCoord>348</yCoord>
</edgeMap>
<edgeMap>
<xCoord>137</xCoord>

<yCoord>348</yCoord>
</edgeMap>
<edgeMap>
<xCoord>138</xCoord>
<yCoord>348</yCoord>
</edgeMap>
</roi>
</unblindedReadNodule>
<nonNodule>
<nonNoduleID>115160</nonNoduleID>
<imageZposition>1459.5</imageZposition>
<imageSOP_UID>1.3.6.1.4.1.14519.5.2.1.6279.6001.256678710055640816154729690013</imageSOP_UID>

<locus>
<xCoord>215</xCoord>
<yCoord>338</yCoord>
</locus>
</nonNodule>
<nonNodule>
<nonNoduleID>115158</nonNoduleID>
<imageZposition>1465.5</imageZposition>
<imageSOP_UID>1.3.6.1.4.1.14519.5.2.1.6279.6001.306424829578018145616835665721</imageSOP_UID>
<locus>
<xCoord>87</xCoord>

<yCoord>242</yCoord>
</locus>
</nonNodule>
<nonNodule>
<nonNoduleID>115161</nonNoduleID>
<imageZposition>1465.5</imageZposition>
<imageSOP_UID>1.3.6.1.4.1.14519.5.2.1.6279.6001.306424829578018145616835665721</imageSOP_UID>
<locus>
<xCoord>191</xCoord>
<yCoord>334</yCoord>
</locus>

</nonNodule>
</readingSession>









  <readingSession>
    <annotationVersion>3.12</annotationVersion>
    <servicingRadiologistID>anon</servicingRadiologistID>
    <unblindedReadNodule>

      <noduleID>128807</noduleID>
      <characteristics>
        <subtlety>4</subtlety>
        <internalStructure>1</internalStructure>
        <calcification>6</calcification>
        <sphericity>4</sphericity>

        <margin>3</margin>
        <lobulation>1</lobulation>
        <spiculation>4</spiculation>
        <texture>4</texture>
        <malignancy>4</malignancy>
      </characteristics>

      <roi>
        <imageZposition>1547.5</imageZposition>
        <imageSOP_UID>1.3.6.1.4.1.14519.5.2.1.6279.6001.121289810900259285793139773208</imageSOP_UID>
        <inclusion>TRUE</inclusion>
        <edgeMap>
          <xCoord>139</xCoord>
          <yCoord>353</yCoord>

        </edgeMap>
        <edgeMap>
          <xCoord>140</xCoord>
          <yCoord>352</yCoord>
        </edgeMap>
        <edgeMap>
          <xCoord>141</xCoord>

          <yCoord>351</yCoord>
        </edgeMap>
        <edgeMap>
          <xCoord>142</xCoord>
          <yCoord>350</yCoord>
        </edgeMap>
        <edgeMap>

          <xCoord>143</xCoord>
          <yCoord>349</yCoord>
        </edgeMap>
        <edgeMap>
          <xCoord>144</xCoord>
          <yCoord>348</yCoord>
        </edgeMap>

        <edgeMap>
          <xCoord>145</xCoord>
          <yCoord>347</yCoord>
        </edgeMap>
        <edgeMap>
          <xCoord>145</xCoord>
          <yCoord>346</yCoord>

        </edgeMap>
        <edgeMap>
          <xCoord>144</xCoord>
          <yCoord>346</yCoord>
        </edgeMap>
        <edgeMap>
          <xCoord>143</xCoord>

          <yCoord>345</yCoord>
        </edgeMap>
        <edgeMap>
          <xCoord>142</xCoord>
          <yCoord>344</yCoord>
        </edgeMap>
        <edgeMap>

          <xCoord>142</xCoord>
          <yCoord>343</yCoord>
        </edgeMap>
        <edgeMap>
          <xCoord>142</xCoord>
          <yCoord>342</yCoord>
        </edgeMap>

        <edgeMap>
          <xCoord>142</xCoord>
          <yCoord>341</yCoord>
        </edgeMap>
        <edgeMap>
          <xCoord>142</xCoord>
          <yCoord>340</yCoord>

        </edgeMap>
        <edgeMap>
          <xCoord>141</xCoord>
          <yCoord>340</yCoord>
        </edgeMap>
        <edgeMap>
          <xCoord>140</xCoord>

          <yCoord>340</yCoord>
        </edgeMap>
        <edgeMap>
          <xCoord>139</xCoord>
          <yCoord>340</yCoord>
        </edgeMap>
        <edgeMap>

          <xCoord>138</xCoord>
          <yCoord>340</yCoord>
        </edgeMap>
        <edgeMap>
          <xCoord>137</xCoord>
          <yCoord>340</yCoord>
        </edgeMap>

        <edgeMap>
          <xCoord>136</xCoord>
          <yCoord>340</yCoord>
        </edgeMap>
        <edgeMap>
          <xCoord>135</xCoord>
          <yCoord>340</yCoord>

        </edgeMap>
        <edgeMap>
          <xCoord>134</xCoord>
          <yCoord>340</yCoord>
        </edgeMap>
        <edgeMap>
          <xCoord>133</xCoord>

          <yCoord>341</yCoord>
        </edgeMap>
        <edgeMap>
          <xCoord>133</xCoord>
          <yCoord>342</yCoord>
        </edgeMap>
        <edgeMap>

          <xCoord>132</xCoord>
          <yCoord>343</yCoord>
        </edgeMap>
        <edgeMap>
          <xCoord>131</xCoord>
          <yCoord>344</yCoord>
        </edgeMap>

        <edgeMap>
          <xCoord>131</xCoord>
          <yCoord>345</yCoord>
        </edgeMap>
        <edgeMap>
          <xCoord>130</xCoord>
          <yCoord>346</yCoord>

        </edgeMap>
        <edgeMap>
          <xCoord>130</xCoord>
          <yCoord>347</yCoord>
        </edgeMap>
        <edgeMap>
          <xCoord>131</xCoord>

          <yCoord>348</yCoord>
        </edgeMap>
        <edgeMap>
          <xCoord>131</xCoord>
          <yCoord>349</yCoord>
        </edgeMap>
        <edgeMap>

          <xCoord>130</xCoord>
          <yCoord>350</yCoord>
        </edgeMap>
        <edgeMap>
          <xCoord>131</xCoord>
          <yCoord>351</yCoord>
        </edgeMap>

        <edgeMap>
          <xCoord>132</xCoord>
          <yCoord>352</yCoord>
        </edgeMap>
        <edgeMap>
          <xCoord>133</xCoord>
          <yCoord>352</yCoord>

        </edgeMap>
        <edgeMap>
          <xCoord>134</xCoord>
          <yCoord>353</yCoord>
        </edgeMap>
        <edgeMap>
          <xCoord>135</xCoord>

          <yCoord>353</yCoord>
        </edgeMap>
        <edgeMap>
          <xCoord>136</xCoord>
          <yCoord>353</yCoord>
        </edgeMap>
        <edgeMap>

          <xCoord>137</xCoord>
          <yCoord>353</yCoord>
        </edgeMap>
        <edgeMap>
          <xCoord>138</xCoord>
          <yCoord>353</yCoord>
        </edgeMap>

        <edgeMap>
          <xCoord>139</xCoord>
          <yCoord>353</yCoord>
        </edgeMap>
      </roi>
      <roi>
        <imageZposition>1545.5</imageZposition>

        <imageSOP_UID>1.3.6.1.4.1.14519.5.2.1.6279.6001.119633655715102443394368382990</imageSOP_UID>
        <inclusion>TRUE</inclusion>
        <edgeMap>
          <xCoord>137</xCoord>
          <yCoord>353</yCoord>
        </edgeMap>
        <edgeMap>

          <xCoord>138</xCoord>
          <yCoord>352</yCoord>
        </edgeMap>
        <edgeMap>
          <xCoord>139</xCoord>
          <yCoord>352</yCoord>
        </edgeMap>

        <edgeMap>
          <xCoord>140</xCoord>
          <yCoord>352</yCoord>
        </edgeMap>
        <edgeMap>
          <xCoord>141</xCoord>
          <yCoord>351</yCoord>

        </edgeMap>
        <edgeMap>
          <xCoord>142</xCoord>
          <yCoord>351</yCoord>
        </edgeMap>
        <edgeMap>
          <xCoord>143</xCoord>

          <yCoord>350</yCoord>
        </edgeMap>
        <edgeMap>
          <xCoord>144</xCoord>
          <yCoord>349</yCoord>
        </edgeMap>
        <edgeMap>

          <xCoord>144</xCoord>
          <yCoord>348</yCoord>
        </edgeMap>
        <edgeMap>
          <xCoord>144</xCoord>
          <yCoord>347</yCoord>
        </edgeMap>

        <edgeMap>
          <xCoord>144</xCoord>
          <yCoord>346</yCoord>
        </edgeMap>
        <edgeMap>
          <xCoord>145</xCoord>
          <yCoord>345</yCoord>

        </edgeMap>
        <edgeMap>
          <xCoord>145</xCoord>
          <yCoord>344</yCoord>
        </edgeMap>
        <edgeMap>
          <xCoord>144</xCoord>

          <yCoord>343</yCoord>
        </edgeMap>
        <edgeMap>
          <xCoord>144</xCoord>
          <yCoord>342</yCoord>
        </edgeMap>
        <edgeMap>

          <xCoord>143</xCoord>
          <yCoord>341</yCoord>
        </edgeMap>
        <edgeMap>
          <xCoord>142</xCoord>
          <yCoord>341</yCoord>
        </edgeMap>

        <edgeMap>
          <xCoord>141</xCoord>
          <yCoord>340</yCoord>
        </edgeMap>
        <edgeMap>
          <xCoord>140</xCoord>
          <yCoord>340</yCoord>

        </edgeMap>
        <edgeMap>
          <xCoord>139</xCoord>
          <yCoord>339</yCoord>
        </edgeMap>
        <edgeMap>
          <xCoord>138</xCoord>

          <yCoord>339</yCoord>
        </edgeMap>
        <edgeMap>
          <xCoord>137</xCoord>
          <yCoord>340</yCoord>
        </edgeMap>
        <edgeMap>

          <xCoord>136</xCoord>
          <yCoord>340</yCoord>
        </edgeMap>
        <edgeMap>
          <xCoord>135</xCoord>
          <yCoord>340</yCoord>
        </edgeMap>

        <edgeMap>
          <xCoord>134</xCoord>
          <yCoord>341</yCoord>
        </edgeMap>
        <edgeMap>
          <xCoord>133</xCoord>
          <yCoord>342</yCoord>

        </edgeMap>
        <edgeMap>
          <xCoord>132</xCoord>
          <yCoord>342</yCoord>
        </edgeMap>
        <edgeMap>
          <xCoord>131</xCoord>

          <yCoord>343</yCoord>
        </edgeMap>
        <edgeMap>
          <xCoord>130</xCoord>
          <yCoord>344</yCoord>
        </edgeMap>
        <edgeMap>

          <xCoord>129</xCoord>
          <yCoord>345</yCoord>
        </edgeMap>
        <edgeMap>
          <xCoord>130</xCoord>
          <yCoord>346</yCoord>
        </edgeMap>

        <edgeMap>
          <xCoord>131</xCoord>
          <yCoord>346</yCoord>
        </edgeMap>
        <edgeMap>
          <xCoord>132</xCoord>
          <yCoord>347</yCoord>

        </edgeMap>
        <edgeMap>
          <xCoord>132</xCoord>
          <yCoord>348</yCoord>
        </edgeMap>
        <edgeMap>
          <xCoord>132</xCoord>

          <yCoord>349</yCoord>
        </edgeMap>
        <edgeMap>
          <xCoord>132</xCoord>
          <yCoord>350</yCoord>
        </edgeMap>
        <edgeMap>

          <xCoord>132</xCoord>
          <yCoord>351</yCoord>
        </edgeMap>
        <edgeMap>
          <xCoord>133</xCoord>
          <yCoord>352</yCoord>
        </edgeMap>

        <edgeMap>
          <xCoord>134</xCoord>
          <yCoord>352</yCoord>
        </edgeMap>
        <edgeMap>
          <xCoord>135</xCoord>
          <yCoord>353</yCoord>

        </edgeMap>
        <edgeMap>
          <xCoord>136</xCoord>
          <yCoord>353</yCoord>
        </edgeMap>
        <edgeMap>
          <xCoord>137</xCoord>

          <yCoord>353</yCoord>
        </edgeMap>
      </roi>
    </unblindedReadNodule>
  </readingSession>









<readingSession>
<annotationVersion>3.12</annotationVersion>
<servicingRadiologistID>anon</servicingRadiologistID>
<unblindedReadNodule>

<noduleID>16570</noduleID>
<characteristics>
<subtlety>3</subtlety>
<internalStructure>1</internalStructure>
<calcification>6</calcification>
<sphericity>3</sphericity>
<margin>3</margin>
<lobulation>2</lobulation>
<spiculation>2</spiculation>

<texture>4</texture>
<malignancy>3</malignancy>
</characteristics>
<roi>
<imageZposition>1547.5</imageZposition>
<imageSOP_UID>1.3.6.1.4.1.14519.5.2.1.6279.6001.121289810900259285793139773208</imageSOP_UID>
<inclusion>TRUE</inclusion>
<edgeMap>
<xCoord>139</xCoord>
<yCoord>352</yCoord>

</edgeMap>
<edgeMap>
<xCoord>140</xCoord>
<yCoord>351</yCoord>
</edgeMap>
<edgeMap>
<xCoord>141</xCoord>
<yCoord>350</yCoord>
</edgeMap>
<edgeMap>
<xCoord>142</xCoord>
<yCoord>350</yCoord>

</edgeMap>
<edgeMap>
<xCoord>143</xCoord>
<yCoord>349</yCoord>
</edgeMap>
<edgeMap>
<xCoord>144</xCoord>
<yCoord>348</yCoord>
</edgeMap>
<edgeMap>
<xCoord>144</xCoord>
<yCoord>347</yCoord>

</edgeMap>
<edgeMap>
<xCoord>144</xCoord>
<yCoord>346</yCoord>
</edgeMap>
<edgeMap>
<xCoord>144</xCoord>
<yCoord>345</yCoord>
</edgeMap>
<edgeMap>
<xCoord>144</xCoord>
<yCoord>344</yCoord>

</edgeMap>
<edgeMap>
<xCoord>144</xCoord>
<yCoord>343</yCoord>
</edgeMap>
<edgeMap>
<xCoord>144</xCoord>
<yCoord>342</yCoord>
</edgeMap>
<edgeMap>
<xCoord>143</xCoord>
<yCoord>341</yCoord>

</edgeMap>
<edgeMap>
<xCoord>142</xCoord>
<yCoord>341</yCoord>
</edgeMap>
<edgeMap>
<xCoord>141</xCoord>
<yCoord>340</yCoord>
</edgeMap>
<edgeMap>
<xCoord>140</xCoord>
<yCoord>340</yCoord>

</edgeMap>
<edgeMap>
<xCoord>139</xCoord>
<yCoord>340</yCoord>
</edgeMap>
<edgeMap>
<xCoord>138</xCoord>
<yCoord>340</yCoord>
</edgeMap>
<edgeMap>
<xCoord>137</xCoord>
<yCoord>340</yCoord>

</edgeMap>
<edgeMap>
<xCoord>136</xCoord>
<yCoord>340</yCoord>
</edgeMap>
<edgeMap>
<xCoord>135</xCoord>
<yCoord>340</yCoord>
</edgeMap>
<edgeMap>
<xCoord>134</xCoord>
<yCoord>341</yCoord>

</edgeMap>
<edgeMap>
<xCoord>133</xCoord>
<yCoord>341</yCoord>
</edgeMap>
<edgeMap>
<xCoord>132</xCoord>
<yCoord>342</yCoord>
</edgeMap>
<edgeMap>
<xCoord>131</xCoord>
<yCoord>343</yCoord>

</edgeMap>
<edgeMap>
<xCoord>131</xCoord>
<yCoord>344</yCoord>
</edgeMap>
<edgeMap>
<xCoord>131</xCoord>
<yCoord>345</yCoord>
</edgeMap>
<edgeMap>
<xCoord>131</xCoord>
<yCoord>346</yCoord>

</edgeMap>
<edgeMap>
<xCoord>131</xCoord>
<yCoord>347</yCoord>
</edgeMap>
<edgeMap>
<xCoord>131</xCoord>
<yCoord>348</yCoord>
</edgeMap>
<edgeMap>
<xCoord>131</xCoord>
<yCoord>349</yCoord>

</edgeMap>
<edgeMap>
<xCoord>131</xCoord>
<yCoord>350</yCoord>
</edgeMap>
<edgeMap>
<xCoord>132</xCoord>
<yCoord>351</yCoord>
</edgeMap>
<edgeMap>
<xCoord>133</xCoord>
<yCoord>352</yCoord>

</edgeMap>
<edgeMap>
<xCoord>134</xCoord>
<yCoord>352</yCoord>
</edgeMap>
<edgeMap>
<xCoord>135</xCoord>
<yCoord>352</yCoord>
</edgeMap>
<edgeMap>
<xCoord>136</xCoord>
<yCoord>352</yCoord>

</edgeMap>
<edgeMap>
<xCoord>137</xCoord>
<yCoord>352</yCoord>
</edgeMap>
<edgeMap>
<xCoord>138</xCoord>
<yCoord>352</yCoord>
</edgeMap>
<edgeMap>
<xCoord>139</xCoord>
<yCoord>352</yCoord>

</edgeMap>
</roi>
<roi>
<imageZposition>1545.5</imageZposition>
<imageSOP_UID>1.3.6.1.4.1.14519.5.2.1.6279.6001.119633655715102443394368382990</imageSOP_UID>
<inclusion>TRUE</inclusion>
<edgeMap>
<xCoord>140</xCoord>
<yCoord>352</yCoord>
</edgeMap>
<edgeMap>
<xCoord>141</xCoord>

<yCoord>351</yCoord>
</edgeMap>
<edgeMap>
<xCoord>142</xCoord>
<yCoord>351</yCoord>
</edgeMap>
<edgeMap>
<xCoord>143</xCoord>
<yCoord>350</yCoord>
</edgeMap>
<edgeMap>
<xCoord>144</xCoord>

<yCoord>349</yCoord>
</edgeMap>
<edgeMap>
<xCoord>144</xCoord>
<yCoord>348</yCoord>
</edgeMap>
<edgeMap>
<xCoord>144</xCoord>
<yCoord>347</yCoord>
</edgeMap>
<edgeMap>
<xCoord>144</xCoord>

<yCoord>346</yCoord>
</edgeMap>
<edgeMap>
<xCoord>144</xCoord>
<yCoord>345</yCoord>
</edgeMap>
<edgeMap>
<xCoord>144</xCoord>
<yCoord>344</yCoord>
</edgeMap>
<edgeMap>
<xCoord>144</xCoord>

<yCoord>343</yCoord>
</edgeMap>
<edgeMap>
<xCoord>143</xCoord>
<yCoord>342</yCoord>
</edgeMap>
<edgeMap>
<xCoord>142</xCoord>
<yCoord>341</yCoord>
</edgeMap>
<edgeMap>
<xCoord>141</xCoord>

<yCoord>341</yCoord>
</edgeMap>
<edgeMap>
<xCoord>140</xCoord>
<yCoord>340</yCoord>
</edgeMap>
<edgeMap>
<xCoord>139</xCoord>
<yCoord>340</yCoord>
</edgeMap>
<edgeMap>
<xCoord>138</xCoord>

<yCoord>340</yCoord>
</edgeMap>
<edgeMap>
<xCoord>137</xCoord>
<yCoord>340</yCoord>
</edgeMap>
<edgeMap>
<xCoord>136</xCoord>
<yCoord>340</yCoord>
</edgeMap>
<edgeMap>
<xCoord>135</xCoord>

<yCoord>341</yCoord>
</edgeMap>
<edgeMap>
<xCoord>134</xCoord>
<yCoord>341</yCoord>
</edgeMap>
<edgeMap>
<xCoord>133</xCoord>
<yCoord>342</yCoord>
</edgeMap>
<edgeMap>
<xCoord>132</xCoord>

<yCoord>343</yCoord>
</edgeMap>
<edgeMap>
<xCoord>131</xCoord>
<yCoord>343</yCoord>
</edgeMap>
<edgeMap>
<xCoord>130</xCoord>
<yCoord>344</yCoord>
</edgeMap>
<edgeMap>
<xCoord>130</xCoord>

<yCoord>345</yCoord>
</edgeMap>
<edgeMap>
<xCoord>130</xCoord>
<yCoord>346</yCoord>
</edgeMap>
<edgeMap>
<xCoord>130</xCoord>
<yCoord>347</yCoord>
</edgeMap>
<edgeMap>
<xCoord>131</xCoord>

<yCoord>348</yCoord>
</edgeMap>
<edgeMap>
<xCoord>131</xCoord>
<yCoord>349</yCoord>
</edgeMap>
<edgeMap>
<xCoord>131</xCoord>
<yCoord>350</yCoord>
</edgeMap>
<edgeMap>
<xCoord>132</xCoord>

<yCoord>351</yCoord>
</edgeMap>
<edgeMap>
<xCoord>133</xCoord>
<yCoord>351</yCoord>
</edgeMap>
<edgeMap>
<xCoord>134</xCoord>
<yCoord>352</yCoord>
</edgeMap>
<edgeMap>
<xCoord>135</xCoord>

<yCoord>352</yCoord>
</edgeMap>
<edgeMap>
<xCoord>136</xCoord>
<yCoord>352</yCoord>
</edgeMap>
<edgeMap>
<xCoord>137</xCoord>
<yCoord>352</yCoord>
</edgeMap>
<edgeMap>
<xCoord>138</xCoord>

<yCoord>352</yCoord>
</edgeMap>
<edgeMap>
<xCoord>139</xCoord>
<yCoord>352</yCoord>
</edgeMap>
<edgeMap>
<xCoord>140</xCoord>
<yCoord>352</yCoord>
</edgeMap>
</roi>
<roi>

<imageZposition>1543.5</imageZposition>
<imageSOP_UID>1.3.6.1.4.1.14519.5.2.1.6279.6001.332358650113057169990405588648</imageSOP_UID>
<inclusion>TRUE</inclusion>
<edgeMap>
<xCoord>139</xCoord>
<yCoord>348</yCoord>
</edgeMap>
<edgeMap>
<xCoord>140</xCoord>
<yCoord>347</yCoord>

</edgeMap>
<edgeMap>
<xCoord>141</xCoord>
<yCoord>347</yCoord>
</edgeMap>
<edgeMap>
<xCoord>142</xCoord>
<yCoord>347</yCoord>
</edgeMap>
<edgeMap>
<xCoord>142</xCoord>
<yCoord>346</yCoord>

</edgeMap>
<edgeMap>
<xCoord>143</xCoord>
<yCoord>345</yCoord>
</edgeMap>
<edgeMap>
<xCoord>143</xCoord>
<yCoord>344</yCoord>
</edgeMap>
<edgeMap>
<xCoord>143</xCoord>
<yCoord>343</yCoord>

</edgeMap>
<edgeMap>
<xCoord>142</xCoord>
<yCoord>342</yCoord>
</edgeMap>
<edgeMap>
<xCoord>142</xCoord>
<yCoord>341</yCoord>
</edgeMap>
<edgeMap>
<xCoord>142</xCoord>
<yCoord>340</yCoord>

</edgeMap>
<edgeMap>
<xCoord>141</xCoord>
<yCoord>340</yCoord>
</edgeMap>
<edgeMap>
<xCoord>140</xCoord>
<yCoord>340</yCoord>
</edgeMap>
<edgeMap>
<xCoord>139</xCoord>
<yCoord>340</yCoord>

</edgeMap>
<edgeMap>
<xCoord>138</xCoord>
<yCoord>340</yCoord>
</edgeMap>
<edgeMap>
<xCoord>137</xCoord>
<yCoord>340</yCoord>
</edgeMap>
<edgeMap>
<xCoord>136</xCoord>
<yCoord>341</yCoord>

</edgeMap>
<edgeMap>
<xCoord>136</xCoord>
<yCoord>342</yCoord>
</edgeMap>
<edgeMap>
<xCoord>136</xCoord>
<yCoord>343</yCoord>
</edgeMap>
<edgeMap>
<xCoord>137</xCoord>
<yCoord>344</yCoord>

</edgeMap>
<edgeMap>
<xCoord>137</xCoord>
<yCoord>345</yCoord>
</edgeMap>
<edgeMap>
<xCoord>137</xCoord>
<yCoord>346</yCoord>
</edgeMap>
<edgeMap>
<xCoord>137</xCoord>
<yCoord>347</yCoord>

</edgeMap>
<edgeMap>
<xCoord>137</xCoord>
<yCoord>348</yCoord>
</edgeMap>
<edgeMap>
<xCoord>138</xCoord>
<yCoord>348</yCoord>
</edgeMap>
<edgeMap>
<xCoord>139</xCoord>
<yCoord>348</yCoord>

</edgeMap>
</roi>
</unblindedReadNodule>
<unblindedReadNodule>
<noduleID>16576</noduleID>
<roi>
<imageZposition>1467.5</imageZposition>
<imageSOP_UID>1.3.6.1.4.1.14519.5.2.1.6279.6001.338911632770936775324430329741</imageSOP_UID>
<inclusion>TRUE</inclusion>
<edgeMap>
<xCoord>93</xCoord>
<yCoord>301</yCoord>

</edgeMap>
</roi>
</unblindedReadNodule>
<nonNodule>
<nonNoduleID>16575</nonNoduleID>
<imageZposition>1465.5</imageZposition>
<imageSOP_UID>1.3.6.1.4.1.14519.5.2.1.6279.6001.306424829578018145616835665721</imageSOP_UID>
<locus>
<xCoord>87</xCoord>
<yCoord>242</yCoord>
</locus>
</nonNodule>

<nonNodule>
<nonNoduleID>16577</nonNoduleID>
<imageZposition>1459.5</imageZposition>
<imageSOP_UID>1.3.6.1.4.1.14519.5.2.1.6279.6001.256678710055640816154729690013</imageSOP_UID>
<locus>
<xCoord>215</xCoord>
<yCoord>338</yCoord>
</locus>
</nonNodule>
<nonNodule>
<nonNoduleID>16578</nonNoduleID>

<imageZposition>1465.5</imageZposition>
<imageSOP_UID>1.3.6.1.4.1.14519.5.2.1.6279.6001.306424829578018145616835665721</imageSOP_UID>
<locus>
<xCoord>191</xCoord>
<yCoord>334</yCoord>
</locus>
</nonNodule>
</readingSession>









	<readingSession>
		<annotationVersion>3.12</annotationVersion>
		<servicingRadiologistID>anon</servicingRadiologistID>
			<unblindedReadNodule>
				<noduleID>0</noduleID>
				<characteristics>
					<subtlety>3</subtlety>
					<internalStructure>1</internalStructure>
					<calcification>6</calcification>
					<sphericity>5</sphericity>
					<margin>5</margin>
					<lobulation>1</lobulation>
					<spiculation>1</spiculation>
					<texture>5</texture>
					<malignancy>2</malignancy>
				</characteristics>
				<roi>
					<imageZposition>1549.5</imageZposition>
					<imageSOP_UID>1.3.6.1.4.1.14519.5.2.1.6279.6001.314144355855468712729159621951</imageSOP_UID>
					<inclusion>TRUE</inclusion>
					<edgeMap>
					<xCoord>131</xCoord>
					<yCoord>345</yCoord>
					</edgeMap>
					<edgeMap>
					<xCoord>130</xCoord>
					<yCoord>344</yCoord>
					</edgeMap>
					<edgeMap>
					<xCoord>129</xCoord>
					<yCoord>343</yCoord>
					</edgeMap>
					<edgeMap>
					<xCoord>129</xCoord>
					<yCoord>342</yCoord>
					</edgeMap>
					<edgeMap>
					<xCoord>129</xCoord>
					<yCoord>341</yCoord>
					</edgeMap>
					<edgeMap>
					<xCoord>129</xCoord>
					<yCoord>340</yCoord>
					</edgeMap>
					<edgeMap>
					<xCoord>128</xCoord>
					<yCoord>339</yCoord>
					</edgeMap>
					<edgeMap>
					<xCoord>129</xCoord>
					<yCoord>339</yCoord>
					</edgeMap>
					<edgeMap>
					<xCoord>130</xCoord>
					<yCoord>339</yCoord>
					</edgeMap>
					<edgeMap>
					<xCoord>131</xCoord>
					<yCoord>339</yCoord>
					</edgeMap>
					<edgeMap>
					<xCoord>132</xCoord>
					<yCoord>339</yCoord>
					</edgeMap>
					<edgeMap>
					<xCoord>133</xCoord>
					<yCoord>339</yCoord>
					</edgeMap>
					<edgeMap>
					<xCoord>134</xCoord>
					<yCoord>339</yCoord>
					</edgeMap>
					<edgeMap>
					<xCoord>135</xCoord>
					<yCoord>339</yCoord>
					</edgeMap>
					<edgeMap>
					<xCoord>136</xCoord>
					<yCoord>340</yCoord>
					</edgeMap>
					<edgeMap>
					<xCoord>137</xCoord>
					<yCoord>340</yCoord>
					</edgeMap>
					<edgeMap>
					<xCoord>138</xCoord>
					<yCoord>340</yCoord>
					</edgeMap>
					<edgeMap>
					<xCoord>139</xCoord>
					<yCoord>341</yCoord>
					</edgeMap>
					<edgeMap>
					<xCoord>140</xCoord>
					<yCoord>341</yCoord>
					</edgeMap>
					<edgeMap>
					<xCoord>141</xCoord>
					<yCoord>341</yCoord>
					</edgeMap>
					<edgeMap>
					<xCoord>141</xCoord>
					<yCoord>342</yCoord>
					</edgeMap>
					<edgeMap>
					<xCoord>141</xCoord>
					<yCoord>343</yCoord>
					</edgeMap>
					<edgeMap>
					<xCoord>141</xCoord>
					<yCoord>344</yCoord>
					</edgeMap>
					<edgeMap>
					<xCoord>140</xCoord>
					<yCoord>344</yCoord>
					</edgeMap>
					<edgeMap>
					<xCoord>139</xCoord>
					<yCoord>345</yCoord>
					</edgeMap>
					<edgeMap>
					<xCoord>138</xCoord>
					<yCoord>345</yCoord>
					</edgeMap>
					<edgeMap>
					<xCoord>137</xCoord>
					<yCoord>345</yCoord>
					</edgeMap>
					<edgeMap>
					<xCoord>136</xCoord>
					<yCoord>346</yCoord>
					</edgeMap>
					<edgeMap>
					<xCoord>135</xCoord>
					<yCoord>346</yCoord>
					</edgeMap>
					<edgeMap>
					<xCoord>134</xCoord>
					<yCoord>346</yCoord>
					</edgeMap>
					<edgeMap>
					<xCoord>133</xCoord>
					<yCoord>346</yCoord>
					</edgeMap>
					<edgeMap>
					<xCoord>132</xCoord>
					<yCoord>345</yCoord>
					</edgeMap>
					<edgeMap>
					<xCoord>131</xCoord>
					<yCoord>345</yCoord>
					</edgeMap>
				</roi>
				<roi>
					<imageZposition>1547.5</imageZposition>
					<imageSOP_UID>1.3.6.1.4.1.14519.5.2.1.6279.6001.121289810900259285793139773208</imageSOP_UID>
					<inclusion>TRUE</inclusion>
					<edgeMap>
					<xCoord>132</xCoord>
					<yCoord>342</yCoord>
					</edgeMap>
					<edgeMap>
					<xCoord>133</xCoord>
					<yCoord>341</yCoord>
					</edgeMap>
					<edgeMap>
					<xCoord>134</xCoord>
					<yCoord>340</yCoord>
					</edgeMap>
					<edgeMap>
					<xCoord>135</xCoord>
					<yCoord>340</yCoord>
					</edgeMap>
					<edgeMap>
					<xCoord>136</xCoord>
					<yCoord>339</yCoord>
					</edgeMap>
					<edgeMap>
					<xCoord>137</xCoord>
					<yCoord>339</yCoord>
					</edgeMap>
					<edgeMap>
					<xCoord>138</xCoord>
					<yCoord>339</yCoord>
					</edgeMap>
					<edgeMap>
					<xCoord>139</xCoord>
					<yCoord>340</yCoord>
					</edgeMap>
					<edgeMap>
					<xCoord>140</xCoord>
					<yCoord>340</yCoord>
					</edgeMap>
					<edgeMap>
					<xCoord>141</xCoord>
					<yCoord>340</yCoord>
					</edgeMap>
					<edgeMap>
					<xCoord>142</xCoord>
					<yCoord>340</yCoord>
					</edgeMap>
					<edgeMap>
					<xCoord>143</xCoord>
					<yCoord>340</yCoord>
					</edgeMap>
					<edgeMap>
					<xCoord>144</xCoord>
					<yCoord>340</yCoord>
					</edgeMap>
					<edgeMap>
					<xCoord>144</xCoord>
					<yCoord>341</yCoord>
					</edgeMap>
					<edgeMap>
					<xCoord>145</xCoord>
					<yCoord>342</yCoord>
					</edgeMap>
					<edgeMap>
					<xCoord>145</xCoord>
					<yCoord>343</yCoord>
					</edgeMap>
					<edgeMap>
					<xCoord>145</xCoord>
					<yCoord>344</yCoord>
					</edgeMap>
					<edgeMap>
					<xCoord>144</xCoord>
					<yCoord>345</yCoord>
					</edgeMap>
					<edgeMap>
					<xCoord>144</xCoord>
					<yCoord>346</yCoord>
					</edgeMap>
					<edgeMap>
					<xCoord>144</xCoord>
					<yCoord>347</yCoord>
					</edgeMap>
					<edgeMap>
					<xCoord>143</xCoord>
					<yCoord>348</yCoord>
					</edgeMap>
					<edgeMap>
					<xCoord>142</xCoord>
					<yCoord>349</yCoord>
					</edgeMap>
					<edgeMap>
					<xCoord>141</xCoord>
					<yCoord>349</yCoord>
					</edgeMap>
					<edgeMap>
					<xCoord>140</xCoord>
					<yCoord>350</yCoord>
					</edgeMap>
					<edgeMap>
					<xCoord>139</xCoord>
					<yCoord>350</yCoord>
					</edgeMap>
					<edgeMap>
					<xCoord>138</xCoord>
					<yCoord>351</yCoord>
					</edgeMap>
					<edgeMap>
					<xCoord>137</xCoord>
					<yCoord>351</yCoord>
					</edgeMap>
					<edgeMap>
					<xCoord>136</xCoord>
					<yCoord>351</yCoord>
					</edgeMap>
					<edgeMap>
					<xCoord>135</xCoord>
					<yCoord>351</yCoord>
					</edgeMap>
					<edgeMap>
					<xCoord>134</xCoord>
					<yCoord>351</yCoord>
					</edgeMap>
					<edgeMap>
					<xCoord>133</xCoord>
					<yCoord>351</yCoord>
					</edgeMap>
					<edgeMap>
					<xCoord>132</xCoord>
					<yCoord>350</yCoord>
					</edgeMap>
					<edgeMap>
					<xCoord>131</xCoord>
					<yCoord>350</yCoord>
					</edgeMap>
					<edgeMap>
					<xCoord>130</xCoord>
					<yCoord>349</yCoord>
					</edgeMap>
					<edgeMap>
					<xCoord>130</xCoord>
					<yCoord>348</yCoord>
					</edgeMap>
					<edgeMap>
					<xCoord>130</xCoord>
					<yCoord>347</yCoord>
					</edgeMap>
					<edgeMap>
					<xCoord>130</xCoord>
					<yCoord>346</yCoord>
					</edgeMap>
					<edgeMap>
					<xCoord>130</xCoord>
					<yCoord>345</yCoord>
					</edgeMap>
					<edgeMap>
					<xCoord>130</xCoord>
					<yCoord>344</yCoord>
					</edgeMap>
					<edgeMap>
					<xCoord>131</xCoord>
					<yCoord>343</yCoord>
					</edgeMap>
					<edgeMap>
					<xCoord>132</xCoord>
					<yCoord>342</yCoord>
					</edgeMap>
				</roi>
				<roi>
					<imageZposition>1545.5</imageZposition>
					<imageSOP_UID>1.3.6.1.4.1.14519.5.2.1.6279.6001.119633655715102443394368382990</imageSOP_UID>
					<inclusion>TRUE</inclusion>
					<edgeMap>
					<xCoord>132</xCoord>
					<yCoord>342</yCoord>
					</edgeMap>
					<edgeMap>
					<xCoord>133</xCoord>
					<yCoord>341</yCoord>
					</edgeMap>
					<edgeMap>
					<xCoord>134</xCoord>
					<yCoord>340</yCoord>
					</edgeMap>
					<edgeMap>
					<xCoord>135</xCoord>
					<yCoord>340</yCoord>
					</edgeMap>
					<edgeMap>
					<xCoord>136</xCoord>
					<yCoord>340</yCoord>
					</edgeMap>
					<edgeMap>
					<xCoord>137</xCoord>
					<yCoord>340</yCoord>
					</edgeMap>
					<edgeMap>
					<xCoord>138</xCoord>
					<yCoord>340</yCoord>
					</edgeMap>
					<edgeMap>
					<xCoord>139</xCoord>
					<yCoord>340</yCoord>
					</edgeMap>
					<edgeMap>
					<xCoord>140</xCoord>
					<yCoord>339</yCoord>
					</edgeMap>
					<edgeMap>
					<xCoord>141</xCoord>
					<yCoord>340</yCoord>
					</edgeMap>
					<edgeMap>
					<xCoord>142</xCoord>
					<yCoord>341</yCoord>
					</edgeMap>
					<edgeMap>
					<xCoord>143</xCoord>
					<yCoord>342</yCoord>
					</edgeMap>
					<edgeMap>
					<xCoord>144</xCoord>
					<yCoord>343</yCoord>
					</edgeMap>
					<edgeMap>
					<xCoord>144</xCoord>
					<yCoord>344</yCoord>
					</edgeMap>
					<edgeMap>
					<xCoord>144</xCoord>
					<yCoord>345</yCoord>
					</edgeMap>
					<edgeMap>
					<xCoord>144</xCoord>
					<yCoord>346</yCoord>
					</edgeMap>
					<edgeMap>
					<xCoord>145</xCoord>
					<yCoord>346</yCoord>
					</edgeMap>
					<edgeMap>
					<xCoord>144</xCoord>
					<yCoord>347</yCoord>
					</edgeMap>
					<edgeMap>
					<xCoord>144</xCoord>
					<yCoord>348</yCoord>
					</edgeMap>
					<edgeMap>
					<xCoord>143</xCoord>
					<yCoord>349</yCoord>
					</edgeMap>
					<edgeMap>
					<xCoord>142</xCoord>
					<yCoord>350</yCoord>
					</edgeMap>
					<edgeMap>
					<xCoord>141</xCoord>
					<yCoord>351</yCoord>
					</edgeMap>
					<edgeMap>
					<xCoord>140</xCoord>
					<yCoord>351</yCoord>
					</edgeMap>
					<edgeMap>
					<xCoord>139</xCoord>
					<yCoord>351</yCoord>
					</edgeMap>
					<edgeMap>
					<xCoord>138</xCoord>
					<yCoord>351</yCoord>
					</edgeMap>
					<edgeMap>
					<xCoord>137</xCoord>
					<yCoord>351</yCoord>
					</edgeMap>
					<edgeMap>
					<xCoord>136</xCoord>
					<yCoord>351</yCoord>
					</edgeMap>
					<edgeMap>
					<xCoord>135</xCoord>
					<yCoord>351</yCoord>
					</edgeMap>
					<edgeMap>
					<xCoord>134</xCoord>
					<yCoord>351</yCoord>
					</edgeMap>
					<edgeMap>
					<xCoord>133</xCoord>
					<yCoord>351</yCoord>
					</edgeMap>
					<edgeMap>
					<xCoord>132</xCoord>
					<yCoord>350</yCoord>
					</edgeMap>
					<edgeMap>
					<xCoord>131</xCoord>
					<yCoord>350</yCoord>
					</edgeMap>
					<edgeMap>
					<xCoord>130</xCoord>
					<yCoord>350</yCoord>
					</edgeMap>
					<edgeMap>
					<xCoord>129</xCoord>
					<yCoord>349</yCoord>
					</edgeMap>
					<edgeMap>
					<xCoord>128</xCoord>
					<yCoord>349</yCoord>
					</edgeMap>
					<edgeMap>
					<xCoord>127</xCoord>
					<yCoord>349</yCoord>
					</edgeMap>
					<edgeMap>
					<xCoord>126</xCoord>
					<yCoord>349</yCoord>
					</edgeMap>
					<edgeMap>
					<xCoord>126</xCoord>
					<yCoord>348</yCoord>
					</edgeMap>
					<edgeMap>
					<xCoord>127</xCoord>
					<yCoord>348</yCoord>
					</edgeMap>
					<edgeMap>
					<xCoord>128</xCoord>
					<yCoord>348</yCoord>
					</edgeMap>
					<edgeMap>
					<xCoord>129</xCoord>
					<yCoord>347</yCoord>
					</edgeMap>
					<edgeMap>
					<xCoord>130</xCoord>
					<yCoord>347</yCoord>
					</edgeMap>
					<edgeMap>
					<xCoord>130</xCoord>
					<yCoord>346</yCoord>
					</edgeMap>
					<edgeMap>
					<xCoord>129</xCoord>
					<yCoord>345</yCoord>
					</edgeMap>
					<edgeMap>
					<xCoord>129</xCoord>
					<yCoord>344</yCoord>
					</edgeMap>
					<edgeMap>
					<xCoord>130</xCoord>
					<yCoord>344</yCoord>
					</edgeMap>
					<edgeMap>
					<xCoord>131</xCoord>
					<yCoord>343</yCoord>
					</edgeMap>
					<edgeMap>
					<xCoord>132</xCoord>
					<yCoord>342</yCoord>
					</edgeMap>
				</roi>
				<roi>
					<imageZposition>1543.5</imageZposition>
					<imageSOP_UID>1.3.6.1.4.1.14519.5.2.1.6279.6001.332358650113057169990405588648</imageSOP_UID>
					<inclusion>TRUE</inclusion>
					<edgeMap>
					<xCoord>134</xCoord>
					<yCoord>342</yCoord>
					</edgeMap>
					<edgeMap>
					<xCoord>135</xCoord>
					<yCoord>341</yCoord>
					</edgeMap>
					<edgeMap>
					<xCoord>136</xCoord>
					<yCoord>341</yCoord>
					</edgeMap>
					<edgeMap>
					<xCoord>137</xCoord>
					<yCoord>341</yCoord>
					</edgeMap>
					<edgeMap>
					<xCoord>137</xCoord>
					<yCoord>340</yCoord>
					</edgeMap>
					<edgeMap>
					<xCoord>138</xCoord>
					<yCoord>339</yCoord>
					</edgeMap>
					<edgeMap>
					<xCoord>139</xCoord>
					<yCoord>340</yCoord>
					</edgeMap>
					<edgeMap>
					<xCoord>140</xCoord>
					<yCoord>340</yCoord>
					</edgeMap>
					<edgeMap>
					<xCoord>141</xCoord>
					<yCoord>340</yCoord>
					</edgeMap>
					<edgeMap>
					<xCoord>141</xCoord>
					<yCoord>341</yCoord>
					</edgeMap>
					<edgeMap>
					<xCoord>142</xCoord>
					<yCoord>342</yCoord>
					</edgeMap>
					<edgeMap>
					<xCoord>142</xCoord>
					<yCoord>343</yCoord>
					</edgeMap>
					<edgeMap>
					<xCoord>143</xCoord>
					<yCoord>344</yCoord>
					</edgeMap>
					<edgeMap>
					<xCoord>143</xCoord>
					<yCoord>345</yCoord>
					</edgeMap>
					<edgeMap>
					<xCoord>142</xCoord>
					<yCoord>346</yCoord>
					</edgeMap>
					<edgeMap>
					<xCoord>141</xCoord>
					<yCoord>347</yCoord>
					</edgeMap>
					<edgeMap>
					<xCoord>141</xCoord>
					<yCoord>348</yCoord>
					</edgeMap>
					<edgeMap>
					<xCoord>140</xCoord>
					<yCoord>348</yCoord>
					</edgeMap>
					<edgeMap>
					<xCoord>139</xCoord>
					<yCoord>348</yCoord>
					</edgeMap>
					<edgeMap>
					<xCoord>138</xCoord>
					<yCoord>348</yCoord>
					</edgeMap>
					<edgeMap>
					<xCoord>137</xCoord>
					<yCoord>348</yCoord>
					</edgeMap>
					<edgeMap>
					<xCoord>136</xCoord>
					<yCoord>348</yCoord>
					</edgeMap>
					<edgeMap>
					<xCoord>136</xCoord>
					<yCoord>347</yCoord>
					</edgeMap>
					<edgeMap>
					<xCoord>136</xCoord>
					<yCoord>346</yCoord>
					</edgeMap>
					<edgeMap>
					<xCoord>136</xCoord>
					<yCoord>345</yCoord>
					</edgeMap>
					<edgeMap>
					<xCoord>135</xCoord>
					<yCoord>344</yCoord>
					</edgeMap>
					<edgeMap>
					<xCoord>135</xCoord>
					<yCoord>343</yCoord>
					</edgeMap>
					<edgeMap>
					<xCoord>134</xCoord>
					<yCoord>342</yCoord>
					</edgeMap>
				</roi>
			</unblindedReadNodule>
			<unblindedReadNodule>
				<noduleID>1</noduleID>
				<roi>
					<imageZposition>1467.5</imageZposition>
					<imageSOP_UID>1.3.6.1.4.1.14519.5.2.1.6279.6001.338911632770936775324430329741</imageSOP_UID>
					<inclusion>TRUE</inclusion>
					<edgeMap>
					<xCoord>93</xCoord>
					<yCoord>300</yCoord>
					</edgeMap>
				</roi>
			</unblindedReadNodule>
			<unblindedReadNodule>
				<noduleID>2</noduleID>
				<characteristics>
					<subtlety>1</subtlety>
					<internalStructure>1</internalStructure>
					<calcification>6</calcification>
					<sphericity>5</sphericity>
					<margin>2</margin>
					<lobulation>1</lobulation>
					<spiculation>1</spiculation>
					<texture>1</texture>
					<malignancy>2</malignancy>
				</characteristics>
				<roi>
					<imageZposition>1467.5</imageZposition>
					<imageSOP_UID>1.3.6.1.4.1.14519.5.2.1.6279.6001.338911632770936775324430329741</imageSOP_UID>
					<inclusion>TRUE</inclusion>
					<edgeMap>
					<xCoord>85</xCoord>
					<yCoord>237</yCoord>
					</edgeMap>
					<edgeMap>
					<xCoord>86</xCoord>
					<yCoord>237</yCoord>
					</edgeMap>
					<edgeMap>
					<xCoord>87</xCoord>
					<yCoord>237</yCoord>
					</edgeMap>
					<edgeMap>
					<xCoord>88</xCoord>
					<yCoord>237</yCoord>
					</edgeMap>
					<edgeMap>
					<xCoord>89</xCoord>
					<yCoord>237</yCoord>
					</edgeMap>
					<edgeMap>
					<xCoord>90</xCoord>
					<yCoord>237</yCoord>
					</edgeMap>
					<edgeMap>
					<xCoord>90</xCoord>
					<yCoord>238</yCoord>
					</edgeMap>
					<edgeMap>
					<xCoord>90</xCoord>
					<yCoord>239</yCoord>
					</edgeMap>
					<edgeMap>
					<xCoord>90</xCoord>
					<yCoord>240</yCoord>
					</edgeMap>
					<edgeMap>
					<xCoord>89</xCoord>
					<yCoord>240</yCoord>
					</edgeMap>
					<edgeMap>
					<xCoord>88</xCoord>
					<yCoord>241</yCoord>
					</edgeMap>
					<edgeMap>
					<xCoord>88</xCoord>
					<yCoord>242</yCoord>
					</edgeMap>
					<edgeMap>
					<xCoord>87</xCoord>
					<yCoord>242</yCoord>
					</edgeMap>
					<edgeMap>
					<xCoord>86</xCoord>
					<yCoord>242</yCoord>
					</edgeMap>
					<edgeMap>
					<xCoord>85</xCoord>
					<yCoord>241</yCoord>
					</edgeMap>
					<edgeMap>
					<xCoord>85</xCoord>
					<yCoord>240</yCoord>
					</edgeMap>
					<edgeMap>
					<xCoord>84</xCoord>
					<yCoord>239</yCoord>
					</edgeMap>
					<edgeMap>
					<xCoord>84</xCoord>
					<yCoord>238</yCoord>
					</edgeMap>
					<edgeMap>
					<xCoord>85</xCoord>
					<yCoord>237</yCoord>
					</edgeMap>
				</roi>
				<roi>
					<imageZposition>1465.5</imageZposition>
					<imageSOP_UID>1.3.6.1.4.1.14519.5.2.1.6279.6001.306424829578018145616835665721</imageSOP_UID>
					<inclusion>TRUE</inclusion>
					<edgeMap>
					<xCoord>83</xCoord>
					<yCoord>238</yCoord>
					</edgeMap>
					<edgeMap>
					<xCoord>84</xCoord>
					<yCoord>237</yCoord>
					</edgeMap>
					<edgeMap>
					<xCoord>85</xCoord>
					<yCoord>237</yCoord>
					</edgeMap>
					<edgeMap>
					<xCoord>86</xCoord>
					<yCoord>237</yCoord>
					</edgeMap>
					<edgeMap>
					<xCoord>87</xCoord>
					<yCoord>237</yCoord>
					</edgeMap>
					<edgeMap>
					<xCoord>88</xCoord>
					<yCoord>238</yCoord>
					</edgeMap>
					<edgeMap>
					<xCoord>89</xCoord>
					<yCoord>238</yCoord>
					</edgeMap>
					<edgeMap>
					<xCoord>89</xCoord>
					<yCoord>239</yCoord>
					</edgeMap>
					<edgeMap>
					<xCoord>88</xCoord>
					<yCoord>240</yCoord>
					</edgeMap>
					<edgeMap>
					<xCoord>88</xCoord>
					<yCoord>241</yCoord>
					</edgeMap>
					<edgeMap>
					<xCoord>88</xCoord>
					<yCoord>242</yCoord>
					</edgeMap>
					<edgeMap>
					<xCoord>88</xCoord>
					<yCoord>243</yCoord>
					</edgeMap>
					<edgeMap>
					<xCoord>89</xCoord>
					<yCoord>244</yCoord>
					</edgeMap>
					<edgeMap>
					<xCoord>89</xCoord>
					<yCoord>245</yCoord>
					</edgeMap>
					<edgeMap>
					<xCoord>90</xCoord>
					<yCoord>245</yCoord>
					</edgeMap>
					<edgeMap>
					<xCoord>88</xCoord>
					<yCoord>245</yCoord>
					</edgeMap>
					<edgeMap>
					<xCoord>87</xCoord>
					<yCoord>245</yCoord>
					</edgeMap>
					<edgeMap>
					<xCoord>86</xCoord>
					<yCoord>245</yCoord>
					</edgeMap>
					<edgeMap>
					<xCoord>85</xCoord>
					<yCoord>245</yCoord>
					</edgeMap>
					<edgeMap>
					<xCoord>84</xCoord>
					<yCoord>245</yCoord>
					</edgeMap>
					<edgeMap>
					<xCoord>83</xCoord>
					<yCoord>245</yCoord>
					</edgeMap>
					<edgeMap>
					<xCoord>83</xCoord>
					<yCoord>244</yCoord>
					</edgeMap>
					<edgeMap>
					<xCoord>82</xCoord>
					<yCoord>243</yCoord>
					</edgeMap>
					<edgeMap>
					<xCoord>81</xCoord>
					<yCoord>242</yCoord>
					</edgeMap>
					<edgeMap>
					<xCoord>81</xCoord>
					<yCoord>241</yCoord>
					</edgeMap>
					<edgeMap>
					<xCoord>82</xCoord>
					<yCoord>240</yCoord>
					</edgeMap>
					<edgeMap>
					<xCoord>82</xCoord>
					<yCoord>239</yCoord>
					</edgeMap>
					<edgeMap>
					<xCoord>83</xCoord>
					<yCoord>238</yCoord>
					</edgeMap>
				</roi>
				<roi>
					<imageZposition>1463.5</imageZposition>
					<imageSOP_UID>1.3.6.1.4.1.14519.5.2.1.6279.6001.216928768065643109150747746720</imageSOP_UID>
					<inclusion>TRUE</inclusion>
					<edgeMap>
					<xCoord>83</xCoord>
					<yCoord>240</yCoord>
					</edgeMap>
					<edgeMap>
					<xCoord>84</xCoord>
					<yCoord>239</yCoord>
					</edgeMap>
					<edgeMap>
					<xCoord>85</xCoord>
					<yCoord>239</yCoord>
					</edgeMap>
					<edgeMap>
					<xCoord>86</xCoord>
					<yCoord>239</yCoord>
					</edgeMap>
					<edgeMap>
					<xCoord>87</xCoord>
					<yCoord>239</yCoord>
					</edgeMap>
					<edgeMap>
					<xCoord>88</xCoord>
					<yCoord>240</yCoord>
					</edgeMap>
					<edgeMap>
					<xCoord>89</xCoord>
					<yCoord>241</yCoord>
					</edgeMap>
					<edgeMap>
					<xCoord>89</xCoord>
					<yCoord>242</yCoord>
					</edgeMap>
					<edgeMap>
					<xCoord>89</xCoord>
					<yCoord>243</yCoord>
					</edgeMap>
					<edgeMap>
					<xCoord>88</xCoord>
					<yCoord>243</yCoord>
					</edgeMap>
					<edgeMap>
					<xCoord>87</xCoord>
					<yCoord>243</yCoord>
					</edgeMap>
					<edgeMap>
					<xCoord>86</xCoord>
					<yCoord>243</yCoord>
					</edgeMap>
					<edgeMap>
					<xCoord>85</xCoord>
					<yCoord>243</yCoord>
					</edgeMap>
					<edgeMap>
					<xCoord>84</xCoord>
					<yCoord>242</yCoord>
					</edgeMap>
					<edgeMap>
					<xCoord>84</xCoord>
					<yCoord>241</yCoord>
					</edgeMap>
					<edgeMap>
					<xCoord>83</xCoord>
					<yCoord>240</yCoord>
					</edgeMap>
				</roi>
			</unblindedReadNodule>
			<unblindedReadNodule>
				<noduleID>3</noduleID>
				<characteristics>
					<subtlety>1</subtlety>
					<internalStructure>1</internalStructure>
					<calcification>6</calcification>
					<sphericity>5</sphericity>
					<margin>2</margin>
					<lobulation>1</lobulation>
					<spiculation>1</spiculation>
					<texture>1</texture>
					<malignancy>2</malignancy>
				</characteristics>
				<roi>
					<imageZposition>1541.5</imageZposition>
					<imageSOP_UID>1.3.6.1.4.1.14519.5.2.1.6279.6001.669302275404219513347259262278</imageSOP_UID>
					<inclusion>TRUE</inclusion>
					<edgeMap>
					<xCoord>103</xCoord>
					<yCoord>245</yCoord>
					</edgeMap>
					<edgeMap>
					<xCoord>104</xCoord>
					<yCoord>245</yCoord>
					</edgeMap>
					<edgeMap>
					<xCoord>105</xCoord>
					<yCoord>245</yCoord>
					</edgeMap>
					<edgeMap>
					<xCoord>106</xCoord>
					<yCoord>245</yCoord>
					</edgeMap>
					<edgeMap>
					<xCoord>107</xCoord>
					<yCoord>246</yCoord>
					</edgeMap>
					<edgeMap>
					<xCoord>107</xCoord>
					<yCoord>247</yCoord>
					</edgeMap>
					<edgeMap>
					<xCoord>107</xCoord>
					<yCoord>248</yCoord>
					</edgeMap>
					<edgeMap>
					<xCoord>107</xCoord>
					<yCoord>249</yCoord>
					</edgeMap>
					<edgeMap>
					<xCoord>107</xCoord>
					<yCoord>250</yCoord>
					</edgeMap>
					<edgeMap>
					<xCoord>107</xCoord>
					<yCoord>251</yCoord>
					</edgeMap>
					<edgeMap>
					<xCoord>106</xCoord>
					<yCoord>252</yCoord>
					</edgeMap>
					<edgeMap>
					<xCoord>105</xCoord>
					<yCoord>252</yCoord>
					</edgeMap>
					<edgeMap>
					<xCoord>104</xCoord>
					<yCoord>251</yCoord>
					</edgeMap>
					<edgeMap>
					<xCoord>103</xCoord>
					<yCoord>251</yCoord>
					</edgeMap>
					<edgeMap>
					<xCoord>103</xCoord>
					<yCoord>250</yCoord>
					</edgeMap>
					<edgeMap>
					<xCoord>102</xCoord>
					<yCoord>249</yCoord>
					</edgeMap>
					<edgeMap>
					<xCoord>101</xCoord>
					<yCoord>249</yCoord>
					</edgeMap>
					<edgeMap>
					<xCoord>101</xCoord>
					<yCoord>248</yCoord>
					</edgeMap>
					<edgeMap>
					<xCoord>101</xCoord>
					<yCoord>247</yCoord>
					</edgeMap>
					<edgeMap>
					<xCoord>102</xCoord>
					<yCoord>246</yCoord>
					</edgeMap>
					<edgeMap>
					<xCoord>103</xCoord>
					<yCoord>245</yCoord>
					</edgeMap>
				</roi>
				<roi>
					<imageZposition>1539.5</imageZposition>
					<imageSOP_UID>1.3.6.1.4.1.14519.5.2.1.6279.6001.149672326136991793600054697623</imageSOP_UID>
					<inclusion>TRUE</inclusion>
					<edgeMap>
					<xCoord>103</xCoord>
					<yCoord>244</yCoord>
					</edgeMap>
					<edgeMap>
					<xCoord>104</xCoord>
					<yCoord>244</yCoord>
					</edgeMap>
					<edgeMap>
					<xCoord>105</xCoord>
					<yCoord>244</yCoord>
					</edgeMap>
					<edgeMap>
					<xCoord>106</xCoord>
					<yCoord>244</yCoord>
					</edgeMap>
					<edgeMap>
					<xCoord>107</xCoord>
					<yCoord>244</yCoord>
					</edgeMap>
					<edgeMap>
					<xCoord>108</xCoord>
					<yCoord>244</yCoord>
					</edgeMap>
					<edgeMap>
					<xCoord>109</xCoord>
					<yCoord>244</yCoord>
					</edgeMap>
					<edgeMap>
					<xCoord>110</xCoord>
					<yCoord>245</yCoord>
					</edgeMap>
					<edgeMap>
					<xCoord>111</xCoord>
					<yCoord>246</yCoord>
					</edgeMap>
					<edgeMap>
					<xCoord>112</xCoord>
					<yCoord>246</yCoord>
					</edgeMap>
					<edgeMap>
					<xCoord>112</xCoord>
					<yCoord>247</yCoord>
					</edgeMap>
					<edgeMap>
					<xCoord>112</xCoord>
					<yCoord>248</yCoord>
					</edgeMap>
					<edgeMap>
					<xCoord>112</xCoord>
					<yCoord>249</yCoord>
					</edgeMap>
					<edgeMap>
					<xCoord>111</xCoord>
					<yCoord>249</yCoord>
					</edgeMap>
					<edgeMap>
					<xCoord>110</xCoord>
					<yCoord>249</yCoord>
					</edgeMap>
					<edgeMap>
					<xCoord>109</xCoord>
					<yCoord>249</yCoord>
					</edgeMap>
					<edgeMap>
					<xCoord>108</xCoord>
					<yCoord>250</yCoord>
					</edgeMap>
					<edgeMap>
					<xCoord>107</xCoord>
					<yCoord>250</yCoord>
					</edgeMap>
					<edgeMap>
					<xCoord>106</xCoord>
					<yCoord>250</yCoord>
					</edgeMap>
					<edgeMap>
					<xCoord>105</xCoord>
					<yCoord>251</yCoord>
					</edgeMap>
					<edgeMap>
					<xCoord>104</xCoord>
					<yCoord>251</yCoord>
					</edgeMap>
					<edgeMap>
					<xCoord>103</xCoord>
					<yCoord>251</yCoord>
					</edgeMap>
					<edgeMap>
					<xCoord>102</xCoord>
					<yCoord>251</yCoord>
					</edgeMap>
					<edgeMap>
					<xCoord>101</xCoord>
					<yCoord>251</yCoord>
					</edgeMap>
					<edgeMap>
					<xCoord>100</xCoord>
					<yCoord>251</yCoord>
					</edgeMap>
					<edgeMap>
					<xCoord>99</xCoord>
					<yCoord>251</yCoord>
					</edgeMap>
					<edgeMap>
					<xCoord>98</xCoord>
					<yCoord>250</yCoord>
					</edgeMap>
					<edgeMap>
					<xCoord>98</xCoord>
					<yCoord>249</yCoord>
					</edgeMap>
					<edgeMap>
					<xCoord>99</xCoord>
					<yCoord>248</yCoord>
					</edgeMap>
					<edgeMap>
					<xCoord>99</xCoord>
					<yCoord>247</yCoord>
					</edgeMap>
					<edgeMap>
					<xCoord>100</xCoord>
					<yCoord>246</yCoord>
					</edgeMap>
					<edgeMap>
					<xCoord>100</xCoord>
					<yCoord>245</yCoord>
					</edgeMap>
					<edgeMap>
					<xCoord>101</xCoord>
					<yCoord>245</yCoord>
					</edgeMap>
					<edgeMap>
					<xCoord>102</xCoord>
					<yCoord>245</yCoord>
					</edgeMap>
					<edgeMap>
					<xCoord>103</xCoord>
					<yCoord>244</yCoord>
					</edgeMap>
				</roi>
				<roi>
					<imageZposition>1537.5</imageZposition>
					<imageSOP_UID>1.3.6.1.4.1.14519.5.2.1.6279.6001.334852117309157065826961897048</imageSOP_UID>
					<inclusion>TRUE</inclusion>
					<edgeMap>
					<xCoord>102</xCoord>
					<yCoord>246</yCoord>
					</edgeMap>
					<edgeMap>
					<xCoord>102</xCoord>
					<yCoord>245</yCoord>
					</edgeMap>
					<edgeMap>
					<xCoord>102</xCoord>
					<yCoord>244</yCoord>
					</edgeMap>
					<edgeMap>
					<xCoord>103</xCoord>
					<yCoord>244</yCoord>
					</edgeMap>
					<edgeMap>
					<xCoord>104</xCoord>
					<yCoord>243</yCoord>
					</edgeMap>
					<edgeMap>
					<xCoord>105</xCoord>
					<yCoord>243</yCoord>
					</edgeMap>
					<edgeMap>
					<xCoord>106</xCoord>
					<yCoord>244</yCoord>
					</edgeMap>
					<edgeMap>
					<xCoord>107</xCoord>
					<yCoord>244</yCoord>
					</edgeMap>
					<edgeMap>
					<xCoord>108</xCoord>
					<yCoord>245</yCoord>
					</edgeMap>
					<edgeMap>
					<xCoord>108</xCoord>
					<yCoord>246</yCoord>
					</edgeMap>
					<edgeMap>
					<xCoord>108</xCoord>
					<yCoord>247</yCoord>
					</edgeMap>
					<edgeMap>
					<xCoord>107</xCoord>
					<yCoord>248</yCoord>
					</edgeMap>
					<edgeMap>
					<xCoord>107</xCoord>
					<yCoord>249</yCoord>
					</edgeMap>
					<edgeMap>
					<xCoord>106</xCoord>
					<yCoord>250</yCoord>
					</edgeMap>
					<edgeMap>
					<xCoord>105</xCoord>
					<yCoord>250</yCoord>
					</edgeMap>
					<edgeMap>
					<xCoord>104</xCoord>
					<yCoord>250</yCoord>
					</edgeMap>
					<edgeMap>
					<xCoord>103</xCoord>
					<yCoord>251</yCoord>
					</edgeMap>
					<edgeMap>
					<xCoord>102</xCoord>
					<yCoord>251</yCoord>
					</edgeMap>
					<edgeMap>
					<xCoord>101</xCoord>
					<yCoord>251</yCoord>
					</edgeMap>
					<edgeMap>
					<xCoord>100</xCoord>
					<yCoord>250</yCoord>
					</edgeMap>
					<edgeMap>
					<xCoord>100</xCoord>
					<yCoord>249</yCoord>
					</edgeMap>
					<edgeMap>
					<xCoord>101</xCoord>
					<yCoord>248</yCoord>
					</edgeMap>
					<edgeMap>
					<xCoord>101</xCoord>
					<yCoord>247</yCoord>
					</edgeMap>
					<edgeMap>
					<xCoord>102</xCoord>
					<yCoord>246</yCoord>
					</edgeMap>
				</roi>
			</unblindedReadNodule>
			<nonNodule>
				<nonNoduleID>4</nonNoduleID>
				<imageZposition>1473.5</imageZposition>
				<imageSOP_UID>1.3.6.1.4.1.14519.5.2.1.6279.6001.241662951060493047192233374808</imageSOP_UID>
				<locus>
					<xCoord>405</xCoord>
					<yCoord>178</yCoord>
				</locus>
			</nonNodule>
	</readingSession>
</LidcReadMessage>