<?xml version="1.0" encoding="UTF-8"?>
<IdriReadMessage uid="1.3.6.1.4.1.14519.5.2.1.6279.6001.1307985403473.0" xmlns="http://www.nih.gov/idri" xmlns:xsi="http://www.w3.org/2001/XMLSchema-instance" xsi:schemaLocation="http://www.nih.gov/idri  http://troll.rad.med.umich.edu/idri/IdriReadMessage.xsd">
  <ResponseHeader>
    <Version>1.4</Version>
    <MessageId>1153178</MessageId>
    <DateRequest>2006-03-09</DateRequest>
    <TimeRequest>20:53:56</TimeRequest>
    <RequestingSite>removed</RequestingSite>
    <ServicingSite>removed</ServicingSite>
    <TaskDescription>CXR read</TaskDescription>
    <CTImageFile>removed</CTImageFile>
    <CTSeriesInstanceUid>1.3.6.1.4.1.14519.5.2.1.6279.6001.254254303842550572473665729969</CTSeriesInstanceUid>
    <CXRImageFile>removed</CXRImageFile>
    <CXRSeriesInstanceUid>1.3.6.1.4.1.14519.5.2.1.6279.6001.156997871894045256277431018213</CXRSeriesInstanceUid>
    <Modality>CXR</Modality>
    <DateService>2010-10-10</DateService>
    <TimeService>12:00:00</TimeService>
    <ResponseDescription>1 - Reading complete</ResponseDescription>
    <ResponseComments></ResponseComments>
  <StudyInstanceUID>1.3.6.1.4.1.14519.5.2.1.6279.6001.215903719245032883275442404772</StudyInstanceUID><SeriesInstanceUID>1.3.6.1.4.1.14519.5.2.1.6279.6001.156997871894045256277431018213</SeriesInstanceUID></ResponseHeader>
  <CXRreadingSession>
    <servicingRadiologistID>anonymous</servicingRadiologistID>
    <unblindedRead>
      <noduleID>CA006.12523</noduleID>
      <characteristics>
        <confidence>1</confidence>
      </characteristics>
      <roi>
        <imageSOP_UID>1.3.6.1.4.1.14519.5.2.1.6279.6001.114009433924854079567551844654</imageSOP_UID>
        <edgeMap>
          <xCoord>1336</xCoord>
          <yCoord>898</yCoord>
        </edgeMap>
      </roi>
    </unblindedRead>
    <unblindedRead>
      <noduleID>CA006.12527</noduleID>
      <characteristics>
        <confidence>1</confidence>
      </characteristics>
      <roi>
        <imageSOP_UID>1.3.6.1.4.1.14519.5.2.1.6279.6001.114009433924854079567551844654</imageSOP_UID>
        <edgeMap>
          <xCoord>1056</xCoord>
          <yCoord>1476</yCoord>
        </edgeMap>
      </roi>
    </unblindedRead>
    <unblindedRead>
      <noduleID>CA006.12530</noduleID>
      <characteristics>
        <confidence>1</confidence>
      </characteristics>
      <roi>
        <imageSOP_UID>1.3.6.1.4.1.14519.5.2.1.6279.6001.114009433924854079567551844654</imageSOP_UID>
        <edgeMap>
          <xCoord>1225</xCoord>
          <yCoord>1479</yCoord>
        </edgeMap>
      </roi>
    </unblindedRead>
    <unblindedRead>
      <noduleID>CA006.12533</noduleID>
      <characteristics>
        <confidence>1</confidence>
      </characteristics>
      <roi>
        <imageSOP_UID>1.3.6.1.4.1.14519.5.2.1.6279.6001.114009433924854079567551844654</imageSOP_UID>
        <edgeMap>
          <xCoord>1239</xCoord>
          <yCoord>2071</yCoord>
        </edgeMap>
      </roi>
    </unblindedRead>
  </CXRreadingSession>
  <CXRreadingSession>
    <servicingRadiologistID>anonymous</servicingRadiologistID>
    <unblindedRead>
      <noduleID>CA006.12530</noduleID>
      <characteristics>
        <confidence>1</confidence>
      </characteristics>
      <roi>
        <imageSOP_UID>1.3.6.1.4.1.14519.5.2.1.6279.6001.114009433924854079567551844654</imageSOP_UID>
        <edgeMap>
          <xCoord>1213</xCoord>
          <yCoord>1568</yCoord>
        </edgeMap>
      </roi>
    </unblindedRead>
    <unblindedRead>
      <noduleID>CA006.12523</noduleID>
      <characteristics>
        <confidence>1</confidence>
      </characteristics>
      <roi>
        <imageSOP_UID>1.3.6.1.4.1.14519.5.2.1.6279.6001.114009433924854079567551844654</imageSOP_UID>
        <edgeMap>
          <xCoord>1379</xCoord>
          <yCoord>925</yCoord>
        </edgeMap>
      </roi>
    </unblindedRead>
    <unblindedRead>
      <noduleID>CA006.12533</noduleID>
      <characteristics>
        <confidence>1</confidence>
      </characteristics>
      <roi>
        <imageSOP_UID>1.3.6.1.4.1.14519.5.2.1.6279.6001.114009433924854079567551844654</imageSOP_UID>
        <edgeMap>
          <xCoord>1185</xCoord>
          <yCoord>2133</yCoord>
        </edgeMap>
      </roi>
    </unblindedRead>
    <unblindedRead>
      <noduleID>CA006.12527</noduleID>
      <characteristics>
        <confidence>1</confidence>
      </characteristics>
      <roi>
        <imageSOP_UID>1.3.6.1.4.1.14519.5.2.1.6279.6001.114009433924854079567551844654</imageSOP_UID>
        <edgeMap>
          <xCoord>997</xCoord>
          <yCoord>1529</yCoord>
        </edgeMap>
      </roi>
    </unblindedRead>
  </CXRreadingSession>
  <CXRreadingSession>
    <servicingRadiologistID>anonymous</servicingRadiologistID>
    <unblindedRead>
      <noduleID>CA006.12523</noduleID>
      <characteristics>
        <confidence>2</confidence>
        <subtlety>3</subtlety>
        <obscuration>3</obscuration>
        <reason>3</reason>
      </characteristics>
      <roi>
        <imageSOP_UID>1.3.6.1.4.1.14519.5.2.1.6279.6001.114009433924854079567551844654</imageSOP_UID>
        <edgeMap>
          <xCoord>1392</xCoord>
          <yCoord>1119</yCoord>
        </edgeMap>
      </roi>
    </unblindedRead>
    <unblindedRead>
      <noduleID>CA006.12527</noduleID>
      <characteristics>
        <confidence>1</confidence>
      </characteristics>
      <roi>
        <imageSOP_UID>1.3.6.1.4.1.14519.5.2.1.6279.6001.114009433924854079567551844654</imageSOP_UID>
        <edgeMap>
          <xCoord>1012</xCoord>
          <yCoord>1391</yCoord>
        </edgeMap>
      </roi>
    </unblindedRead>
    <unblindedRead>
      <noduleID>CA006.12530</noduleID>
      <characteristics>
        <confidence>1</confidence>
      </characteristics>
      <roi>
        <imageSOP_UID>1.3.6.1.4.1.14519.5.2.1.6279.6001.114009433924854079567551844654</imageSOP_UID>
        <edgeMap>
          <xCoord>1176</xCoord>
          <yCoord>1391</yCoord>
        </edgeMap>
      </roi>
    </unblindedRead>
    <unblindedRead>
      <noduleID>CA006.12533</noduleID>
      <characteristics>
        <confidence>1</confidence>
      </characteristics>
      <roi>
        <imageSOP_UID>1.3.6.1.4.1.14519.5.2.1.6279.6001.114009433924854079567551844654</imageSOP_UID>
        <edgeMap>
          <xCoord>1164</xCoord>
          <yCoord>2131</yCoord>
        </edgeMap>
      </roi>
    </unblindedRead>
  </CXRreadingSession>
  <CXRreadingSession>
    <servicingRadiologistID>anonymous</servicingRadiologistID>
    <unblindedRead>
      <noduleID>CA006.12530</noduleID>
      <characteristics>
        <confidence>1</confidence>
      </characteristics>
      <roi>
        <imageSOP_UID>1.3.6.1.4.1.14519.5.2.1.6279.6001.114009433924854079567551844654</imageSOP_UID>
        <edgeMap>
          <xCoord>1256</xCoord>
          <yCoord>1487</yCoord>
        </edgeMap>
      </roi>
    </unblindedRead>
    <unblindedRead>
      <noduleID>CA006.12523</noduleID>
      <characteristics>
        <confidence>1</confidence>
      </characteristics>
      <roi>
        <imageSOP_UID>1.3.6.1.4.1.14519.5.2.1.6279.6001.114009433924854079567551844654</imageSOP_UID>
        <edgeMap>
          <xCoord>1396</xCoord>
          <yCoord>938</yCoord>
        </edgeMap>
      </roi>
    </unblindedRead>
    <unblindedRead>
      <noduleID>CA006.12533</noduleID>
      <characteristics>
        <confidence>1</confidence>
      </characteristics>
      <roi>
        <imageSOP_UID>1.3.6.1.4.1.14519.5.2.1.6279.6001.114009433924854079567551844654</imageSOP_UID>
        <edgeMap>
          <xCoord>1162</xCoord>
          <yCoord>2159</yCoord>
        </edgeMap>
      </roi>
    </unblindedRead>
    <unblindedRead>
      <noduleID>CA006.12527</noduleID>
      <characteristics>
        <confidence>1</confidence>
      </characteristics>
      <roi>
        <imageSOP_UID>1.3.6.1.4.1.14519.5.2.1.6279.6001.114009433924854079567551844654</imageSOP_UID>
        <edgeMap>
          <xCoord>1057</xCoord>
          <yCoord>1460</yCoord>
        </edgeMap>
      </roi>
    </unblindedRead>
  </CXRreadingSession>
</IdriReadMessage>