<?xml version="1.0" encoding="UTF-8"?>
<LidcReadMessage uid="1.3.6.1.4.1.14519.5.2.1.6279.6001.1307390650320.0" xmlns="http://www.nih.gov" xmlns:xsi="http://www.w3.org/2001/XMLSchema-instance" xsi:schemaLocation="http://www.nih.gov  http://troll.rad.med.umich.edu/lidc/LidcReadMessage.xsd">
<ResponseHeader>
<Version>1.8.1</Version>
<MessageId>-204095165</MessageId>
<DateRequest>2008-07-09</DateRequest>
<TimeRequest>04:38:29</TimeRequest>
<RequestingSite>removed</RequestingSite>
<ServicingSite>removed</ServicingSite>
<TaskDescription>Second unblinded read</TaskDescription>
<CtImageFile>removed</CtImageFile>
<SeriesInstanceUid>1.3.6.1.4.1.14519.5.2.1.6279.6001.454273545863197752384437758130</SeriesInstanceUid>
<DateService>2008-12-16</DateService>
<TimeService>07:52:38</TimeService>
<ResponseDescription>1 - Reading complete</ResponseDescription>
<StudyInstanceUID>1.3.6.1.4.1.14519.5.2.1.6279.6001.319426861743264377998637994320</StudyInstanceUID></ResponseHeader>
<readingSession>
    <annotationVersion>3.12</annotationVersion>
    <servicingRadiologistID>-1374385600</servicingRadiologistID>
    <unblindedReadNodule>
      <noduleID>Nodule 001</noduleID>
      <characteristics>
        <subtlety>3</subtlety>
        <internalStructure>1</internalStructure>
        <calcification>6</calcification>
        <sphericity>4</sphericity>
        <margin>5</margin>
        <lobulation>1</lobulation>
        <spiculation>1</spiculation>
        <texture>5</texture>
        <malignancy>2</malignancy>
      </characteristics>
      <roi>
        <imageZposition>-147.750000 </imageZposition>
        <imageSOP_UID>1.3.6.1.4.1.14519.5.2.1.6279.6001.893618320542834477883024005762</imageSOP_UID>
        <inclusion>TRUE</inclusion>
        <edgeMap>
          <xCoord>274</xCoord>
          <yCoord>344</yCoord>
        </edgeMap>
        <edgeMap>
          <xCoord>273</xCoord>
          <yCoord>345</yCoord>
        </edgeMap>
        <edgeMap>
          <xCoord>272</xCoord>
          <yCoord>346</yCoord>
        </edgeMap>
        <edgeMap>
          <xCoord>272</xCoord>
          <yCoord>347</yCoord>
        </edgeMap>
        <edgeMap>
          <xCoord>272</xCoord>
          <yCoord>348</yCoord>
        </edgeMap>
        <edgeMap>
          <xCoord>272</xCoord>
          <yCoord>349</yCoord>
        </edgeMap>
        <edgeMap>
          <xCoord>272</xCoord>
          <yCoord>350</yCoord>
        </edgeMap>
        <edgeMap>
          <xCoord>273</xCoord>
          <yCoord>351</yCoord>
        </edgeMap>
        <edgeMap>
          <xCoord>273</xCoord>
          <yCoord>352</yCoord>
        </edgeMap>
        <edgeMap>
          <xCoord>274</xCoord>
          <yCoord>353</yCoord>
        </edgeMap>
        <edgeMap>
          <xCoord>275</xCoord>
          <yCoord>354</yCoord>
        </edgeMap>
        <edgeMap>
          <xCoord>276</xCoord>
          <yCoord>353</yCoord>
        </edgeMap>
        <edgeMap>
          <xCoord>277</xCoord>
          <yCoord>353</yCoord>
        </edgeMap>
        <edgeMap>
          <xCoord>278</xCoord>
          <yCoord>352</yCoord>
        </edgeMap>
        <edgeMap>
          <xCoord>278</xCoord>
          <yCoord>351</yCoord>
        </edgeMap>
        <edgeMap>
          <xCoord>278</xCoord>
          <yCoord>350</yCoord>
        </edgeMap>
        <edgeMap>
          <xCoord>278</xCoord>
          <yCoord>349</yCoord>
        </edgeMap>
        <edgeMap>
          <xCoord>277</xCoord>
          <yCoord>348</yCoord>
        </edgeMap>
        <edgeMap>
          <xCoord>277</xCoord>
          <yCoord>347</yCoord>
        </edgeMap>
        <edgeMap>
          <xCoord>276</xCoord>
          <yCoord>346</yCoord>
        </edgeMap>
        <edgeMap>
          <xCoord>276</xCoord>
          <yCoord>345</yCoord>
        </edgeMap>
        <edgeMap>
          <xCoord>275</xCoord>
          <yCoord>344</yCoord>
        </edgeMap>
        <edgeMap>
          <xCoord>274</xCoord>
          <yCoord>344</yCoord>
        </edgeMap>
      </roi>
      <roi>
        <imageZposition>-145.250000 </imageZposition>
        <imageSOP_UID>1.3.6.1.4.1.14519.5.2.1.6279.6001.392384503017367558122063487765</imageSOP_UID>
        <inclusion>TRUE</inclusion>
        <edgeMap>
          <xCoord>274</xCoord>
          <yCoord>345</yCoord>
        </edgeMap>
        <edgeMap>
          <xCoord>273</xCoord>
          <yCoord>346</yCoord>
        </edgeMap>
        <edgeMap>
          <xCoord>272</xCoord>
          <yCoord>347</yCoord>
        </edgeMap>
        <edgeMap>
          <xCoord>272</xCoord>
          <yCoord>348</yCoord>
        </edgeMap>
        <edgeMap>
          <xCoord>272</xCoord>
          <yCoord>349</yCoord>
        </edgeMap>
        <edgeMap>
          <xCoord>272</xCoord>
          <yCoord>350</yCoord>
        </edgeMap>
        <edgeMap>
          <xCoord>272</xCoord>
          <yCoord>351</yCoord>
        </edgeMap>
        <edgeMap>
          <xCoord>273</xCoord>
          <yCoord>352</yCoord>
        </edgeMap>
        <edgeMap>
          <xCoord>274</xCoord>
          <yCoord>353</yCoord>
        </edgeMap>
        <edgeMap>
          <xCoord>275</xCoord>
          <yCoord>353</yCoord>
        </edgeMap>
        <edgeMap>
          <xCoord>276</xCoord>
          <yCoord>353</yCoord>
        </edgeMap>
        <edgeMap>
          <xCoord>277</xCoord>
          <yCoord>353</yCoord>
        </edgeMap>
        <edgeMap>
          <xCoord>278</xCoord>
          <yCoord>353</yCoord>
        </edgeMap>
        <edgeMap>
          <xCoord>279</xCoord>
          <yCoord>352</yCoord>
        </edgeMap>
        <edgeMap>
          <xCoord>278</xCoord>
          <yCoord>351</yCoord>
        </edgeMap>
        <edgeMap>
          <xCoord>278</xCoord>
          <yCoord>350</yCoord>
        </edgeMap>
        <edgeMap>
          <xCoord>278</xCoord>
          <yCoord>349</yCoord>
        </edgeMap>
        <edgeMap>
          <xCoord>277</xCoord>
          <yCoord>348</yCoord>
        </edgeMap>
        <edgeMap>
          <xCoord>277</xCoord>
          <yCoord>347</yCoord>
        </edgeMap>
        <edgeMap>
          <xCoord>276</xCoord>
          <yCoord>346</yCoord>
        </edgeMap>
        <edgeMap>
          <xCoord>275</xCoord>
          <yCoord>345</yCoord>
        </edgeMap>
        <edgeMap>
          <xCoord>274</xCoord>
          <yCoord>345</yCoord>
        </edgeMap>
      </roi>
    </unblindedReadNodule>
    <unblindedReadNodule>
      <noduleID>Nodule 002</noduleID>
      <characteristics>
        <subtlety>4</subtlety>
        <internalStructure>1</internalStructure>
        <calcification>6</calcification>
        <sphericity>4</sphericity>
        <margin>5</margin>
        <lobulation>1</lobulation>
        <spiculation>1</spiculation>
        <texture>5</texture>
        <malignancy>2</malignancy>
      </characteristics>
      <roi>
        <imageZposition>-127.750000 </imageZposition>
        <imageSOP_UID>1.3.6.1.4.1.14519.5.2.1.6279.6001.729918117423123285893039126372</imageSOP_UID>
        <inclusion>TRUE</inclusion>
        <edgeMap>
          <xCoord>357</xCoord>
          <yCoord>208</yCoord>
        </edgeMap>
        <edgeMap>
          <xCoord>356</xCoord>
          <yCoord>209</yCoord>
        </edgeMap>
        <edgeMap>
          <xCoord>356</xCoord>
          <yCoord>210</yCoord>
        </edgeMap>
        <edgeMap>
          <xCoord>356</xCoord>
          <yCoord>211</yCoord>
        </edgeMap>
        <edgeMap>
          <xCoord>356</xCoord>
          <yCoord>212</yCoord>
        </edgeMap>
        <edgeMap>
          <xCoord>356</xCoord>
          <yCoord>213</yCoord>
        </edgeMap>
        <edgeMap>
          <xCoord>357</xCoord>
          <yCoord>214</yCoord>
        </edgeMap>
        <edgeMap>
          <xCoord>358</xCoord>
          <yCoord>215</yCoord>
        </edgeMap>
        <edgeMap>
          <xCoord>359</xCoord>
          <yCoord>215</yCoord>
        </edgeMap>
        <edgeMap>
          <xCoord>360</xCoord>
          <yCoord>215</yCoord>
        </edgeMap>
        <edgeMap>
          <xCoord>361</xCoord>
          <yCoord>215</yCoord>
        </edgeMap>
        <edgeMap>
          <xCoord>362</xCoord>
          <yCoord>215</yCoord>
        </edgeMap>
        <edgeMap>
          <xCoord>363</xCoord>
          <yCoord>214</yCoord>
        </edgeMap>
        <edgeMap>
          <xCoord>364</xCoord>
          <yCoord>213</yCoord>
        </edgeMap>
        <edgeMap>
          <xCoord>364</xCoord>
          <yCoord>212</yCoord>
        </edgeMap>
        <edgeMap>
          <xCoord>363</xCoord>
          <yCoord>211</yCoord>
        </edgeMap>
        <edgeMap>
          <xCoord>363</xCoord>
          <yCoord>210</yCoord>
        </edgeMap>
        <edgeMap>
          <xCoord>363</xCoord>
          <yCoord>209</yCoord>
        </edgeMap>
        <edgeMap>
          <xCoord>362</xCoord>
          <yCoord>208</yCoord>
        </edgeMap>
        <edgeMap>
          <xCoord>361</xCoord>
          <yCoord>208</yCoord>
        </edgeMap>
        <edgeMap>
          <xCoord>360</xCoord>
          <yCoord>208</yCoord>
        </edgeMap>
        <edgeMap>
          <xCoord>359</xCoord>
          <yCoord>208</yCoord>
        </edgeMap>
        <edgeMap>
          <xCoord>358</xCoord>
          <yCoord>208</yCoord>
        </edgeMap>
        <edgeMap>
          <xCoord>357</xCoord>
          <yCoord>208</yCoord>
        </edgeMap>
      </roi>
      <roi>
        <imageZposition>-125.250000 </imageZposition>
        <imageSOP_UID>1.3.6.1.4.1.14519.5.2.1.6279.6001.338486442427586390884399070933</imageSOP_UID>
        <inclusion>TRUE</inclusion>
        <edgeMap>
          <xCoord>358</xCoord>
          <yCoord>208</yCoord>
        </edgeMap>
        <edgeMap>
          <xCoord>357</xCoord>
          <yCoord>209</yCoord>
        </edgeMap>
        <edgeMap>
          <xCoord>356</xCoord>
          <yCoord>210</yCoord>
        </edgeMap>
        <edgeMap>
          <xCoord>355</xCoord>
          <yCoord>211</yCoord>
        </edgeMap>
        <edgeMap>
          <xCoord>355</xCoord>
          <yCoord>212</yCoord>
        </edgeMap>
        <edgeMap>
          <xCoord>355</xCoord>
          <yCoord>213</yCoord>
        </edgeMap>
        <edgeMap>
          <xCoord>356</xCoord>
          <yCoord>214</yCoord>
        </edgeMap>
        <edgeMap>
          <xCoord>357</xCoord>
          <yCoord>215</yCoord>
        </edgeMap>
        <edgeMap>
          <xCoord>358</xCoord>
          <yCoord>216</yCoord>
        </edgeMap>
        <edgeMap>
          <xCoord>359</xCoord>
          <yCoord>216</yCoord>
        </edgeMap>
        <edgeMap>
          <xCoord>360</xCoord>
          <yCoord>216</yCoord>
        </edgeMap>
        <edgeMap>
          <xCoord>361</xCoord>
          <yCoord>216</yCoord>
        </edgeMap>
        <edgeMap>
          <xCoord>362</xCoord>
          <yCoord>216</yCoord>
        </edgeMap>
        <edgeMap>
          <xCoord>363</xCoord>
          <yCoord>215</yCoord>
        </edgeMap>
        <edgeMap>
          <xCoord>364</xCoord>
          <yCoord>214</yCoord>
        </edgeMap>
        <edgeMap>
          <xCoord>364</xCoord>
          <yCoord>213</yCoord>
        </edgeMap>
        <edgeMap>
          <xCoord>364</xCoord>
          <yCoord>212</yCoord>
        </edgeMap>
        <edgeMap>
          <xCoord>363</xCoord>
          <yCoord>211</yCoord>
        </edgeMap>
        <edgeMap>
          <xCoord>363</xCoord>
          <yCoord>210</yCoord>
        </edgeMap>
        <edgeMap>
          <xCoord>363</xCoord>
          <yCoord>209</yCoord>
        </edgeMap>
        <edgeMap>
          <xCoord>362</xCoord>
          <yCoord>208</yCoord>
        </edgeMap>
        <edgeMap>
          <xCoord>361</xCoord>
          <yCoord>208</yCoord>
        </edgeMap>
        <edgeMap>
          <xCoord>360</xCoord>
          <yCoord>208</yCoord>
        </edgeMap>
        <edgeMap>
          <xCoord>359</xCoord>
          <yCoord>208</yCoord>
        </edgeMap>
        <edgeMap>
          <xCoord>358</xCoord>
          <yCoord>208</yCoord>
        </edgeMap>
      </roi>
      <roi>
        <imageZposition>-122.750000 </imageZposition>
        <imageSOP_UID>1.3.6.1.4.1.14519.5.2.1.6279.6001.189700956192048754944798599666</imageSOP_UID>
        <inclusion>TRUE</inclusion>
        <edgeMap>
          <xCoord>360</xCoord>
          <yCoord>211</yCoord>
        </edgeMap>
        <edgeMap>
          <xCoord>359</xCoord>
          <yCoord>212</yCoord>
        </edgeMap>
        <edgeMap>
          <xCoord>359</xCoord>
          <yCoord>213</yCoord>
        </edgeMap>
        <edgeMap>
          <xCoord>359</xCoord>
          <yCoord>214</yCoord>
        </edgeMap>
        <edgeMap>
          <xCoord>360</xCoord>
          <yCoord>215</yCoord>
        </edgeMap>
        <edgeMap>
          <xCoord>361</xCoord>
          <yCoord>216</yCoord>
        </edgeMap>
        <edgeMap>
          <xCoord>362</xCoord>
          <yCoord>217</yCoord>
        </edgeMap>
        <edgeMap>
          <xCoord>363</xCoord>
          <yCoord>217</yCoord>
        </edgeMap>
        <edgeMap>
          <xCoord>364</xCoord>
          <yCoord>216</yCoord>
        </edgeMap>
        <edgeMap>
          <xCoord>365</xCoord>
          <yCoord>215</yCoord>
        </edgeMap>
        <edgeMap>
          <xCoord>364</xCoord>
          <yCoord>214</yCoord>
        </edgeMap>
        <edgeMap>
          <xCoord>364</xCoord>
          <yCoord>213</yCoord>
        </edgeMap>
        <edgeMap>
          <xCoord>363</xCoord>
          <yCoord>212</yCoord>
        </edgeMap>
        <edgeMap>
          <xCoord>362</xCoord>
          <yCoord>211</yCoord>
        </edgeMap>
        <edgeMap>
          <xCoord>361</xCoord>
          <yCoord>211</yCoord>
        </edgeMap>
        <edgeMap>
          <xCoord>360</xCoord>
          <yCoord>211</yCoord>
        </edgeMap>
      </roi>
    </unblindedReadNodule>
    <unblindedReadNodule>
      <noduleID>Nodule 003</noduleID>
      <roi>
        <imageZposition>-175.250000 </imageZposition>
        <imageSOP_UID>1.3.6.1.4.1.14519.5.2.1.6279.6001.138283753876003068349255724570</imageSOP_UID>
        <inclusion>TRUE</inclusion>
        <edgeMap>
          <xCoord>286</xCoord>
          <yCoord>339</yCoord>
        </edgeMap>
      </roi>
    </unblindedReadNodule>
    <nonNodule>
      <nonNoduleID>_Non-nodule 001</nonNoduleID>
      <imageZposition>-257.750000 </imageZposition>
      <imageSOP_UID>1.3.6.1.4.1.14519.5.2.1.6279.6001.790582304379162176839016925658</imageSOP_UID>
      <locus>
        <xCoord>83</xCoord>
        <yCoord>274</yCoord>
      </locus>
    </nonNodule>
    <nonNodule>
      <nonNoduleID>_Non-nodule 002</nonNoduleID>
      <imageZposition>-252.750000 </imageZposition>
      <imageSOP_UID>1.3.6.1.4.1.14519.5.2.1.6279.6001.358333838411372373556898974562</imageSOP_UID>
      <locus>
        <xCoord>388</xCoord>
        <yCoord>181</yCoord>
      </locus>
    </nonNodule>
  </readingSession>
<readingSession>
    <annotationVersion>3.12</annotationVersion>
    <servicingRadiologistID>-585863846</servicingRadiologistID>
    <unblindedReadNodule>
      <noduleID>IL057_168314</noduleID>
      <characteristics>
        <subtlety>4</subtlety>
        <internalStructure>1</internalStructure>
        <calcification>6</calcification>
        <sphericity>5</sphericity>
        <margin>5</margin>
        <lobulation>1</lobulation>
        <spiculation>1</spiculation>
        <texture>5</texture>
        <malignancy>3</malignancy>
      </characteristics>
      <roi>
        <imageZposition>-122.75</imageZposition>
        <imageSOP_UID>1.3.6.1.4.1.14519.5.2.1.6279.6001.189700956192048754944798599666</imageSOP_UID>
        <inclusion>TRUE</inclusion>
        <edgeMap>
          <xCoord>363</xCoord>
          <yCoord>216</yCoord>
        </edgeMap>
        <edgeMap>
          <xCoord>364</xCoord>
          <yCoord>215</yCoord>
        </edgeMap>
        <edgeMap>
          <xCoord>365</xCoord>
          <yCoord>214</yCoord>
        </edgeMap>
        <edgeMap>
          <xCoord>364</xCoord>
          <yCoord>213</yCoord>
        </edgeMap>
        <edgeMap>
          <xCoord>364</xCoord>
          <yCoord>212</yCoord>
        </edgeMap>
        <edgeMap>
          <xCoord>363</xCoord>
          <yCoord>211</yCoord>
        </edgeMap>
        <edgeMap>
          <xCoord>362</xCoord>
          <yCoord>211</yCoord>
        </edgeMap>
        <edgeMap>
          <xCoord>361</xCoord>
          <yCoord>211</yCoord>
        </edgeMap>
        <edgeMap>
          <xCoord>360</xCoord>
          <yCoord>211</yCoord>
        </edgeMap>
        <edgeMap>
          <xCoord>359</xCoord>
          <yCoord>212</yCoord>
        </edgeMap>
        <edgeMap>
          <xCoord>359</xCoord>
          <yCoord>213</yCoord>
        </edgeMap>
        <edgeMap>
          <xCoord>359</xCoord>
          <yCoord>214</yCoord>
        </edgeMap>
        <edgeMap>
          <xCoord>360</xCoord>
          <yCoord>215</yCoord>
        </edgeMap>
        <edgeMap>
          <xCoord>361</xCoord>
          <yCoord>216</yCoord>
        </edgeMap>
        <edgeMap>
          <xCoord>362</xCoord>
          <yCoord>216</yCoord>
        </edgeMap>
        <edgeMap>
          <xCoord>363</xCoord>
          <yCoord>216</yCoord>
        </edgeMap>
      </roi>
      <roi>
        <imageZposition>-125.25</imageZposition>
        <imageSOP_UID>1.3.6.1.4.1.14519.5.2.1.6279.6001.338486442427586390884399070933</imageSOP_UID>
        <inclusion>TRUE</inclusion>
        <edgeMap>
          <xCoord>361</xCoord>
          <yCoord>217</yCoord>
        </edgeMap>
        <edgeMap>
          <xCoord>362</xCoord>
          <yCoord>216</yCoord>
        </edgeMap>
        <edgeMap>
          <xCoord>363</xCoord>
          <yCoord>216</yCoord>
        </edgeMap>
        <edgeMap>
          <xCoord>364</xCoord>
          <yCoord>215</yCoord>
        </edgeMap>
        <edgeMap>
          <xCoord>364</xCoord>
          <yCoord>214</yCoord>
        </edgeMap>
        <edgeMap>
          <xCoord>364</xCoord>
          <yCoord>213</yCoord>
        </edgeMap>
        <edgeMap>
          <xCoord>364</xCoord>
          <yCoord>212</yCoord>
        </edgeMap>
        <edgeMap>
          <xCoord>364</xCoord>
          <yCoord>211</yCoord>
        </edgeMap>
        <edgeMap>
          <xCoord>364</xCoord>
          <yCoord>210</yCoord>
        </edgeMap>
        <edgeMap>
          <xCoord>363</xCoord>
          <yCoord>209</yCoord>
        </edgeMap>
        <edgeMap>
          <xCoord>362</xCoord>
          <yCoord>209</yCoord>
        </edgeMap>
        <edgeMap>
          <xCoord>361</xCoord>
          <yCoord>209</yCoord>
        </edgeMap>
        <edgeMap>
          <xCoord>360</xCoord>
          <yCoord>209</yCoord>
        </edgeMap>
        <edgeMap>
          <xCoord>359</xCoord>
          <yCoord>209</yCoord>
        </edgeMap>
        <edgeMap>
          <xCoord>358</xCoord>
          <yCoord>210</yCoord>
        </edgeMap>
        <edgeMap>
          <xCoord>357</xCoord>
          <yCoord>211</yCoord>
        </edgeMap>
        <edgeMap>
          <xCoord>356</xCoord>
          <yCoord>212</yCoord>
        </edgeMap>
        <edgeMap>
          <xCoord>356</xCoord>
          <yCoord>213</yCoord>
        </edgeMap>
        <edgeMap>
          <xCoord>357</xCoord>
          <yCoord>214</yCoord>
        </edgeMap>
        <edgeMap>
          <xCoord>358</xCoord>
          <yCoord>215</yCoord>
        </edgeMap>
        <edgeMap>
          <xCoord>359</xCoord>
          <yCoord>216</yCoord>
        </edgeMap>
        <edgeMap>
          <xCoord>360</xCoord>
          <yCoord>216</yCoord>
        </edgeMap>
        <edgeMap>
          <xCoord>361</xCoord>
          <yCoord>217</yCoord>
        </edgeMap>
      </roi>
      <roi>
        <imageZposition>-127.75</imageZposition>
        <imageSOP_UID>1.3.6.1.4.1.14519.5.2.1.6279.6001.729918117423123285893039126372</imageSOP_UID>
        <inclusion>TRUE</inclusion>
        <edgeMap>
          <xCoord>360</xCoord>
          <yCoord>215</yCoord>
        </edgeMap>
        <edgeMap>
          <xCoord>361</xCoord>
          <yCoord>214</yCoord>
        </edgeMap>
        <edgeMap>
          <xCoord>362</xCoord>
          <yCoord>213</yCoord>
        </edgeMap>
        <edgeMap>
          <xCoord>363</xCoord>
          <yCoord>212</yCoord>
        </edgeMap>
        <edgeMap>
          <xCoord>364</xCoord>
          <yCoord>211</yCoord>
        </edgeMap>
        <edgeMap>
          <xCoord>364</xCoord>
          <yCoord>210</yCoord>
        </edgeMap>
        <edgeMap>
          <xCoord>363</xCoord>
          <yCoord>209</yCoord>
        </edgeMap>
        <edgeMap>
          <xCoord>362</xCoord>
          <yCoord>209</yCoord>
        </edgeMap>
        <edgeMap>
          <xCoord>361</xCoord>
          <yCoord>209</yCoord>
        </edgeMap>
        <edgeMap>
          <xCoord>360</xCoord>
          <yCoord>209</yCoord>
        </edgeMap>
        <edgeMap>
          <xCoord>359</xCoord>
          <yCoord>208</yCoord>
        </edgeMap>
        <edgeMap>
          <xCoord>358</xCoord>
          <yCoord>208</yCoord>
        </edgeMap>
        <edgeMap>
          <xCoord>357</xCoord>
          <yCoord>209</yCoord>
        </edgeMap>
        <edgeMap>
          <xCoord>357</xCoord>
          <yCoord>210</yCoord>
        </edgeMap>
        <edgeMap>
          <xCoord>356</xCoord>
          <yCoord>211</yCoord>
        </edgeMap>
        <edgeMap>
          <xCoord>356</xCoord>
          <yCoord>212</yCoord>
        </edgeMap>
        <edgeMap>
          <xCoord>356</xCoord>
          <yCoord>213</yCoord>
        </edgeMap>
        <edgeMap>
          <xCoord>357</xCoord>
          <yCoord>214</yCoord>
        </edgeMap>
        <edgeMap>
          <xCoord>358</xCoord>
          <yCoord>215</yCoord>
        </edgeMap>
        <edgeMap>
          <xCoord>359</xCoord>
          <yCoord>215</yCoord>
        </edgeMap>
        <edgeMap>
          <xCoord>360</xCoord>
          <yCoord>215</yCoord>
        </edgeMap>
      </roi>
    </unblindedReadNodule>
    <unblindedReadNodule>
      <noduleID>IL057_168318</noduleID>
      <characteristics>
        <subtlety>2</subtlety>
        <internalStructure>1</internalStructure>
        <calcification>6</calcification>
        <sphericity>4</sphericity>
        <margin>4</margin>
        <lobulation>1</lobulation>
        <spiculation>1</spiculation>
        <texture>5</texture>
        <malignancy>2</malignancy>
      </characteristics>
      <roi>
        <imageZposition>-147.75</imageZposition>
        <imageSOP_UID>1.3.6.1.4.1.14519.5.2.1.6279.6001.893618320542834477883024005762</imageSOP_UID>
        <inclusion>TRUE</inclusion>
        <edgeMap>
          <xCoord>277</xCoord>
          <yCoord>354</yCoord>
        </edgeMap>
        <edgeMap>
          <xCoord>278</xCoord>
          <yCoord>353</yCoord>
        </edgeMap>
        <edgeMap>
          <xCoord>278</xCoord>
          <yCoord>352</yCoord>
        </edgeMap>
        <edgeMap>
          <xCoord>277</xCoord>
          <yCoord>351</yCoord>
        </edgeMap>
        <edgeMap>
          <xCoord>277</xCoord>
          <yCoord>350</yCoord>
        </edgeMap>
        <edgeMap>
          <xCoord>278</xCoord>
          <yCoord>349</yCoord>
        </edgeMap>
        <edgeMap>
          <xCoord>278</xCoord>
          <yCoord>348</yCoord>
        </edgeMap>
        <edgeMap>
          <xCoord>277</xCoord>
          <yCoord>347</yCoord>
        </edgeMap>
        <edgeMap>
          <xCoord>277</xCoord>
          <yCoord>346</yCoord>
        </edgeMap>
        <edgeMap>
          <xCoord>276</xCoord>
          <yCoord>345</yCoord>
        </edgeMap>
        <edgeMap>
          <xCoord>275</xCoord>
          <yCoord>345</yCoord>
        </edgeMap>
        <edgeMap>
          <xCoord>274</xCoord>
          <yCoord>345</yCoord>
        </edgeMap>
        <edgeMap>
          <xCoord>273</xCoord>
          <yCoord>345</yCoord>
        </edgeMap>
        <edgeMap>
          <xCoord>272</xCoord>
          <yCoord>346</yCoord>
        </edgeMap>
        <edgeMap>
          <xCoord>272</xCoord>
          <yCoord>347</yCoord>
        </edgeMap>
        <edgeMap>
          <xCoord>271</xCoord>
          <yCoord>348</yCoord>
        </edgeMap>
        <edgeMap>
          <xCoord>271</xCoord>
          <yCoord>349</yCoord>
        </edgeMap>
        <edgeMap>
          <xCoord>272</xCoord>
          <yCoord>350</yCoord>
        </edgeMap>
        <edgeMap>
          <xCoord>273</xCoord>
          <yCoord>351</yCoord>
        </edgeMap>
        <edgeMap>
          <xCoord>273</xCoord>
          <yCoord>352</yCoord>
        </edgeMap>
        <edgeMap>
          <xCoord>274</xCoord>
          <yCoord>353</yCoord>
        </edgeMap>
        <edgeMap>
          <xCoord>275</xCoord>
          <yCoord>353</yCoord>
        </edgeMap>
        <edgeMap>
          <xCoord>276</xCoord>
          <yCoord>354</yCoord>
        </edgeMap>
        <edgeMap>
          <xCoord>277</xCoord>
          <yCoord>354</yCoord>
        </edgeMap>
      </roi>
    </unblindedReadNodule>
    <unblindedReadNodule>
      <noduleID>IL057_168321</noduleID>
      <roi>
        <imageZposition>-175.25</imageZposition>
        <imageSOP_UID>1.3.6.1.4.1.14519.5.2.1.6279.6001.138283753876003068349255724570</imageSOP_UID>
        <inclusion>TRUE</inclusion>
        <edgeMap>
          <xCoord>287</xCoord>
          <yCoord>339</yCoord>
        </edgeMap>
      </roi>
    </unblindedReadNodule>
    <nonNodule>
      <nonNoduleID>IL057_168323</nonNoduleID>
      <imageZposition>-242.75</imageZposition>
      <imageSOP_UID>1.3.6.1.4.1.14519.5.2.1.6279.6001.125790918605181329311547020771</imageSOP_UID>
      <locus>
        <xCoord>82</xCoord>
        <yCoord>260</yCoord>
      </locus>
    </nonNodule>
    <nonNodule>
      <nonNoduleID>IL057_168324</nonNoduleID>
      <imageZposition>-252.75</imageZposition>
      <imageSOP_UID>1.3.6.1.4.1.14519.5.2.1.6279.6001.358333838411372373556898974562</imageSOP_UID>
      <locus>
        <xCoord>389</xCoord>
        <yCoord>182</yCoord>
      </locus>
    </nonNodule>
  </readingSession>
<readingSession>
<annotationVersion>3.12</annotationVersion>
<servicingRadiologistID>-1179814336</servicingRadiologistID>
<unblindedReadNodule>
<noduleID>MI014_13909</noduleID>
<characteristics>
<subtlety>3</subtlety>
<internalStructure>1</internalStructure>
<calcification>6</calcification>
<sphericity>3</sphericity>
<margin>5</margin>
<lobulation>2</lobulation>
<spiculation>1</spiculation>
<texture>5</texture>
<malignancy>3</malignancy>
</characteristics>
<roi>
<imageZposition>-122.75</imageZposition>
<imageSOP_UID>1.3.6.1.4.1.14519.5.2.1.6279.6001.189700956192048754944798599666</imageSOP_UID>
<inclusion>TRUE</inclusion>
<edgeMap>
<xCoord>363</xCoord>
<yCoord>215</yCoord>
</edgeMap>
<edgeMap>
<xCoord>364</xCoord>
<yCoord>214</yCoord>
</edgeMap>
<edgeMap>
<xCoord>363</xCoord>
<yCoord>213</yCoord>
</edgeMap>
<edgeMap>
<xCoord>363</xCoord>
<yCoord>212</yCoord>
</edgeMap>
<edgeMap>
<xCoord>362</xCoord>
<yCoord>212</yCoord>
</edgeMap>
<edgeMap>
<xCoord>361</xCoord>
<yCoord>212</yCoord>
</edgeMap>
<edgeMap>
<xCoord>360</xCoord>
<yCoord>212</yCoord>
</edgeMap>
<edgeMap>
<xCoord>360</xCoord>
<yCoord>213</yCoord>
</edgeMap>
<edgeMap>
<xCoord>360</xCoord>
<yCoord>214</yCoord>
</edgeMap>
<edgeMap>
<xCoord>361</xCoord>
<yCoord>215</yCoord>
</edgeMap>
<edgeMap>
<xCoord>362</xCoord>
<yCoord>215</yCoord>
</edgeMap>
<edgeMap>
<xCoord>363</xCoord>
<yCoord>215</yCoord>
</edgeMap>
</roi>
<roi>
<imageZposition>-125.25</imageZposition>
<imageSOP_UID>1.3.6.1.4.1.14519.5.2.1.6279.6001.338486442427586390884399070933</imageSOP_UID>
<inclusion>TRUE</inclusion>
<edgeMap>
<xCoord>361</xCoord>
<yCoord>216</yCoord>
</edgeMap>
<edgeMap>
<xCoord>362</xCoord>
<yCoord>215</yCoord>
</edgeMap>
<edgeMap>
<xCoord>363</xCoord>
<yCoord>215</yCoord>
</edgeMap>
<edgeMap>
<xCoord>363</xCoord>
<yCoord>214</yCoord>
</edgeMap>
<edgeMap>
<xCoord>363</xCoord>
<yCoord>213</yCoord>
</edgeMap>
<edgeMap>
<xCoord>363</xCoord>
<yCoord>212</yCoord>
</edgeMap>
<edgeMap>
<xCoord>363</xCoord>
<yCoord>211</yCoord>
</edgeMap>
<edgeMap>
<xCoord>363</xCoord>
<yCoord>210</yCoord>
</edgeMap>
<edgeMap>
<xCoord>362</xCoord>
<yCoord>210</yCoord>
</edgeMap>
<edgeMap>
<xCoord>361</xCoord>
<yCoord>210</yCoord>
</edgeMap>
<edgeMap>
<xCoord>360</xCoord>
<yCoord>210</yCoord>
</edgeMap>
<edgeMap>
<xCoord>359</xCoord>
<yCoord>210</yCoord>
</edgeMap>
<edgeMap>
<xCoord>358</xCoord>
<yCoord>211</yCoord>
</edgeMap>
<edgeMap>
<xCoord>357</xCoord>
<yCoord>212</yCoord>
</edgeMap>
<edgeMap>
<xCoord>357</xCoord>
<yCoord>213</yCoord>
</edgeMap>
<edgeMap>
<xCoord>358</xCoord>
<yCoord>214</yCoord>
</edgeMap>
<edgeMap>
<xCoord>359</xCoord>
<yCoord>215</yCoord>
</edgeMap>
<edgeMap>
<xCoord>360</xCoord>
<yCoord>215</yCoord>
</edgeMap>
<edgeMap>
<xCoord>361</xCoord>
<yCoord>216</yCoord>
</edgeMap>
</roi>
<roi>
<imageZposition>-127.75</imageZposition>
<imageSOP_UID>1.3.6.1.4.1.14519.5.2.1.6279.6001.729918117423123285893039126372</imageSOP_UID>
<inclusion>TRUE</inclusion>
<edgeMap>
<xCoord>360</xCoord>
<yCoord>214</yCoord>
</edgeMap>
<edgeMap>
<xCoord>361</xCoord>
<yCoord>213</yCoord>
</edgeMap>
<edgeMap>
<xCoord>362</xCoord>
<yCoord>212</yCoord>
</edgeMap>
<edgeMap>
<xCoord>363</xCoord>
<yCoord>211</yCoord>
</edgeMap>
<edgeMap>
<xCoord>363</xCoord>
<yCoord>210</yCoord>
</edgeMap>
<edgeMap>
<xCoord>362</xCoord>
<yCoord>210</yCoord>
</edgeMap>
<edgeMap>
<xCoord>361</xCoord>
<yCoord>210</yCoord>
</edgeMap>
<edgeMap>
<xCoord>360</xCoord>
<yCoord>210</yCoord>
</edgeMap>
<edgeMap>
<xCoord>359</xCoord>
<yCoord>209</yCoord>
</edgeMap>
<edgeMap>
<xCoord>358</xCoord>
<yCoord>209</yCoord>
</edgeMap>
<edgeMap>
<xCoord>358</xCoord>
<yCoord>210</yCoord>
</edgeMap>
<edgeMap>
<xCoord>357</xCoord>
<yCoord>211</yCoord>
</edgeMap>
<edgeMap>
<xCoord>357</xCoord>
<yCoord>212</yCoord>
</edgeMap>
<edgeMap>
<xCoord>357</xCoord>
<yCoord>213</yCoord>
</edgeMap>
<edgeMap>
<xCoord>358</xCoord>
<yCoord>214</yCoord>
</edgeMap>
<edgeMap>
<xCoord>359</xCoord>
<yCoord>214</yCoord>
</edgeMap>
<edgeMap>
<xCoord>360</xCoord>
<yCoord>214</yCoord>
</edgeMap>
</roi>
</unblindedReadNodule>
<unblindedReadNodule>
<noduleID>MI014_13916</noduleID>
<roi>
<imageZposition>-175.25</imageZposition>
<imageSOP_UID>1.3.6.1.4.1.14519.5.2.1.6279.6001.138283753876003068349255724570</imageSOP_UID>
<inclusion>TRUE</inclusion>
<edgeMap>
<xCoord>287</xCoord>
<yCoord>340</yCoord>
</edgeMap>
</roi>
</unblindedReadNodule>
<nonNodule>
<nonNoduleID>MI014_13919</nonNoduleID>
<imageZposition>-260.25</imageZposition>
<imageSOP_UID>1.3.6.1.4.1.14519.5.2.1.6279.6001.249301506980346538636797973674</imageSOP_UID>
<locus>
<xCoord>77</xCoord>
<yCoord>270</yCoord>
</locus>
</nonNodule>
<nonNodule>
<nonNoduleID>MI014_13920</nonNoduleID>
<imageZposition>-230.25</imageZposition>
<imageSOP_UID>1.3.6.1.4.1.14519.5.2.1.6279.6001.429081019334931852677807840023</imageSOP_UID>
<locus>
<xCoord>107</xCoord>
<yCoord>261</yCoord>
</locus>
</nonNodule>
<nonNodule>
<nonNoduleID>MI014_13913</nonNoduleID>
<imageZposition>-147.75</imageZposition>
<imageSOP_UID>1.3.6.1.4.1.14519.5.2.1.6279.6001.893618320542834477883024005762</imageSOP_UID>
<locus>
<xCoord>274</xCoord>
<yCoord>350</yCoord>
</locus>
</nonNodule>
<nonNodule>
<nonNoduleID>MI014_13914</nonNoduleID>
<imageZposition>-257.75</imageZposition>
<imageSOP_UID>1.3.6.1.4.1.14519.5.2.1.6279.6001.790582304379162176839016925658</imageSOP_UID>
<locus>
<xCoord>83</xCoord>
<yCoord>274</yCoord>
</locus>
</nonNodule>
<nonNodule>
<nonNoduleID>MI014_13917</nonNoduleID>
<imageZposition>-242.75</imageZposition>
<imageSOP_UID>1.3.6.1.4.1.14519.5.2.1.6279.6001.125790918605181329311547020771</imageSOP_UID>
<locus>
<xCoord>82</xCoord>
<yCoord>260</yCoord>
</locus>
</nonNodule>
<nonNodule>
<nonNoduleID>MI014_13918</nonNoduleID>
<imageZposition>-252.75</imageZposition>
<imageSOP_UID>1.3.6.1.4.1.14519.5.2.1.6279.6001.358333838411372373556898974562</imageSOP_UID>
<locus>
<xCoord>389</xCoord>
<yCoord>182</yCoord>
</locus>
</nonNodule>
</readingSession>
<readingSession>
		<annotationVersion>3.12</annotationVersion>
		<servicingRadiologistID>1265418166</servicingRadiologistID>
			<unblindedReadNodule>
				<noduleID>0</noduleID>
				<characteristics>
					<subtlety>3</subtlety>
					<internalStructure>1</internalStructure>
					<calcification>6</calcification>
					<sphericity>3</sphericity>
					<margin>3</margin>
					<lobulation>1</lobulation>
					<spiculation>1</spiculation>
					<texture>3</texture>
					<malignancy>1</malignancy>
				</characteristics>
				<roi>
					<imageZposition>-145.25</imageZposition>
					<imageSOP_UID>1.3.6.1.4.1.14519.5.2.1.6279.6001.392384503017367558122063487765</imageSOP_UID>
					<inclusion>TRUE</inclusion>
					<edgeMap>
					<xCoord>275</xCoord>
					<yCoord>346</yCoord>
					</edgeMap>
					<edgeMap>
					<xCoord>274</xCoord>
					<yCoord>346</yCoord>
					</edgeMap>
					<edgeMap>
					<xCoord>273</xCoord>
					<yCoord>347</yCoord>
					</edgeMap>
					<edgeMap>
					<xCoord>272</xCoord>
					<yCoord>348</yCoord>
					</edgeMap>
					<edgeMap>
					<xCoord>272</xCoord>
					<yCoord>349</yCoord>
					</edgeMap>
					<edgeMap>
					<xCoord>272</xCoord>
					<yCoord>350</yCoord>
					</edgeMap>
					<edgeMap>
					<xCoord>273</xCoord>
					<yCoord>351</yCoord>
					</edgeMap>
					<edgeMap>
					<xCoord>273</xCoord>
					<yCoord>352</yCoord>
					</edgeMap>
					<edgeMap>
					<xCoord>274</xCoord>
					<yCoord>353</yCoord>
					</edgeMap>
					<edgeMap>
					<xCoord>275</xCoord>
					<yCoord>353</yCoord>
					</edgeMap>
					<edgeMap>
					<xCoord>276</xCoord>
					<yCoord>353</yCoord>
					</edgeMap>
					<edgeMap>
					<xCoord>277</xCoord>
					<yCoord>353</yCoord>
					</edgeMap>
					<edgeMap>
					<xCoord>277</xCoord>
					<yCoord>352</yCoord>
					</edgeMap>
					<edgeMap>
					<xCoord>278</xCoord>
					<yCoord>351</yCoord>
					</edgeMap>
					<edgeMap>
					<xCoord>278</xCoord>
					<yCoord>350</yCoord>
					</edgeMap>
					<edgeMap>
					<xCoord>278</xCoord>
					<yCoord>349</yCoord>
					</edgeMap>
					<edgeMap>
					<xCoord>278</xCoord>
					<yCoord>348</yCoord>
					</edgeMap>
					<edgeMap>
					<xCoord>277</xCoord>
					<yCoord>348</yCoord>
					</edgeMap>
					<edgeMap>
					<xCoord>277</xCoord>
					<yCoord>347</yCoord>
					</edgeMap>
					<edgeMap>
					<xCoord>276</xCoord>
					<yCoord>346</yCoord>
					</edgeMap>
					<edgeMap>
					<xCoord>275</xCoord>
					<yCoord>346</yCoord>
					</edgeMap>
				</roi>
				<roi>
					<imageZposition>-147.75</imageZposition>
					<imageSOP_UID>1.3.6.1.4.1.14519.5.2.1.6279.6001.893618320542834477883024005762</imageSOP_UID>
					<inclusion>TRUE</inclusion>
					<edgeMap>
					<xCoord>275</xCoord>
					<yCoord>345</yCoord>
					</edgeMap>
					<edgeMap>
					<xCoord>274</xCoord>
					<yCoord>346</yCoord>
					</edgeMap>
					<edgeMap>
					<xCoord>273</xCoord>
					<yCoord>346</yCoord>
					</edgeMap>
					<edgeMap>
					<xCoord>272</xCoord>
					<yCoord>346</yCoord>
					</edgeMap>
					<edgeMap>
					<xCoord>272</xCoord>
					<yCoord>347</yCoord>
					</edgeMap>
					<edgeMap>
					<xCoord>272</xCoord>
					<yCoord>348</yCoord>
					</edgeMap>
					<edgeMap>
					<xCoord>272</xCoord>
					<yCoord>349</yCoord>
					</edgeMap>
					<edgeMap>
					<xCoord>272</xCoord>
					<yCoord>350</yCoord>
					</edgeMap>
					<edgeMap>
					<xCoord>273</xCoord>
					<yCoord>351</yCoord>
					</edgeMap>
					<edgeMap>
					<xCoord>274</xCoord>
					<yCoord>352</yCoord>
					</edgeMap>
					<edgeMap>
					<xCoord>274</xCoord>
					<yCoord>353</yCoord>
					</edgeMap>
					<edgeMap>
					<xCoord>275</xCoord>
					<yCoord>353</yCoord>
					</edgeMap>
					<edgeMap>
					<xCoord>276</xCoord>
					<yCoord>354</yCoord>
					</edgeMap>
					<edgeMap>
					<xCoord>277</xCoord>
					<yCoord>354</yCoord>
					</edgeMap>
					<edgeMap>
					<xCoord>277</xCoord>
					<yCoord>353</yCoord>
					</edgeMap>
					<edgeMap>
					<xCoord>278</xCoord>
					<yCoord>353</yCoord>
					</edgeMap>
					<edgeMap>
					<xCoord>278</xCoord>
					<yCoord>352</yCoord>
					</edgeMap>
					<edgeMap>
					<xCoord>277</xCoord>
					<yCoord>351</yCoord>
					</edgeMap>
					<edgeMap>
					<xCoord>277</xCoord>
					<yCoord>350</yCoord>
					</edgeMap>
					<edgeMap>
					<xCoord>277</xCoord>
					<yCoord>349</yCoord>
					</edgeMap>
					<edgeMap>
					<xCoord>277</xCoord>
					<yCoord>348</yCoord>
					</edgeMap>
					<edgeMap>
					<xCoord>277</xCoord>
					<yCoord>347</yCoord>
					</edgeMap>
					<edgeMap>
					<xCoord>276</xCoord>
					<yCoord>346</yCoord>
					</edgeMap>
					<edgeMap>
					<xCoord>275</xCoord>
					<yCoord>345</yCoord>
					</edgeMap>
				</roi>
				<roi>
					<imageZposition>-150.25</imageZposition>
					<imageSOP_UID>1.3.6.1.4.1.14519.5.2.1.6279.6001.318791826434120604749532778189</imageSOP_UID>
					<inclusion>TRUE</inclusion>
					<edgeMap>
					<xCoord>276</xCoord>
					<yCoord>346</yCoord>
					</edgeMap>
					<edgeMap>
					<xCoord>275</xCoord>
					<yCoord>346</yCoord>
					</edgeMap>
					<edgeMap>
					<xCoord>274</xCoord>
					<yCoord>346</yCoord>
					</edgeMap>
					<edgeMap>
					<xCoord>273</xCoord>
					<yCoord>346</yCoord>
					</edgeMap>
					<edgeMap>
					<xCoord>273</xCoord>
					<yCoord>347</yCoord>
					</edgeMap>
					<edgeMap>
					<xCoord>273</xCoord>
					<yCoord>348</yCoord>
					</edgeMap>
					<edgeMap>
					<xCoord>273</xCoord>
					<yCoord>349</yCoord>
					</edgeMap>
					<edgeMap>
					<xCoord>274</xCoord>
					<yCoord>350</yCoord>
					</edgeMap>
					<edgeMap>
					<xCoord>275</xCoord>
					<yCoord>351</yCoord>
					</edgeMap>
					<edgeMap>
					<xCoord>276</xCoord>
					<yCoord>350</yCoord>
					</edgeMap>
					<edgeMap>
					<xCoord>276</xCoord>
					<yCoord>349</yCoord>
					</edgeMap>
					<edgeMap>
					<xCoord>276</xCoord>
					<yCoord>348</yCoord>
					</edgeMap>
					<edgeMap>
					<xCoord>276</xCoord>
					<yCoord>347</yCoord>
					</edgeMap>
					<edgeMap>
					<xCoord>276</xCoord>
					<yCoord>346</yCoord>
					</edgeMap>
				</roi>
			</unblindedReadNodule>
			<unblindedReadNodule>
				<noduleID>1</noduleID>
				<characteristics>
					<subtlety>3</subtlety>
					<internalStructure>1</internalStructure>
					<calcification>6</calcification>
					<sphericity>4</sphericity>
					<margin>3</margin>
					<lobulation>3</lobulation>
					<spiculation>1</spiculation>
					<texture>5</texture>
					<malignancy>1</malignancy>
				</characteristics>
				<roi>
					<imageZposition>-122.75</imageZposition>
					<imageSOP_UID>1.3.6.1.4.1.14519.5.2.1.6279.6001.189700956192048754944798599666</imageSOP_UID>
					<inclusion>TRUE</inclusion>
					<edgeMap>
					<xCoord>362</xCoord>
					<yCoord>211</yCoord>
					</edgeMap>
					<edgeMap>
					<xCoord>361</xCoord>
					<yCoord>212</yCoord>
					</edgeMap>
					<edgeMap>
					<xCoord>360</xCoord>
					<yCoord>212</yCoord>
					</edgeMap>
					<edgeMap>
					<xCoord>359</xCoord>
					<yCoord>212</yCoord>
					</edgeMap>
					<edgeMap>
					<xCoord>359</xCoord>
					<yCoord>213</yCoord>
					</edgeMap>
					<edgeMap>
					<xCoord>359</xCoord>
					<yCoord>214</yCoord>
					</edgeMap>
					<edgeMap>
					<xCoord>360</xCoord>
					<yCoord>215</yCoord>
					</edgeMap>
					<edgeMap>
					<xCoord>361</xCoord>
					<yCoord>216</yCoord>
					</edgeMap>
					<edgeMap>
					<xCoord>362</xCoord>
					<yCoord>216</yCoord>
					</edgeMap>
					<edgeMap>
					<xCoord>363</xCoord>
					<yCoord>216</yCoord>
					</edgeMap>
					<edgeMap>
					<xCoord>364</xCoord>
					<yCoord>215</yCoord>
					</edgeMap>
					<edgeMap>
					<xCoord>364</xCoord>
					<yCoord>214</yCoord>
					</edgeMap>
					<edgeMap>
					<xCoord>364</xCoord>
					<yCoord>213</yCoord>
					</edgeMap>
					<edgeMap>
					<xCoord>363</xCoord>
					<yCoord>212</yCoord>
					</edgeMap>
					<edgeMap>
					<xCoord>362</xCoord>
					<yCoord>211</yCoord>
					</edgeMap>
				</roi>
				<roi>
					<imageZposition>-125.25</imageZposition>
					<imageSOP_UID>1.3.6.1.4.1.14519.5.2.1.6279.6001.338486442427586390884399070933</imageSOP_UID>
					<inclusion>TRUE</inclusion>
					<edgeMap>
					<xCoord>362</xCoord>
					<yCoord>210</yCoord>
					</edgeMap>
					<edgeMap>
					<xCoord>361</xCoord>
					<yCoord>210</yCoord>
					</edgeMap>
					<edgeMap>
					<xCoord>360</xCoord>
					<yCoord>210</yCoord>
					</edgeMap>
					<edgeMap>
					<xCoord>359</xCoord>
					<yCoord>210</yCoord>
					</edgeMap>
					<edgeMap>
					<xCoord>358</xCoord>
					<yCoord>210</yCoord>
					</edgeMap>
					<edgeMap>
					<xCoord>357</xCoord>
					<yCoord>211</yCoord>
					</edgeMap>
					<edgeMap>
					<xCoord>357</xCoord>
					<yCoord>212</yCoord>
					</edgeMap>
					<edgeMap>
					<xCoord>357</xCoord>
					<yCoord>213</yCoord>
					</edgeMap>
					<edgeMap>
					<xCoord>358</xCoord>
					<yCoord>214</yCoord>
					</edgeMap>
					<edgeMap>
					<xCoord>359</xCoord>
					<yCoord>215</yCoord>
					</edgeMap>
					<edgeMap>
					<xCoord>360</xCoord>
					<yCoord>215</yCoord>
					</edgeMap>
					<edgeMap>
					<xCoord>361</xCoord>
					<yCoord>216</yCoord>
					</edgeMap>
					<edgeMap>
					<xCoord>362</xCoord>
					<yCoord>216</yCoord>
					</edgeMap>
					<edgeMap>
					<xCoord>363</xCoord>
					<yCoord>216</yCoord>
					</edgeMap>
					<edgeMap>
					<xCoord>363</xCoord>
					<yCoord>215</yCoord>
					</edgeMap>
					<edgeMap>
					<xCoord>364</xCoord>
					<yCoord>214</yCoord>
					</edgeMap>
					<edgeMap>
					<xCoord>364</xCoord>
					<yCoord>213</yCoord>
					</edgeMap>
					<edgeMap>
					<xCoord>364</xCoord>
					<yCoord>212</yCoord>
					</edgeMap>
					<edgeMap>
					<xCoord>364</xCoord>
					<yCoord>211</yCoord>
					</edgeMap>
					<edgeMap>
					<xCoord>364</xCoord>
					<yCoord>210</yCoord>
					</edgeMap>
					<edgeMap>
					<xCoord>363</xCoord>
					<yCoord>210</yCoord>
					</edgeMap>
					<edgeMap>
					<xCoord>362</xCoord>
					<yCoord>210</yCoord>
					</edgeMap>
				</roi>
				<roi>
					<imageZposition>-127.75</imageZposition>
					<imageSOP_UID>1.3.6.1.4.1.14519.5.2.1.6279.6001.729918117423123285893039126372</imageSOP_UID>
					<inclusion>TRUE</inclusion>
					<edgeMap>
					<xCoord>361</xCoord>
					<yCoord>209</yCoord>
					</edgeMap>
					<edgeMap>
					<xCoord>360</xCoord>
					<yCoord>209</yCoord>
					</edgeMap>
					<edgeMap>
					<xCoord>359</xCoord>
					<yCoord>209</yCoord>
					</edgeMap>
					<edgeMap>
					<xCoord>358</xCoord>
					<yCoord>210</yCoord>
					</edgeMap>
					<edgeMap>
					<xCoord>357</xCoord>
					<yCoord>210</yCoord>
					</edgeMap>
					<edgeMap>
					<xCoord>357</xCoord>
					<yCoord>211</yCoord>
					</edgeMap>
					<edgeMap>
					<xCoord>357</xCoord>
					<yCoord>212</yCoord>
					</edgeMap>
					<edgeMap>
					<xCoord>357</xCoord>
					<yCoord>213</yCoord>
					</edgeMap>
					<edgeMap>
					<xCoord>358</xCoord>
					<yCoord>214</yCoord>
					</edgeMap>
					<edgeMap>
					<xCoord>358</xCoord>
					<yCoord>215</yCoord>
					</edgeMap>
					<edgeMap>
					<xCoord>359</xCoord>
					<yCoord>215</yCoord>
					</edgeMap>
					<edgeMap>
					<xCoord>360</xCoord>
					<yCoord>215</yCoord>
					</edgeMap>
					<edgeMap>
					<xCoord>361</xCoord>
					<yCoord>215</yCoord>
					</edgeMap>
					<edgeMap>
					<xCoord>362</xCoord>
					<yCoord>214</yCoord>
					</edgeMap>
					<edgeMap>
					<xCoord>363</xCoord>
					<yCoord>213</yCoord>
					</edgeMap>
					<edgeMap>
					<xCoord>364</xCoord>
					<yCoord>212</yCoord>
					</edgeMap>
					<edgeMap>
					<xCoord>364</xCoord>
					<yCoord>211</yCoord>
					</edgeMap>
					<edgeMap>
					<xCoord>364</xCoord>
					<yCoord>210</yCoord>
					</edgeMap>
					<edgeMap>
					<xCoord>364</xCoord>
					<yCoord>209</yCoord>
					</edgeMap>
					<edgeMap>
					<xCoord>363</xCoord>
					<yCoord>209</yCoord>
					</edgeMap>
					<edgeMap>
					<xCoord>362</xCoord>
					<yCoord>209</yCoord>
					</edgeMap>
					<edgeMap>
					<xCoord>361</xCoord>
					<yCoord>209</yCoord>
					</edgeMap>
				</roi>
			</unblindedReadNodule>
			<unblindedReadNodule>
				<noduleID>2</noduleID>
				<roi>
					<imageZposition>-175.25</imageZposition>
					<imageSOP_UID>1.3.6.1.4.1.14519.5.2.1.6279.6001.138283753876003068349255724570</imageSOP_UID>
					<inclusion>TRUE</inclusion>
					<edgeMap>
					<xCoord>288</xCoord>
					<yCoord>339</yCoord>
					</edgeMap>
				</roi>
			</unblindedReadNodule>
	</readingSession>
</LidcReadMessage>