<?xml version="1.0" encoding="UTF-8"?>
<LidcReadMessage uid="1.3.6.1.4.1.14519.5.2.1.6279.6001.1307390660468.0" xmlns="http://www.nih.gov" xmlns:xsi="http://www.w3.org/2001/XMLSchema-instance" xsi:schemaLocation="http://www.nih.gov  http://troll.rad.med.umich.edu/lidc/LidcReadMessage.xsd">
<ResponseHeader>
<Version>1.8.1</Version>
<MessageId>-909301196</MessageId>
<DateRequest>2008-09-15</DateRequest>
<TimeRequest>10:21:59</TimeRequest>
<RequestingSite>removed</RequestingSite>
<ServicingSite>removed</ServicingSite>
<TaskDescription>Second unblinded read</TaskDescription>
<CtImageFile>removed</CtImageFile>
<SeriesInstanceUid>1.3.6.1.4.1.14519.5.2.1.6279.6001.975426625618184773401026809852</SeriesInstanceUid>
<DateService>2009-05-29</DateService>
<TimeService>08:58:09</TimeService>
<ResponseDescription>1 - Reading complete</ResponseDescription>
<StudyInstanceUID>1.3.6.1.4.1.14519.5.2.1.6279.6001.178055839088630125000227320316</StudyInstanceUID></ResponseHeader>
<readingSession>
    <annotationVersion>3.12</annotationVersion>
    <servicingRadiologistID>322356757</servicingRadiologistID>
    <unblindedReadNodule>
      <noduleID>Nodule 001</noduleID>
      <characteristics>
        <subtlety>4</subtlety>
        <internalStructure>1</internalStructure>
        <calcification>6</calcification>
        <sphericity>3</sphericity>
        <margin>4</margin>
        <lobulation>2</lobulation>
        <spiculation>2</spiculation>
        <texture>2</texture>
        <malignancy>4</malignancy>
      </characteristics>
      <roi>
        <imageZposition>-106.500000 </imageZposition>
        <imageSOP_UID>1.3.6.1.4.1.14519.5.2.1.6279.6001.141648405216320081223692633117</imageSOP_UID>
        <inclusion>TRUE</inclusion>
        <edgeMap>
          <xCoord>340</xCoord>
          <yCoord>370</yCoord>
        </edgeMap>
        <edgeMap>
          <xCoord>339</xCoord>
          <yCoord>371</yCoord>
        </edgeMap>
        <edgeMap>
          <xCoord>338</xCoord>
          <yCoord>372</yCoord>
        </edgeMap>
        <edgeMap>
          <xCoord>338</xCoord>
          <yCoord>373</yCoord>
        </edgeMap>
        <edgeMap>
          <xCoord>338</xCoord>
          <yCoord>374</yCoord>
        </edgeMap>
        <edgeMap>
          <xCoord>337</xCoord>
          <yCoord>375</yCoord>
        </edgeMap>
        <edgeMap>
          <xCoord>337</xCoord>
          <yCoord>376</yCoord>
        </edgeMap>
        <edgeMap>
          <xCoord>338</xCoord>
          <yCoord>377</yCoord>
        </edgeMap>
        <edgeMap>
          <xCoord>338</xCoord>
          <yCoord>378</yCoord>
        </edgeMap>
        <edgeMap>
          <xCoord>339</xCoord>
          <yCoord>379</yCoord>
        </edgeMap>
        <edgeMap>
          <xCoord>340</xCoord>
          <yCoord>380</yCoord>
        </edgeMap>
        <edgeMap>
          <xCoord>341</xCoord>
          <yCoord>381</yCoord>
        </edgeMap>
        <edgeMap>
          <xCoord>342</xCoord>
          <yCoord>382</yCoord>
        </edgeMap>
        <edgeMap>
          <xCoord>343</xCoord>
          <yCoord>383</yCoord>
        </edgeMap>
        <edgeMap>
          <xCoord>344</xCoord>
          <yCoord>383</yCoord>
        </edgeMap>
        <edgeMap>
          <xCoord>345</xCoord>
          <yCoord>384</yCoord>
        </edgeMap>
        <edgeMap>
          <xCoord>346</xCoord>
          <yCoord>384</yCoord>
        </edgeMap>
        <edgeMap>
          <xCoord>347</xCoord>
          <yCoord>383</yCoord>
        </edgeMap>
        <edgeMap>
          <xCoord>347</xCoord>
          <yCoord>382</yCoord>
        </edgeMap>
        <edgeMap>
          <xCoord>348</xCoord>
          <yCoord>381</yCoord>
        </edgeMap>
        <edgeMap>
          <xCoord>349</xCoord>
          <yCoord>380</yCoord>
        </edgeMap>
        <edgeMap>
          <xCoord>350</xCoord>
          <yCoord>380</yCoord>
        </edgeMap>
        <edgeMap>
          <xCoord>351</xCoord>
          <yCoord>380</yCoord>
        </edgeMap>
        <edgeMap>
          <xCoord>352</xCoord>
          <yCoord>379</yCoord>
        </edgeMap>
        <edgeMap>
          <xCoord>352</xCoord>
          <yCoord>378</yCoord>
        </edgeMap>
        <edgeMap>
          <xCoord>351</xCoord>
          <yCoord>377</yCoord>
        </edgeMap>
        <edgeMap>
          <xCoord>351</xCoord>
          <yCoord>376</yCoord>
        </edgeMap>
        <edgeMap>
          <xCoord>350</xCoord>
          <yCoord>375</yCoord>
        </edgeMap>
        <edgeMap>
          <xCoord>350</xCoord>
          <yCoord>374</yCoord>
        </edgeMap>
        <edgeMap>
          <xCoord>349</xCoord>
          <yCoord>373</yCoord>
        </edgeMap>
        <edgeMap>
          <xCoord>349</xCoord>
          <yCoord>372</yCoord>
        </edgeMap>
        <edgeMap>
          <xCoord>348</xCoord>
          <yCoord>371</yCoord>
        </edgeMap>
        <edgeMap>
          <xCoord>347</xCoord>
          <yCoord>371</yCoord>
        </edgeMap>
        <edgeMap>
          <xCoord>346</xCoord>
          <yCoord>370</yCoord>
        </edgeMap>
        <edgeMap>
          <xCoord>345</xCoord>
          <yCoord>370</yCoord>
        </edgeMap>
        <edgeMap>
          <xCoord>344</xCoord>
          <yCoord>370</yCoord>
        </edgeMap>
        <edgeMap>
          <xCoord>343</xCoord>
          <yCoord>370</yCoord>
        </edgeMap>
        <edgeMap>
          <xCoord>342</xCoord>
          <yCoord>370</yCoord>
        </edgeMap>
        <edgeMap>
          <xCoord>341</xCoord>
          <yCoord>370</yCoord>
        </edgeMap>
        <edgeMap>
          <xCoord>340</xCoord>
          <yCoord>370</yCoord>
        </edgeMap>
      </roi>
      <roi>
        <imageZposition>-105.250000 </imageZposition>
        <imageSOP_UID>1.3.6.1.4.1.14519.5.2.1.6279.6001.143291598359202448868615994763</imageSOP_UID>
        <inclusion>TRUE</inclusion>
        <edgeMap>
          <xCoord>340</xCoord>
          <yCoord>369</yCoord>
        </edgeMap>
        <edgeMap>
          <xCoord>339</xCoord>
          <yCoord>370</yCoord>
        </edgeMap>
        <edgeMap>
          <xCoord>339</xCoord>
          <yCoord>371</yCoord>
        </edgeMap>
        <edgeMap>
          <xCoord>339</xCoord>
          <yCoord>372</yCoord>
        </edgeMap>
        <edgeMap>
          <xCoord>339</xCoord>
          <yCoord>373</yCoord>
        </edgeMap>
        <edgeMap>
          <xCoord>339</xCoord>
          <yCoord>374</yCoord>
        </edgeMap>
        <edgeMap>
          <xCoord>339</xCoord>
          <yCoord>375</yCoord>
        </edgeMap>
        <edgeMap>
          <xCoord>339</xCoord>
          <yCoord>376</yCoord>
        </edgeMap>
        <edgeMap>
          <xCoord>339</xCoord>
          <yCoord>377</yCoord>
        </edgeMap>
        <edgeMap>
          <xCoord>339</xCoord>
          <yCoord>378</yCoord>
        </edgeMap>
        <edgeMap>
          <xCoord>338</xCoord>
          <yCoord>379</yCoord>
        </edgeMap>
        <edgeMap>
          <xCoord>339</xCoord>
          <yCoord>380</yCoord>
        </edgeMap>
        <edgeMap>
          <xCoord>340</xCoord>
          <yCoord>381</yCoord>
        </edgeMap>
        <edgeMap>
          <xCoord>341</xCoord>
          <yCoord>382</yCoord>
        </edgeMap>
        <edgeMap>
          <xCoord>342</xCoord>
          <yCoord>382</yCoord>
        </edgeMap>
        <edgeMap>
          <xCoord>343</xCoord>
          <yCoord>383</yCoord>
        </edgeMap>
        <edgeMap>
          <xCoord>344</xCoord>
          <yCoord>384</yCoord>
        </edgeMap>
        <edgeMap>
          <xCoord>345</xCoord>
          <yCoord>384</yCoord>
        </edgeMap>
        <edgeMap>
          <xCoord>346</xCoord>
          <yCoord>385</yCoord>
        </edgeMap>
        <edgeMap>
          <xCoord>347</xCoord>
          <yCoord>385</yCoord>
        </edgeMap>
        <edgeMap>
          <xCoord>348</xCoord>
          <yCoord>384</yCoord>
        </edgeMap>
        <edgeMap>
          <xCoord>349</xCoord>
          <yCoord>383</yCoord>
        </edgeMap>
        <edgeMap>
          <xCoord>350</xCoord>
          <yCoord>383</yCoord>
        </edgeMap>
        <edgeMap>
          <xCoord>351</xCoord>
          <yCoord>383</yCoord>
        </edgeMap>
        <edgeMap>
          <xCoord>352</xCoord>
          <yCoord>382</yCoord>
        </edgeMap>
        <edgeMap>
          <xCoord>352</xCoord>
          <yCoord>381</yCoord>
        </edgeMap>
        <edgeMap>
          <xCoord>352</xCoord>
          <yCoord>380</yCoord>
        </edgeMap>
        <edgeMap>
          <xCoord>352</xCoord>
          <yCoord>379</yCoord>
        </edgeMap>
        <edgeMap>
          <xCoord>352</xCoord>
          <yCoord>378</yCoord>
        </edgeMap>
        <edgeMap>
          <xCoord>352</xCoord>
          <yCoord>377</yCoord>
        </edgeMap>
        <edgeMap>
          <xCoord>352</xCoord>
          <yCoord>376</yCoord>
        </edgeMap>
        <edgeMap>
          <xCoord>352</xCoord>
          <yCoord>375</yCoord>
        </edgeMap>
        <edgeMap>
          <xCoord>351</xCoord>
          <yCoord>374</yCoord>
        </edgeMap>
        <edgeMap>
          <xCoord>351</xCoord>
          <yCoord>373</yCoord>
        </edgeMap>
        <edgeMap>
          <xCoord>350</xCoord>
          <yCoord>372</yCoord>
        </edgeMap>
        <edgeMap>
          <xCoord>350</xCoord>
          <yCoord>371</yCoord>
        </edgeMap>
        <edgeMap>
          <xCoord>349</xCoord>
          <yCoord>370</yCoord>
        </edgeMap>
        <edgeMap>
          <xCoord>348</xCoord>
          <yCoord>369</yCoord>
        </edgeMap>
        <edgeMap>
          <xCoord>347</xCoord>
          <yCoord>369</yCoord>
        </edgeMap>
        <edgeMap>
          <xCoord>346</xCoord>
          <yCoord>369</yCoord>
        </edgeMap>
        <edgeMap>
          <xCoord>345</xCoord>
          <yCoord>369</yCoord>
        </edgeMap>
        <edgeMap>
          <xCoord>344</xCoord>
          <yCoord>369</yCoord>
        </edgeMap>
        <edgeMap>
          <xCoord>343</xCoord>
          <yCoord>369</yCoord>
        </edgeMap>
        <edgeMap>
          <xCoord>342</xCoord>
          <yCoord>369</yCoord>
        </edgeMap>
        <edgeMap>
          <xCoord>341</xCoord>
          <yCoord>369</yCoord>
        </edgeMap>
        <edgeMap>
          <xCoord>340</xCoord>
          <yCoord>369</yCoord>
        </edgeMap>
      </roi>
      <roi>
        <imageZposition>-104.000000 </imageZposition>
        <imageSOP_UID>1.3.6.1.4.1.14519.5.2.1.6279.6001.316447020297346186623258326595</imageSOP_UID>
        <inclusion>TRUE</inclusion>
        <edgeMap>
          <xCoord>342</xCoord>
          <yCoord>373</yCoord>
        </edgeMap>
        <edgeMap>
          <xCoord>341</xCoord>
          <yCoord>374</yCoord>
        </edgeMap>
        <edgeMap>
          <xCoord>341</xCoord>
          <yCoord>375</yCoord>
        </edgeMap>
        <edgeMap>
          <xCoord>341</xCoord>
          <yCoord>376</yCoord>
        </edgeMap>
        <edgeMap>
          <xCoord>341</xCoord>
          <yCoord>377</yCoord>
        </edgeMap>
        <edgeMap>
          <xCoord>341</xCoord>
          <yCoord>378</yCoord>
        </edgeMap>
        <edgeMap>
          <xCoord>340</xCoord>
          <yCoord>379</yCoord>
        </edgeMap>
        <edgeMap>
          <xCoord>340</xCoord>
          <yCoord>380</yCoord>
        </edgeMap>
        <edgeMap>
          <xCoord>340</xCoord>
          <yCoord>381</yCoord>
        </edgeMap>
        <edgeMap>
          <xCoord>341</xCoord>
          <yCoord>382</yCoord>
        </edgeMap>
        <edgeMap>
          <xCoord>341</xCoord>
          <yCoord>383</yCoord>
        </edgeMap>
        <edgeMap>
          <xCoord>342</xCoord>
          <yCoord>384</yCoord>
        </edgeMap>
        <edgeMap>
          <xCoord>343</xCoord>
          <yCoord>385</yCoord>
        </edgeMap>
        <edgeMap>
          <xCoord>344</xCoord>
          <yCoord>386</yCoord>
        </edgeMap>
        <edgeMap>
          <xCoord>345</xCoord>
          <yCoord>386</yCoord>
        </edgeMap>
        <edgeMap>
          <xCoord>346</xCoord>
          <yCoord>385</yCoord>
        </edgeMap>
        <edgeMap>
          <xCoord>347</xCoord>
          <yCoord>384</yCoord>
        </edgeMap>
        <edgeMap>
          <xCoord>348</xCoord>
          <yCoord>383</yCoord>
        </edgeMap>
        <edgeMap>
          <xCoord>349</xCoord>
          <yCoord>383</yCoord>
        </edgeMap>
        <edgeMap>
          <xCoord>350</xCoord>
          <yCoord>383</yCoord>
        </edgeMap>
        <edgeMap>
          <xCoord>351</xCoord>
          <yCoord>383</yCoord>
        </edgeMap>
        <edgeMap>
          <xCoord>352</xCoord>
          <yCoord>383</yCoord>
        </edgeMap>
        <edgeMap>
          <xCoord>353</xCoord>
          <yCoord>382</yCoord>
        </edgeMap>
        <edgeMap>
          <xCoord>353</xCoord>
          <yCoord>381</yCoord>
        </edgeMap>
        <edgeMap>
          <xCoord>353</xCoord>
          <yCoord>380</yCoord>
        </edgeMap>
        <edgeMap>
          <xCoord>353</xCoord>
          <yCoord>379</yCoord>
        </edgeMap>
        <edgeMap>
          <xCoord>352</xCoord>
          <yCoord>378</yCoord>
        </edgeMap>
        <edgeMap>
          <xCoord>352</xCoord>
          <yCoord>377</yCoord>
        </edgeMap>
        <edgeMap>
          <xCoord>351</xCoord>
          <yCoord>376</yCoord>
        </edgeMap>
        <edgeMap>
          <xCoord>351</xCoord>
          <yCoord>375</yCoord>
        </edgeMap>
        <edgeMap>
          <xCoord>350</xCoord>
          <yCoord>374</yCoord>
        </edgeMap>
        <edgeMap>
          <xCoord>349</xCoord>
          <yCoord>373</yCoord>
        </edgeMap>
        <edgeMap>
          <xCoord>348</xCoord>
          <yCoord>373</yCoord>
        </edgeMap>
        <edgeMap>
          <xCoord>347</xCoord>
          <yCoord>373</yCoord>
        </edgeMap>
        <edgeMap>
          <xCoord>346</xCoord>
          <yCoord>373</yCoord>
        </edgeMap>
        <edgeMap>
          <xCoord>345</xCoord>
          <yCoord>373</yCoord>
        </edgeMap>
        <edgeMap>
          <xCoord>344</xCoord>
          <yCoord>373</yCoord>
        </edgeMap>
        <edgeMap>
          <xCoord>343</xCoord>
          <yCoord>373</yCoord>
        </edgeMap>
        <edgeMap>
          <xCoord>342</xCoord>
          <yCoord>373</yCoord>
        </edgeMap>
      </roi>
    </unblindedReadNodule>
    <nonNodule>
      <nonNoduleID>_Non-nodule 001</nonNoduleID>
      <imageZposition>-192.750000 </imageZposition>
      <imageSOP_UID>1.3.6.1.4.1.14519.5.2.1.6279.6001.705363222492822197294142200766</imageSOP_UID>
      <locus>
        <xCoord>137</xCoord>
        <yCoord>346</yCoord>
      </locus>
    </nonNodule>
    <nonNodule>
      <nonNoduleID>_Non-nodule 003</nonNoduleID>
      <imageZposition>-192.750000 </imageZposition>
      <imageSOP_UID>1.3.6.1.4.1.14519.5.2.1.6279.6001.705363222492822197294142200766</imageSOP_UID>
      <locus>
        <xCoord>382</xCoord>
        <yCoord>270</yCoord>
      </locus>
    </nonNodule>
    <nonNodule>
      <nonNoduleID>_Non-nodule 004</nonNoduleID>
      <imageZposition>-132.750000 </imageZposition>
      <imageSOP_UID>1.3.6.1.4.1.14519.5.2.1.6279.6001.222603053815301578948933733724</imageSOP_UID>
      <locus>
        <xCoord>359</xCoord>
        <yCoord>192</yCoord>
      </locus>
    </nonNodule>
    <nonNodule>
      <nonNoduleID>_Non-nodule 002</nonNoduleID>
      <imageZposition>-105.250000 </imageZposition>
      <imageSOP_UID>1.3.6.1.4.1.14519.5.2.1.6279.6001.143291598359202448868615994763</imageSOP_UID>
      <locus>
        <xCoord>345</xCoord>
        <yCoord>234</yCoord>
      </locus>
    </nonNodule>
  </readingSession>
<readingSession>
    <annotationVersion>3.12</annotationVersion>
    <servicingRadiologistID>-1379520686</servicingRadiologistID>
    <unblindedReadNodule>
      <noduleID>IL057_196960</noduleID>
      <characteristics>
        <subtlety>3</subtlety>
        <internalStructure>1</internalStructure>
        <calcification>6</calcification>
        <sphericity>3</sphericity>
        <margin>1</margin>
        <lobulation>4</lobulation>
        <spiculation>3</spiculation>
        <texture>1</texture>
        <malignancy>4</malignancy>
      </characteristics>
      <roi>
        <imageZposition>-106.5</imageZposition>
        <imageSOP_UID>1.3.6.1.4.1.14519.5.2.1.6279.6001.141648405216320081223692633117</imageSOP_UID>
        <inclusion>TRUE</inclusion>
        <edgeMap>
          <xCoord>347</xCoord>
          <yCoord>385</yCoord>
        </edgeMap>
        <edgeMap>
          <xCoord>348</xCoord>
          <yCoord>384</yCoord>
        </edgeMap>
        <edgeMap>
          <xCoord>349</xCoord>
          <yCoord>384</yCoord>
        </edgeMap>
        <edgeMap>
          <xCoord>350</xCoord>
          <yCoord>384</yCoord>
        </edgeMap>
        <edgeMap>
          <xCoord>351</xCoord>
          <yCoord>384</yCoord>
        </edgeMap>
        <edgeMap>
          <xCoord>352</xCoord>
          <yCoord>384</yCoord>
        </edgeMap>
        <edgeMap>
          <xCoord>353</xCoord>
          <yCoord>383</yCoord>
        </edgeMap>
        <edgeMap>
          <xCoord>354</xCoord>
          <yCoord>382</yCoord>
        </edgeMap>
        <edgeMap>
          <xCoord>354</xCoord>
          <yCoord>381</yCoord>
        </edgeMap>
        <edgeMap>
          <xCoord>354</xCoord>
          <yCoord>380</yCoord>
        </edgeMap>
        <edgeMap>
          <xCoord>354</xCoord>
          <yCoord>379</yCoord>
        </edgeMap>
        <edgeMap>
          <xCoord>355</xCoord>
          <yCoord>378</yCoord>
        </edgeMap>
        <edgeMap>
          <xCoord>354</xCoord>
          <yCoord>377</yCoord>
        </edgeMap>
        <edgeMap>
          <xCoord>354</xCoord>
          <yCoord>376</yCoord>
        </edgeMap>
        <edgeMap>
          <xCoord>353</xCoord>
          <yCoord>375</yCoord>
        </edgeMap>
        <edgeMap>
          <xCoord>352</xCoord>
          <yCoord>375</yCoord>
        </edgeMap>
        <edgeMap>
          <xCoord>351</xCoord>
          <yCoord>375</yCoord>
        </edgeMap>
        <edgeMap>
          <xCoord>350</xCoord>
          <yCoord>374</yCoord>
        </edgeMap>
        <edgeMap>
          <xCoord>349</xCoord>
          <yCoord>373</yCoord>
        </edgeMap>
        <edgeMap>
          <xCoord>348</xCoord>
          <yCoord>372</yCoord>
        </edgeMap>
        <edgeMap>
          <xCoord>347</xCoord>
          <yCoord>371</yCoord>
        </edgeMap>
        <edgeMap>
          <xCoord>347</xCoord>
          <yCoord>370</yCoord>
        </edgeMap>
        <edgeMap>
          <xCoord>346</xCoord>
          <yCoord>369</yCoord>
        </edgeMap>
        <edgeMap>
          <xCoord>345</xCoord>
          <yCoord>369</yCoord>
        </edgeMap>
        <edgeMap>
          <xCoord>344</xCoord>
          <yCoord>368</yCoord>
        </edgeMap>
        <edgeMap>
          <xCoord>343</xCoord>
          <yCoord>367</yCoord>
        </edgeMap>
        <edgeMap>
          <xCoord>342</xCoord>
          <yCoord>368</yCoord>
        </edgeMap>
        <edgeMap>
          <xCoord>341</xCoord>
          <yCoord>369</yCoord>
        </edgeMap>
        <edgeMap>
          <xCoord>340</xCoord>
          <yCoord>369</yCoord>
        </edgeMap>
        <edgeMap>
          <xCoord>339</xCoord>
          <yCoord>370</yCoord>
        </edgeMap>
        <edgeMap>
          <xCoord>338</xCoord>
          <yCoord>371</yCoord>
        </edgeMap>
        <edgeMap>
          <xCoord>338</xCoord>
          <yCoord>372</yCoord>
        </edgeMap>
        <edgeMap>
          <xCoord>339</xCoord>
          <yCoord>373</yCoord>
        </edgeMap>
        <edgeMap>
          <xCoord>338</xCoord>
          <yCoord>374</yCoord>
        </edgeMap>
        <edgeMap>
          <xCoord>339</xCoord>
          <yCoord>375</yCoord>
        </edgeMap>
        <edgeMap>
          <xCoord>338</xCoord>
          <yCoord>376</yCoord>
        </edgeMap>
        <edgeMap>
          <xCoord>337</xCoord>
          <yCoord>377</yCoord>
        </edgeMap>
        <edgeMap>
          <xCoord>337</xCoord>
          <yCoord>378</yCoord>
        </edgeMap>
        <edgeMap>
          <xCoord>338</xCoord>
          <yCoord>379</yCoord>
        </edgeMap>
        <edgeMap>
          <xCoord>339</xCoord>
          <yCoord>380</yCoord>
        </edgeMap>
        <edgeMap>
          <xCoord>338</xCoord>
          <yCoord>381</yCoord>
        </edgeMap>
        <edgeMap>
          <xCoord>339</xCoord>
          <yCoord>382</yCoord>
        </edgeMap>
        <edgeMap>
          <xCoord>340</xCoord>
          <yCoord>383</yCoord>
        </edgeMap>
        <edgeMap>
          <xCoord>341</xCoord>
          <yCoord>383</yCoord>
        </edgeMap>
        <edgeMap>
          <xCoord>342</xCoord>
          <yCoord>384</yCoord>
        </edgeMap>
        <edgeMap>
          <xCoord>343</xCoord>
          <yCoord>385</yCoord>
        </edgeMap>
        <edgeMap>
          <xCoord>344</xCoord>
          <yCoord>385</yCoord>
        </edgeMap>
        <edgeMap>
          <xCoord>345</xCoord>
          <yCoord>385</yCoord>
        </edgeMap>
        <edgeMap>
          <xCoord>346</xCoord>
          <yCoord>385</yCoord>
        </edgeMap>
        <edgeMap>
          <xCoord>347</xCoord>
          <yCoord>385</yCoord>
        </edgeMap>
      </roi>
      <roi>
        <imageZposition>-105.25</imageZposition>
        <imageSOP_UID>1.3.6.1.4.1.14519.5.2.1.6279.6001.143291598359202448868615994763</imageSOP_UID>
        <inclusion>TRUE</inclusion>
        <edgeMap>
          <xCoord>348</xCoord>
          <yCoord>386</yCoord>
        </edgeMap>
        <edgeMap>
          <xCoord>349</xCoord>
          <yCoord>385</yCoord>
        </edgeMap>
        <edgeMap>
          <xCoord>350</xCoord>
          <yCoord>384</yCoord>
        </edgeMap>
        <edgeMap>
          <xCoord>351</xCoord>
          <yCoord>384</yCoord>
        </edgeMap>
        <edgeMap>
          <xCoord>352</xCoord>
          <yCoord>383</yCoord>
        </edgeMap>
        <edgeMap>
          <xCoord>353</xCoord>
          <yCoord>382</yCoord>
        </edgeMap>
        <edgeMap>
          <xCoord>354</xCoord>
          <yCoord>381</yCoord>
        </edgeMap>
        <edgeMap>
          <xCoord>354</xCoord>
          <yCoord>380</yCoord>
        </edgeMap>
        <edgeMap>
          <xCoord>354</xCoord>
          <yCoord>379</yCoord>
        </edgeMap>
        <edgeMap>
          <xCoord>354</xCoord>
          <yCoord>378</yCoord>
        </edgeMap>
        <edgeMap>
          <xCoord>353</xCoord>
          <yCoord>377</yCoord>
        </edgeMap>
        <edgeMap>
          <xCoord>352</xCoord>
          <yCoord>376</yCoord>
        </edgeMap>
        <edgeMap>
          <xCoord>352</xCoord>
          <yCoord>375</yCoord>
        </edgeMap>
        <edgeMap>
          <xCoord>353</xCoord>
          <yCoord>374</yCoord>
        </edgeMap>
        <edgeMap>
          <xCoord>353</xCoord>
          <yCoord>373</yCoord>
        </edgeMap>
        <edgeMap>
          <xCoord>352</xCoord>
          <yCoord>372</yCoord>
        </edgeMap>
        <edgeMap>
          <xCoord>351</xCoord>
          <yCoord>371</yCoord>
        </edgeMap>
        <edgeMap>
          <xCoord>350</xCoord>
          <yCoord>370</yCoord>
        </edgeMap>
        <edgeMap>
          <xCoord>349</xCoord>
          <yCoord>369</yCoord>
        </edgeMap>
        <edgeMap>
          <xCoord>348</xCoord>
          <yCoord>370</yCoord>
        </edgeMap>
        <edgeMap>
          <xCoord>347</xCoord>
          <yCoord>370</yCoord>
        </edgeMap>
        <edgeMap>
          <xCoord>346</xCoord>
          <yCoord>369</yCoord>
        </edgeMap>
        <edgeMap>
          <xCoord>345</xCoord>
          <yCoord>368</yCoord>
        </edgeMap>
        <edgeMap>
          <xCoord>344</xCoord>
          <yCoord>367</yCoord>
        </edgeMap>
        <edgeMap>
          <xCoord>343</xCoord>
          <yCoord>367</yCoord>
        </edgeMap>
        <edgeMap>
          <xCoord>342</xCoord>
          <yCoord>368</yCoord>
        </edgeMap>
        <edgeMap>
          <xCoord>341</xCoord>
          <yCoord>368</yCoord>
        </edgeMap>
        <edgeMap>
          <xCoord>340</xCoord>
          <yCoord>367</yCoord>
        </edgeMap>
        <edgeMap>
          <xCoord>339</xCoord>
          <yCoord>368</yCoord>
        </edgeMap>
        <edgeMap>
          <xCoord>338</xCoord>
          <yCoord>369</yCoord>
        </edgeMap>
        <edgeMap>
          <xCoord>338</xCoord>
          <yCoord>370</yCoord>
        </edgeMap>
        <edgeMap>
          <xCoord>338</xCoord>
          <yCoord>371</yCoord>
        </edgeMap>
        <edgeMap>
          <xCoord>338</xCoord>
          <yCoord>372</yCoord>
        </edgeMap>
        <edgeMap>
          <xCoord>339</xCoord>
          <yCoord>373</yCoord>
        </edgeMap>
        <edgeMap>
          <xCoord>340</xCoord>
          <yCoord>374</yCoord>
        </edgeMap>
        <edgeMap>
          <xCoord>339</xCoord>
          <yCoord>375</yCoord>
        </edgeMap>
        <edgeMap>
          <xCoord>339</xCoord>
          <yCoord>376</yCoord>
        </edgeMap>
        <edgeMap>
          <xCoord>338</xCoord>
          <yCoord>377</yCoord>
        </edgeMap>
        <edgeMap>
          <xCoord>338</xCoord>
          <yCoord>378</yCoord>
        </edgeMap>
        <edgeMap>
          <xCoord>339</xCoord>
          <yCoord>379</yCoord>
        </edgeMap>
        <edgeMap>
          <xCoord>338</xCoord>
          <yCoord>380</yCoord>
        </edgeMap>
        <edgeMap>
          <xCoord>339</xCoord>
          <yCoord>381</yCoord>
        </edgeMap>
        <edgeMap>
          <xCoord>340</xCoord>
          <yCoord>382</yCoord>
        </edgeMap>
        <edgeMap>
          <xCoord>341</xCoord>
          <yCoord>383</yCoord>
        </edgeMap>
        <edgeMap>
          <xCoord>342</xCoord>
          <yCoord>383</yCoord>
        </edgeMap>
        <edgeMap>
          <xCoord>343</xCoord>
          <yCoord>383</yCoord>
        </edgeMap>
        <edgeMap>
          <xCoord>344</xCoord>
          <yCoord>383</yCoord>
        </edgeMap>
        <edgeMap>
          <xCoord>345</xCoord>
          <yCoord>384</yCoord>
        </edgeMap>
        <edgeMap>
          <xCoord>346</xCoord>
          <yCoord>385</yCoord>
        </edgeMap>
        <edgeMap>
          <xCoord>347</xCoord>
          <yCoord>386</yCoord>
        </edgeMap>
        <edgeMap>
          <xCoord>348</xCoord>
          <yCoord>386</yCoord>
        </edgeMap>
      </roi>
      <roi>
        <imageZposition>-104.0</imageZposition>
        <imageSOP_UID>1.3.6.1.4.1.14519.5.2.1.6279.6001.316447020297346186623258326595</imageSOP_UID>
        <inclusion>TRUE</inclusion>
        <edgeMap>
          <xCoord>348</xCoord>
          <yCoord>385</yCoord>
        </edgeMap>
        <edgeMap>
          <xCoord>349</xCoord>
          <yCoord>384</yCoord>
        </edgeMap>
        <edgeMap>
          <xCoord>350</xCoord>
          <yCoord>383</yCoord>
        </edgeMap>
        <edgeMap>
          <xCoord>351</xCoord>
          <yCoord>383</yCoord>
        </edgeMap>
        <edgeMap>
          <xCoord>352</xCoord>
          <yCoord>382</yCoord>
        </edgeMap>
        <edgeMap>
          <xCoord>352</xCoord>
          <yCoord>381</yCoord>
        </edgeMap>
        <edgeMap>
          <xCoord>352</xCoord>
          <yCoord>380</yCoord>
        </edgeMap>
        <edgeMap>
          <xCoord>352</xCoord>
          <yCoord>379</yCoord>
        </edgeMap>
        <edgeMap>
          <xCoord>352</xCoord>
          <yCoord>378</yCoord>
        </edgeMap>
        <edgeMap>
          <xCoord>352</xCoord>
          <yCoord>377</yCoord>
        </edgeMap>
        <edgeMap>
          <xCoord>352</xCoord>
          <yCoord>376</yCoord>
        </edgeMap>
        <edgeMap>
          <xCoord>351</xCoord>
          <yCoord>375</yCoord>
        </edgeMap>
        <edgeMap>
          <xCoord>351</xCoord>
          <yCoord>374</yCoord>
        </edgeMap>
        <edgeMap>
          <xCoord>350</xCoord>
          <yCoord>373</yCoord>
        </edgeMap>
        <edgeMap>
          <xCoord>349</xCoord>
          <yCoord>372</yCoord>
        </edgeMap>
        <edgeMap>
          <xCoord>348</xCoord>
          <yCoord>372</yCoord>
        </edgeMap>
        <edgeMap>
          <xCoord>347</xCoord>
          <yCoord>371</yCoord>
        </edgeMap>
        <edgeMap>
          <xCoord>346</xCoord>
          <yCoord>371</yCoord>
        </edgeMap>
        <edgeMap>
          <xCoord>345</xCoord>
          <yCoord>371</yCoord>
        </edgeMap>
        <edgeMap>
          <xCoord>344</xCoord>
          <yCoord>371</yCoord>
        </edgeMap>
        <edgeMap>
          <xCoord>343</xCoord>
          <yCoord>371</yCoord>
        </edgeMap>
        <edgeMap>
          <xCoord>342</xCoord>
          <yCoord>371</yCoord>
        </edgeMap>
        <edgeMap>
          <xCoord>341</xCoord>
          <yCoord>372</yCoord>
        </edgeMap>
        <edgeMap>
          <xCoord>341</xCoord>
          <yCoord>373</yCoord>
        </edgeMap>
        <edgeMap>
          <xCoord>341</xCoord>
          <yCoord>374</yCoord>
        </edgeMap>
        <edgeMap>
          <xCoord>341</xCoord>
          <yCoord>375</yCoord>
        </edgeMap>
        <edgeMap>
          <xCoord>341</xCoord>
          <yCoord>376</yCoord>
        </edgeMap>
        <edgeMap>
          <xCoord>341</xCoord>
          <yCoord>377</yCoord>
        </edgeMap>
        <edgeMap>
          <xCoord>341</xCoord>
          <yCoord>378</yCoord>
        </edgeMap>
        <edgeMap>
          <xCoord>341</xCoord>
          <yCoord>379</yCoord>
        </edgeMap>
        <edgeMap>
          <xCoord>341</xCoord>
          <yCoord>380</yCoord>
        </edgeMap>
        <edgeMap>
          <xCoord>341</xCoord>
          <yCoord>381</yCoord>
        </edgeMap>
        <edgeMap>
          <xCoord>341</xCoord>
          <yCoord>382</yCoord>
        </edgeMap>
        <edgeMap>
          <xCoord>341</xCoord>
          <yCoord>383</yCoord>
        </edgeMap>
        <edgeMap>
          <xCoord>342</xCoord>
          <yCoord>383</yCoord>
        </edgeMap>
        <edgeMap>
          <xCoord>343</xCoord>
          <yCoord>384</yCoord>
        </edgeMap>
        <edgeMap>
          <xCoord>343</xCoord>
          <yCoord>385</yCoord>
        </edgeMap>
        <edgeMap>
          <xCoord>344</xCoord>
          <yCoord>385</yCoord>
        </edgeMap>
        <edgeMap>
          <xCoord>345</xCoord>
          <yCoord>385</yCoord>
        </edgeMap>
        <edgeMap>
          <xCoord>346</xCoord>
          <yCoord>385</yCoord>
        </edgeMap>
        <edgeMap>
          <xCoord>347</xCoord>
          <yCoord>385</yCoord>
        </edgeMap>
        <edgeMap>
          <xCoord>348</xCoord>
          <yCoord>385</yCoord>
        </edgeMap>
      </roi>
    </unblindedReadNodule>
    <unblindedReadNodule>
      <noduleID>IL057_196964</noduleID>
      <roi>
        <imageZposition>-106.5</imageZposition>
        <imageSOP_UID>1.3.6.1.4.1.14519.5.2.1.6279.6001.141648405216320081223692633117</imageSOP_UID>
        <inclusion>TRUE</inclusion>
        <edgeMap>
          <xCoord>388</xCoord>
          <yCoord>334</yCoord>
        </edgeMap>
      </roi>
    </unblindedReadNodule>
    <nonNodule>
      <nonNoduleID>IL057_196966</nonNoduleID>
      <imageZposition>-105.25</imageZposition>
      <imageSOP_UID>1.3.6.1.4.1.14519.5.2.1.6279.6001.143291598359202448868615994763</imageSOP_UID>
      <locus>
        <xCoord>345</xCoord>
        <yCoord>234</yCoord>
      </locus>
    </nonNodule>
  </readingSession>
<readingSession>
<annotationVersion>3.12</annotationVersion>
<servicingRadiologistID>-1526101794</servicingRadiologistID>
<unblindedReadNodule>
<noduleID>MI014_14670</noduleID>
<characteristics>
<subtlety>1</subtlety>
<internalStructure>1</internalStructure>
<calcification>6</calcification>
<sphericity>3</sphericity>
<margin>1</margin>
<lobulation>1</lobulation>
<spiculation>1</spiculation>
<texture>2</texture>
<malignancy>3</malignancy>
</characteristics>
<roi>
<imageZposition>-110.25</imageZposition>
<imageSOP_UID>1.3.6.1.4.1.14519.5.2.1.6279.6001.190375926242362958662408829062</imageSOP_UID>
<inclusion>TRUE</inclusion>
<edgeMap>
<xCoord>389</xCoord>
<yCoord>335</yCoord>
</edgeMap>
<edgeMap>
<xCoord>389</xCoord>
<yCoord>334</yCoord>
</edgeMap>
<edgeMap>
<xCoord>389</xCoord>
<yCoord>333</yCoord>
</edgeMap>
<edgeMap>
<xCoord>388</xCoord>
<yCoord>333</yCoord>
</edgeMap>
<edgeMap>
<xCoord>387</xCoord>
<yCoord>333</yCoord>
</edgeMap>
<edgeMap>
<xCoord>386</xCoord>
<yCoord>333</yCoord>
</edgeMap>
<edgeMap>
<xCoord>387</xCoord>
<yCoord>334</yCoord>
</edgeMap>
<edgeMap>
<xCoord>388</xCoord>
<yCoord>335</yCoord>
</edgeMap>
<edgeMap>
<xCoord>389</xCoord>
<yCoord>335</yCoord>
</edgeMap>
</roi>
<roi>
<imageZposition>-109.0</imageZposition>
<imageSOP_UID>1.3.6.1.4.1.14519.5.2.1.6279.6001.146627613210742316875218821514</imageSOP_UID>
<inclusion>TRUE</inclusion>
<edgeMap>
<xCoord>389</xCoord>
<yCoord>336</yCoord>
</edgeMap>
<edgeMap>
<xCoord>389</xCoord>
<yCoord>335</yCoord>
</edgeMap>
<edgeMap>
<xCoord>389</xCoord>
<yCoord>334</yCoord>
</edgeMap>
<edgeMap>
<xCoord>390</xCoord>
<yCoord>333</yCoord>
</edgeMap>
<edgeMap>
<xCoord>389</xCoord>
<yCoord>333</yCoord>
</edgeMap>
<edgeMap>
<xCoord>388</xCoord>
<yCoord>333</yCoord>
</edgeMap>
<edgeMap>
<xCoord>387</xCoord>
<yCoord>333</yCoord>
</edgeMap>
<edgeMap>
<xCoord>386</xCoord>
<yCoord>334</yCoord>
</edgeMap>
<edgeMap>
<xCoord>387</xCoord>
<yCoord>335</yCoord>
</edgeMap>
<edgeMap>
<xCoord>388</xCoord>
<yCoord>335</yCoord>
</edgeMap>
<edgeMap>
<xCoord>389</xCoord>
<yCoord>336</yCoord>
</edgeMap>
</roi>
<roi>
<imageZposition>-107.75</imageZposition>
<imageSOP_UID>1.3.6.1.4.1.14519.5.2.1.6279.6001.109713621107553077534986482142</imageSOP_UID>
<inclusion>TRUE</inclusion>
<edgeMap>
<xCoord>389</xCoord>
<yCoord>337</yCoord>
</edgeMap>
<edgeMap>
<xCoord>390</xCoord>
<yCoord>336</yCoord>
</edgeMap>
<edgeMap>
<xCoord>391</xCoord>
<yCoord>335</yCoord>
</edgeMap>
<edgeMap>
<xCoord>390</xCoord>
<yCoord>334</yCoord>
</edgeMap>
<edgeMap>
<xCoord>390</xCoord>
<yCoord>333</yCoord>
</edgeMap>
<edgeMap>
<xCoord>389</xCoord>
<yCoord>332</yCoord>
</edgeMap>
<edgeMap>
<xCoord>388</xCoord>
<yCoord>331</yCoord>
</edgeMap>
<edgeMap>
<xCoord>387</xCoord>
<yCoord>332</yCoord>
</edgeMap>
<edgeMap>
<xCoord>386</xCoord>
<yCoord>333</yCoord>
</edgeMap>
<edgeMap>
<xCoord>385</xCoord>
<yCoord>334</yCoord>
</edgeMap>
<edgeMap>
<xCoord>384</xCoord>
<yCoord>335</yCoord>
</edgeMap>
<edgeMap>
<xCoord>383</xCoord>
<yCoord>335</yCoord>
</edgeMap>
<edgeMap>
<xCoord>384</xCoord>
<yCoord>335</yCoord>
</edgeMap>
<edgeMap>
<xCoord>385</xCoord>
<yCoord>335</yCoord>
</edgeMap>
<edgeMap>
<xCoord>386</xCoord>
<yCoord>335</yCoord>
</edgeMap>
<edgeMap>
<xCoord>387</xCoord>
<yCoord>336</yCoord>
</edgeMap>
<edgeMap>
<xCoord>388</xCoord>
<yCoord>337</yCoord>
</edgeMap>
<edgeMap>
<xCoord>389</xCoord>
<yCoord>337</yCoord>
</edgeMap>
</roi>
<roi>
<imageZposition>-106.5</imageZposition>
<imageSOP_UID>1.3.6.1.4.1.14519.5.2.1.6279.6001.141648405216320081223692633117</imageSOP_UID>
<inclusion>TRUE</inclusion>
<edgeMap>
<xCoord>389</xCoord>
<yCoord>339</yCoord>
</edgeMap>
<edgeMap>
<xCoord>389</xCoord>
<yCoord>338</yCoord>
</edgeMap>
<edgeMap>
<xCoord>390</xCoord>
<yCoord>337</yCoord>
</edgeMap>
<edgeMap>
<xCoord>390</xCoord>
<yCoord>336</yCoord>
</edgeMap>
<edgeMap>
<xCoord>391</xCoord>
<yCoord>335</yCoord>
</edgeMap>
<edgeMap>
<xCoord>392</xCoord>
<yCoord>334</yCoord>
</edgeMap>
<edgeMap>
<xCoord>391</xCoord>
<yCoord>333</yCoord>
</edgeMap>
<edgeMap>
<xCoord>390</xCoord>
<yCoord>332</yCoord>
</edgeMap>
<edgeMap>
<xCoord>389</xCoord>
<yCoord>331</yCoord>
</edgeMap>
<edgeMap>
<xCoord>389</xCoord>
<yCoord>330</yCoord>
</edgeMap>
<edgeMap>
<xCoord>388</xCoord>
<yCoord>330</yCoord>
</edgeMap>
<edgeMap>
<xCoord>387</xCoord>
<yCoord>331</yCoord>
</edgeMap>
<edgeMap>
<xCoord>387</xCoord>
<yCoord>332</yCoord>
</edgeMap>
<edgeMap>
<xCoord>386</xCoord>
<yCoord>333</yCoord>
</edgeMap>
<edgeMap>
<xCoord>385</xCoord>
<yCoord>334</yCoord>
</edgeMap>
<edgeMap>
<xCoord>385</xCoord>
<yCoord>335</yCoord>
</edgeMap>
<edgeMap>
<xCoord>385</xCoord>
<yCoord>336</yCoord>
</edgeMap>
<edgeMap>
<xCoord>385</xCoord>
<yCoord>337</yCoord>
</edgeMap>
<edgeMap>
<xCoord>386</xCoord>
<yCoord>337</yCoord>
</edgeMap>
<edgeMap>
<xCoord>387</xCoord>
<yCoord>338</yCoord>
</edgeMap>
<edgeMap>
<xCoord>388</xCoord>
<yCoord>339</yCoord>
</edgeMap>
<edgeMap>
<xCoord>389</xCoord>
<yCoord>339</yCoord>
</edgeMap>
</roi>
<roi>
<imageZposition>-105.25</imageZposition>
<imageSOP_UID>1.3.6.1.4.1.14519.5.2.1.6279.6001.143291598359202448868615994763</imageSOP_UID>
<inclusion>TRUE</inclusion>
<edgeMap>
<xCoord>386</xCoord>
<yCoord>339</yCoord>
</edgeMap>
<edgeMap>
<xCoord>387</xCoord>
<yCoord>338</yCoord>
</edgeMap>
<edgeMap>
<xCoord>388</xCoord>
<yCoord>337</yCoord>
</edgeMap>
<edgeMap>
<xCoord>389</xCoord>
<yCoord>336</yCoord>
</edgeMap>
<edgeMap>
<xCoord>389</xCoord>
<yCoord>335</yCoord>
</edgeMap>
<edgeMap>
<xCoord>390</xCoord>
<yCoord>334</yCoord>
</edgeMap>
<edgeMap>
<xCoord>390</xCoord>
<yCoord>333</yCoord>
</edgeMap>
<edgeMap>
<xCoord>389</xCoord>
<yCoord>332</yCoord>
</edgeMap>
<edgeMap>
<xCoord>388</xCoord>
<yCoord>333</yCoord>
</edgeMap>
<edgeMap>
<xCoord>387</xCoord>
<yCoord>334</yCoord>
</edgeMap>
<edgeMap>
<xCoord>386</xCoord>
<yCoord>335</yCoord>
</edgeMap>
<edgeMap>
<xCoord>386</xCoord>
<yCoord>336</yCoord>
</edgeMap>
<edgeMap>
<xCoord>386</xCoord>
<yCoord>337</yCoord>
</edgeMap>
<edgeMap>
<xCoord>385</xCoord>
<yCoord>338</yCoord>
</edgeMap>
<edgeMap>
<xCoord>386</xCoord>
<yCoord>339</yCoord>
</edgeMap>
</roi>
</unblindedReadNodule>
<nonNodule>
<nonNoduleID>MI014_14674</nonNoduleID>
<imageZposition>-91.5</imageZposition>
<imageSOP_UID>1.3.6.1.4.1.14519.5.2.1.6279.6001.250863475980809101319859440151</imageSOP_UID>
<locus>
<xCoord>370</xCoord>
<yCoord>240</yCoord>
</locus>
</nonNodule>
<nonNodule>
<nonNoduleID>MI014_14675</nonNoduleID>
<imageZposition>-99.0</imageZposition>
<imageSOP_UID>1.3.6.1.4.1.14519.5.2.1.6279.6001.182424558447034136002167759558</imageSOP_UID>
<locus>
<xCoord>351</xCoord>
<yCoord>235</yCoord>
</locus>
</nonNodule>
<nonNodule>
<nonNoduleID>MI014_14669</nonNoduleID>
<imageZposition>-105.25</imageZposition>
<imageSOP_UID>1.3.6.1.4.1.14519.5.2.1.6279.6001.143291598359202448868615994763</imageSOP_UID>
<locus>
<xCoord>344</xCoord>
<yCoord>376</yCoord>
</locus>
</nonNodule>
<nonNodule>
<nonNoduleID>MI014_14676</nonNoduleID>
<imageZposition>-132.75</imageZposition>
<imageSOP_UID>1.3.6.1.4.1.14519.5.2.1.6279.6001.222603053815301578948933733724</imageSOP_UID>
<locus>
<xCoord>360</xCoord>
<yCoord>192</yCoord>
</locus>
</nonNodule>
<nonNodule>
<nonNoduleID>MI014_14678</nonNoduleID>
<imageZposition>-192.75</imageZposition>
<imageSOP_UID>1.3.6.1.4.1.14519.5.2.1.6279.6001.705363222492822197294142200766</imageSOP_UID>
<locus>
<xCoord>382</xCoord>
<yCoord>271</yCoord>
</locus>
</nonNodule>
<nonNodule>
<nonNoduleID>MI014_14679</nonNoduleID>
<imageZposition>-192.75</imageZposition>
<imageSOP_UID>1.3.6.1.4.1.14519.5.2.1.6279.6001.705363222492822197294142200766</imageSOP_UID>
<locus>
<xCoord>138</xCoord>
<yCoord>348</yCoord>
</locus>
</nonNodule>
<nonNodule>
<nonNoduleID>MI014_14672</nonNoduleID>
<imageZposition>-105.25</imageZposition>
<imageSOP_UID>1.3.6.1.4.1.14519.5.2.1.6279.6001.143291598359202448868615994763</imageSOP_UID>
<locus>
<xCoord>346</xCoord>
<yCoord>229</yCoord>
</locus>
</nonNodule>
</readingSession>
<readingSession>
		<annotationVersion>3.12</annotationVersion>
		<servicingRadiologistID>-678024918</servicingRadiologistID>
			<unblindedReadNodule>
				<noduleID>4</noduleID>
				<characteristics>
					<subtlety>4</subtlety>
					<internalStructure>1</internalStructure>
					<calcification>6</calcification>
					<sphericity>4</sphericity>
					<margin>4</margin>
					<lobulation>1</lobulation>
					<spiculation>1</spiculation>
					<texture>1</texture>
					<malignancy>2</malignancy>
				</characteristics>
				<roi>
					<imageZposition>-107.75</imageZposition>
					<imageSOP_UID>1.3.6.1.4.1.14519.5.2.1.6279.6001.109713621107553077534986482142</imageSOP_UID>
					<inclusion>TRUE</inclusion>
					<edgeMap>
					<xCoord>337</xCoord>
					<yCoord>376</yCoord>
					</edgeMap>
					<edgeMap>
					<xCoord>337</xCoord>
					<yCoord>375</yCoord>
					</edgeMap>
					<edgeMap>
					<xCoord>337</xCoord>
					<yCoord>374</yCoord>
					</edgeMap>
					<edgeMap>
					<xCoord>337</xCoord>
					<yCoord>373</yCoord>
					</edgeMap>
					<edgeMap>
					<xCoord>338</xCoord>
					<yCoord>373</yCoord>
					</edgeMap>
					<edgeMap>
					<xCoord>338</xCoord>
					<yCoord>372</yCoord>
					</edgeMap>
					<edgeMap>
					<xCoord>338</xCoord>
					<yCoord>371</yCoord>
					</edgeMap>
					<edgeMap>
					<xCoord>339</xCoord>
					<yCoord>370</yCoord>
					</edgeMap>
					<edgeMap>
					<xCoord>340</xCoord>
					<yCoord>370</yCoord>
					</edgeMap>
					<edgeMap>
					<xCoord>341</xCoord>
					<yCoord>370</yCoord>
					</edgeMap>
					<edgeMap>
					<xCoord>342</xCoord>
					<yCoord>370</yCoord>
					</edgeMap>
					<edgeMap>
					<xCoord>343</xCoord>
					<yCoord>370</yCoord>
					</edgeMap>
					<edgeMap>
					<xCoord>344</xCoord>
					<yCoord>371</yCoord>
					</edgeMap>
					<edgeMap>
					<xCoord>345</xCoord>
					<yCoord>371</yCoord>
					</edgeMap>
					<edgeMap>
					<xCoord>346</xCoord>
					<yCoord>372</yCoord>
					</edgeMap>
					<edgeMap>
					<xCoord>347</xCoord>
					<yCoord>372</yCoord>
					</edgeMap>
					<edgeMap>
					<xCoord>347</xCoord>
					<yCoord>373</yCoord>
					</edgeMap>
					<edgeMap>
					<xCoord>348</xCoord>
					<yCoord>373</yCoord>
					</edgeMap>
					<edgeMap>
					<xCoord>349</xCoord>
					<yCoord>374</yCoord>
					</edgeMap>
					<edgeMap>
					<xCoord>349</xCoord>
					<yCoord>375</yCoord>
					</edgeMap>
					<edgeMap>
					<xCoord>350</xCoord>
					<yCoord>376</yCoord>
					</edgeMap>
					<edgeMap>
					<xCoord>350</xCoord>
					<yCoord>377</yCoord>
					</edgeMap>
					<edgeMap>
					<xCoord>351</xCoord>
					<yCoord>377</yCoord>
					</edgeMap>
					<edgeMap>
					<xCoord>351</xCoord>
					<yCoord>378</yCoord>
					</edgeMap>
					<edgeMap>
					<xCoord>351</xCoord>
					<yCoord>379</yCoord>
					</edgeMap>
					<edgeMap>
					<xCoord>351</xCoord>
					<yCoord>380</yCoord>
					</edgeMap>
					<edgeMap>
					<xCoord>350</xCoord>
					<yCoord>381</yCoord>
					</edgeMap>
					<edgeMap>
					<xCoord>349</xCoord>
					<yCoord>381</yCoord>
					</edgeMap>
					<edgeMap>
					<xCoord>349</xCoord>
					<yCoord>382</yCoord>
					</edgeMap>
					<edgeMap>
					<xCoord>348</xCoord>
					<yCoord>382</yCoord>
					</edgeMap>
					<edgeMap>
					<xCoord>347</xCoord>
					<yCoord>382</yCoord>
					</edgeMap>
					<edgeMap>
					<xCoord>346</xCoord>
					<yCoord>382</yCoord>
					</edgeMap>
					<edgeMap>
					<xCoord>345</xCoord>
					<yCoord>382</yCoord>
					</edgeMap>
					<edgeMap>
					<xCoord>344</xCoord>
					<yCoord>382</yCoord>
					</edgeMap>
					<edgeMap>
					<xCoord>343</xCoord>
					<yCoord>382</yCoord>
					</edgeMap>
					<edgeMap>
					<xCoord>342</xCoord>
					<yCoord>382</yCoord>
					</edgeMap>
					<edgeMap>
					<xCoord>341</xCoord>
					<yCoord>382</yCoord>
					</edgeMap>
					<edgeMap>
					<xCoord>340</xCoord>
					<yCoord>382</yCoord>
					</edgeMap>
					<edgeMap>
					<xCoord>339</xCoord>
					<yCoord>382</yCoord>
					</edgeMap>
					<edgeMap>
					<xCoord>339</xCoord>
					<yCoord>381</yCoord>
					</edgeMap>
					<edgeMap>
					<xCoord>338</xCoord>
					<yCoord>380</yCoord>
					</edgeMap>
					<edgeMap>
					<xCoord>338</xCoord>
					<yCoord>379</yCoord>
					</edgeMap>
					<edgeMap>
					<xCoord>338</xCoord>
					<yCoord>378</yCoord>
					</edgeMap>
					<edgeMap>
					<xCoord>338</xCoord>
					<yCoord>377</yCoord>
					</edgeMap>
					<edgeMap>
					<xCoord>337</xCoord>
					<yCoord>376</yCoord>
					</edgeMap>
				</roi>
				<roi>
					<imageZposition>-106.5</imageZposition>
					<imageSOP_UID>1.3.6.1.4.1.14519.5.2.1.6279.6001.141648405216320081223692633117</imageSOP_UID>
					<inclusion>TRUE</inclusion>
					<edgeMap>
					<xCoord>338</xCoord>
					<yCoord>373</yCoord>
					</edgeMap>
					<edgeMap>
					<xCoord>339</xCoord>
					<yCoord>372</yCoord>
					</edgeMap>
					<edgeMap>
					<xCoord>339</xCoord>
					<yCoord>371</yCoord>
					</edgeMap>
					<edgeMap>
					<xCoord>340</xCoord>
					<yCoord>370</yCoord>
					</edgeMap>
					<edgeMap>
					<xCoord>340</xCoord>
					<yCoord>369</yCoord>
					</edgeMap>
					<edgeMap>
					<xCoord>341</xCoord>
					<yCoord>368</yCoord>
					</edgeMap>
					<edgeMap>
					<xCoord>342</xCoord>
					<yCoord>367</yCoord>
					</edgeMap>
					<edgeMap>
					<xCoord>343</xCoord>
					<yCoord>367</yCoord>
					</edgeMap>
					<edgeMap>
					<xCoord>344</xCoord>
					<yCoord>367</yCoord>
					</edgeMap>
					<edgeMap>
					<xCoord>345</xCoord>
					<yCoord>367</yCoord>
					</edgeMap>
					<edgeMap>
					<xCoord>346</xCoord>
					<yCoord>367</yCoord>
					</edgeMap>
					<edgeMap>
					<xCoord>346</xCoord>
					<yCoord>368</yCoord>
					</edgeMap>
					<edgeMap>
					<xCoord>347</xCoord>
					<yCoord>369</yCoord>
					</edgeMap>
					<edgeMap>
					<xCoord>348</xCoord>
					<yCoord>370</yCoord>
					</edgeMap>
					<edgeMap>
					<xCoord>349</xCoord>
					<yCoord>371</yCoord>
					</edgeMap>
					<edgeMap>
					<xCoord>350</xCoord>
					<yCoord>372</yCoord>
					</edgeMap>
					<edgeMap>
					<xCoord>351</xCoord>
					<yCoord>373</yCoord>
					</edgeMap>
					<edgeMap>
					<xCoord>351</xCoord>
					<yCoord>374</yCoord>
					</edgeMap>
					<edgeMap>
					<xCoord>352</xCoord>
					<yCoord>375</yCoord>
					</edgeMap>
					<edgeMap>
					<xCoord>352</xCoord>
					<yCoord>376</yCoord>
					</edgeMap>
					<edgeMap>
					<xCoord>353</xCoord>
					<yCoord>377</yCoord>
					</edgeMap>
					<edgeMap>
					<xCoord>353</xCoord>
					<yCoord>378</yCoord>
					</edgeMap>
					<edgeMap>
					<xCoord>353</xCoord>
					<yCoord>379</yCoord>
					</edgeMap>
					<edgeMap>
					<xCoord>354</xCoord>
					<yCoord>380</yCoord>
					</edgeMap>
					<edgeMap>
					<xCoord>354</xCoord>
					<yCoord>381</yCoord>
					</edgeMap>
					<edgeMap>
					<xCoord>353</xCoord>
					<yCoord>382</yCoord>
					</edgeMap>
					<edgeMap>
					<xCoord>352</xCoord>
					<yCoord>383</yCoord>
					</edgeMap>
					<edgeMap>
					<xCoord>351</xCoord>
					<yCoord>383</yCoord>
					</edgeMap>
					<edgeMap>
					<xCoord>350</xCoord>
					<yCoord>383</yCoord>
					</edgeMap>
					<edgeMap>
					<xCoord>349</xCoord>
					<yCoord>383</yCoord>
					</edgeMap>
					<edgeMap>
					<xCoord>348</xCoord>
					<yCoord>383</yCoord>
					</edgeMap>
					<edgeMap>
					<xCoord>347</xCoord>
					<yCoord>383</yCoord>
					</edgeMap>
					<edgeMap>
					<xCoord>346</xCoord>
					<yCoord>384</yCoord>
					</edgeMap>
					<edgeMap>
					<xCoord>345</xCoord>
					<yCoord>384</yCoord>
					</edgeMap>
					<edgeMap>
					<xCoord>344</xCoord>
					<yCoord>384</yCoord>
					</edgeMap>
					<edgeMap>
					<xCoord>343</xCoord>
					<yCoord>384</yCoord>
					</edgeMap>
					<edgeMap>
					<xCoord>342</xCoord>
					<yCoord>384</yCoord>
					</edgeMap>
					<edgeMap>
					<xCoord>341</xCoord>
					<yCoord>384</yCoord>
					</edgeMap>
					<edgeMap>
					<xCoord>340</xCoord>
					<yCoord>383</yCoord>
					</edgeMap>
					<edgeMap>
					<xCoord>339</xCoord>
					<yCoord>383</yCoord>
					</edgeMap>
					<edgeMap>
					<xCoord>338</xCoord>
					<yCoord>382</yCoord>
					</edgeMap>
					<edgeMap>
					<xCoord>338</xCoord>
					<yCoord>381</yCoord>
					</edgeMap>
					<edgeMap>
					<xCoord>337</xCoord>
					<yCoord>380</yCoord>
					</edgeMap>
					<edgeMap>
					<xCoord>336</xCoord>
					<yCoord>379</yCoord>
					</edgeMap>
					<edgeMap>
					<xCoord>336</xCoord>
					<yCoord>378</yCoord>
					</edgeMap>
					<edgeMap>
					<xCoord>336</xCoord>
					<yCoord>377</yCoord>
					</edgeMap>
					<edgeMap>
					<xCoord>337</xCoord>
					<yCoord>376</yCoord>
					</edgeMap>
					<edgeMap>
					<xCoord>338</xCoord>
					<yCoord>375</yCoord>
					</edgeMap>
					<edgeMap>
					<xCoord>338</xCoord>
					<yCoord>374</yCoord>
					</edgeMap>
					<edgeMap>
					<xCoord>338</xCoord>
					<yCoord>373</yCoord>
					</edgeMap>
				</roi>
				<roi>
					<imageZposition>-105.25</imageZposition>
					<imageSOP_UID>1.3.6.1.4.1.14519.5.2.1.6279.6001.143291598359202448868615994763</imageSOP_UID>
					<inclusion>TRUE</inclusion>
					<edgeMap>
					<xCoord>342</xCoord>
					<yCoord>382</yCoord>
					</edgeMap>
					<edgeMap>
					<xCoord>341</xCoord>
					<yCoord>382</yCoord>
					</edgeMap>
					<edgeMap>
					<xCoord>340</xCoord>
					<yCoord>381</yCoord>
					</edgeMap>
					<edgeMap>
					<xCoord>339</xCoord>
					<yCoord>381</yCoord>
					</edgeMap>
					<edgeMap>
					<xCoord>339</xCoord>
					<yCoord>380</yCoord>
					</edgeMap>
					<edgeMap>
					<xCoord>339</xCoord>
					<yCoord>379</yCoord>
					</edgeMap>
					<edgeMap>
					<xCoord>339</xCoord>
					<yCoord>378</yCoord>
					</edgeMap>
					<edgeMap>
					<xCoord>340</xCoord>
					<yCoord>377</yCoord>
					</edgeMap>
					<edgeMap>
					<xCoord>340</xCoord>
					<yCoord>376</yCoord>
					</edgeMap>
					<edgeMap>
					<xCoord>340</xCoord>
					<yCoord>375</yCoord>
					</edgeMap>
					<edgeMap>
					<xCoord>340</xCoord>
					<yCoord>374</yCoord>
					</edgeMap>
					<edgeMap>
					<xCoord>340</xCoord>
					<yCoord>373</yCoord>
					</edgeMap>
					<edgeMap>
					<xCoord>340</xCoord>
					<yCoord>372</yCoord>
					</edgeMap>
					<edgeMap>
					<xCoord>339</xCoord>
					<yCoord>371</yCoord>
					</edgeMap>
					<edgeMap>
					<xCoord>339</xCoord>
					<yCoord>370</yCoord>
					</edgeMap>
					<edgeMap>
					<xCoord>339</xCoord>
					<yCoord>369</yCoord>
					</edgeMap>
					<edgeMap>
					<xCoord>340</xCoord>
					<yCoord>368</yCoord>
					</edgeMap>
					<edgeMap>
					<xCoord>340</xCoord>
					<yCoord>367</yCoord>
					</edgeMap>
					<edgeMap>
					<xCoord>341</xCoord>
					<yCoord>367</yCoord>
					</edgeMap>
					<edgeMap>
					<xCoord>342</xCoord>
					<yCoord>367</yCoord>
					</edgeMap>
					<edgeMap>
					<xCoord>343</xCoord>
					<yCoord>367</yCoord>
					</edgeMap>
					<edgeMap>
					<xCoord>344</xCoord>
					<yCoord>368</yCoord>
					</edgeMap>
					<edgeMap>
					<xCoord>345</xCoord>
					<yCoord>368</yCoord>
					</edgeMap>
					<edgeMap>
					<xCoord>346</xCoord>
					<yCoord>368</yCoord>
					</edgeMap>
					<edgeMap>
					<xCoord>347</xCoord>
					<yCoord>369</yCoord>
					</edgeMap>
					<edgeMap>
					<xCoord>348</xCoord>
					<yCoord>369</yCoord>
					</edgeMap>
					<edgeMap>
					<xCoord>349</xCoord>
					<yCoord>370</yCoord>
					</edgeMap>
					<edgeMap>
					<xCoord>350</xCoord>
					<yCoord>371</yCoord>
					</edgeMap>
					<edgeMap>
					<xCoord>351</xCoord>
					<yCoord>372</yCoord>
					</edgeMap>
					<edgeMap>
					<xCoord>352</xCoord>
					<yCoord>372</yCoord>
					</edgeMap>
					<edgeMap>
					<xCoord>352</xCoord>
					<yCoord>373</yCoord>
					</edgeMap>
					<edgeMap>
					<xCoord>352</xCoord>
					<yCoord>374</yCoord>
					</edgeMap>
					<edgeMap>
					<xCoord>352</xCoord>
					<yCoord>375</yCoord>
					</edgeMap>
					<edgeMap>
					<xCoord>351</xCoord>
					<yCoord>376</yCoord>
					</edgeMap>
					<edgeMap>
					<xCoord>352</xCoord>
					<yCoord>377</yCoord>
					</edgeMap>
					<edgeMap>
					<xCoord>353</xCoord>
					<yCoord>378</yCoord>
					</edgeMap>
					<edgeMap>
					<xCoord>353</xCoord>
					<yCoord>379</yCoord>
					</edgeMap>
					<edgeMap>
					<xCoord>353</xCoord>
					<yCoord>380</yCoord>
					</edgeMap>
					<edgeMap>
					<xCoord>354</xCoord>
					<yCoord>381</yCoord>
					</edgeMap>
					<edgeMap>
					<xCoord>354</xCoord>
					<yCoord>382</yCoord>
					</edgeMap>
					<edgeMap>
					<xCoord>354</xCoord>
					<yCoord>383</yCoord>
					</edgeMap>
					<edgeMap>
					<xCoord>354</xCoord>
					<yCoord>384</yCoord>
					</edgeMap>
					<edgeMap>
					<xCoord>353</xCoord>
					<yCoord>384</yCoord>
					</edgeMap>
					<edgeMap>
					<xCoord>352</xCoord>
					<yCoord>384</yCoord>
					</edgeMap>
					<edgeMap>
					<xCoord>351</xCoord>
					<yCoord>384</yCoord>
					</edgeMap>
					<edgeMap>
					<xCoord>350</xCoord>
					<yCoord>385</yCoord>
					</edgeMap>
					<edgeMap>
					<xCoord>349</xCoord>
					<yCoord>385</yCoord>
					</edgeMap>
					<edgeMap>
					<xCoord>348</xCoord>
					<yCoord>385</yCoord>
					</edgeMap>
					<edgeMap>
					<xCoord>347</xCoord>
					<yCoord>385</yCoord>
					</edgeMap>
					<edgeMap>
					<xCoord>346</xCoord>
					<yCoord>385</yCoord>
					</edgeMap>
					<edgeMap>
					<xCoord>345</xCoord>
					<yCoord>385</yCoord>
					</edgeMap>
					<edgeMap>
					<xCoord>344</xCoord>
					<yCoord>384</yCoord>
					</edgeMap>
					<edgeMap>
					<xCoord>343</xCoord>
					<yCoord>384</yCoord>
					</edgeMap>
					<edgeMap>
					<xCoord>343</xCoord>
					<yCoord>383</yCoord>
					</edgeMap>
					<edgeMap>
					<xCoord>342</xCoord>
					<yCoord>382</yCoord>
					</edgeMap>
				</roi>
				<roi>
					<imageZposition>-104.0</imageZposition>
					<imageSOP_UID>1.3.6.1.4.1.14519.5.2.1.6279.6001.316447020297346186623258326595</imageSOP_UID>
					<inclusion>TRUE</inclusion>
					<edgeMap>
					<xCoord>339</xCoord>
					<yCoord>372</yCoord>
					</edgeMap>
					<edgeMap>
					<xCoord>339</xCoord>
					<yCoord>371</yCoord>
					</edgeMap>
					<edgeMap>
					<xCoord>340</xCoord>
					<yCoord>370</yCoord>
					</edgeMap>
					<edgeMap>
					<xCoord>341</xCoord>
					<yCoord>369</yCoord>
					</edgeMap>
					<edgeMap>
					<xCoord>342</xCoord>
					<yCoord>369</yCoord>
					</edgeMap>
					<edgeMap>
					<xCoord>343</xCoord>
					<yCoord>370</yCoord>
					</edgeMap>
					<edgeMap>
					<xCoord>344</xCoord>
					<yCoord>370</yCoord>
					</edgeMap>
					<edgeMap>
					<xCoord>345</xCoord>
					<yCoord>371</yCoord>
					</edgeMap>
					<edgeMap>
					<xCoord>346</xCoord>
					<yCoord>371</yCoord>
					</edgeMap>
					<edgeMap>
					<xCoord>347</xCoord>
					<yCoord>371</yCoord>
					</edgeMap>
					<edgeMap>
					<xCoord>348</xCoord>
					<yCoord>372</yCoord>
					</edgeMap>
					<edgeMap>
					<xCoord>349</xCoord>
					<yCoord>372</yCoord>
					</edgeMap>
					<edgeMap>
					<xCoord>350</xCoord>
					<yCoord>373</yCoord>
					</edgeMap>
					<edgeMap>
					<xCoord>351</xCoord>
					<yCoord>373</yCoord>
					</edgeMap>
					<edgeMap>
					<xCoord>351</xCoord>
					<yCoord>374</yCoord>
					</edgeMap>
					<edgeMap>
					<xCoord>352</xCoord>
					<yCoord>375</yCoord>
					</edgeMap>
					<edgeMap>
					<xCoord>352</xCoord>
					<yCoord>376</yCoord>
					</edgeMap>
					<edgeMap>
					<xCoord>353</xCoord>
					<yCoord>377</yCoord>
					</edgeMap>
					<edgeMap>
					<xCoord>353</xCoord>
					<yCoord>378</yCoord>
					</edgeMap>
					<edgeMap>
					<xCoord>354</xCoord>
					<yCoord>379</yCoord>
					</edgeMap>
					<edgeMap>
					<xCoord>353</xCoord>
					<yCoord>380</yCoord>
					</edgeMap>
					<edgeMap>
					<xCoord>353</xCoord>
					<yCoord>381</yCoord>
					</edgeMap>
					<edgeMap>
					<xCoord>352</xCoord>
					<yCoord>382</yCoord>
					</edgeMap>
					<edgeMap>
					<xCoord>352</xCoord>
					<yCoord>383</yCoord>
					</edgeMap>
					<edgeMap>
					<xCoord>351</xCoord>
					<yCoord>384</yCoord>
					</edgeMap>
					<edgeMap>
					<xCoord>350</xCoord>
					<yCoord>385</yCoord>
					</edgeMap>
					<edgeMap>
					<xCoord>349</xCoord>
					<yCoord>385</yCoord>
					</edgeMap>
					<edgeMap>
					<xCoord>348</xCoord>
					<yCoord>385</yCoord>
					</edgeMap>
					<edgeMap>
					<xCoord>347</xCoord>
					<yCoord>385</yCoord>
					</edgeMap>
					<edgeMap>
					<xCoord>346</xCoord>
					<yCoord>385</yCoord>
					</edgeMap>
					<edgeMap>
					<xCoord>345</xCoord>
					<yCoord>385</yCoord>
					</edgeMap>
					<edgeMap>
					<xCoord>344</xCoord>
					<yCoord>385</yCoord>
					</edgeMap>
					<edgeMap>
					<xCoord>344</xCoord>
					<yCoord>384</yCoord>
					</edgeMap>
					<edgeMap>
					<xCoord>343</xCoord>
					<yCoord>383</yCoord>
					</edgeMap>
					<edgeMap>
					<xCoord>343</xCoord>
					<yCoord>382</yCoord>
					</edgeMap>
					<edgeMap>
					<xCoord>343</xCoord>
					<yCoord>381</yCoord>
					</edgeMap>
					<edgeMap>
					<xCoord>342</xCoord>
					<yCoord>380</yCoord>
					</edgeMap>
					<edgeMap>
					<xCoord>342</xCoord>
					<yCoord>379</yCoord>
					</edgeMap>
					<edgeMap>
					<xCoord>341</xCoord>
					<yCoord>378</yCoord>
					</edgeMap>
					<edgeMap>
					<xCoord>341</xCoord>
					<yCoord>377</yCoord>
					</edgeMap>
					<edgeMap>
					<xCoord>340</xCoord>
					<yCoord>376</yCoord>
					</edgeMap>
					<edgeMap>
					<xCoord>340</xCoord>
					<yCoord>375</yCoord>
					</edgeMap>
					<edgeMap>
					<xCoord>339</xCoord>
					<yCoord>374</yCoord>
					</edgeMap>
					<edgeMap>
					<xCoord>339</xCoord>
					<yCoord>373</yCoord>
					</edgeMap>
					<edgeMap>
					<xCoord>339</xCoord>
					<yCoord>372</yCoord>
					</edgeMap>
				</roi>
			</unblindedReadNodule>
			<unblindedReadNodule>
				<noduleID>5</noduleID>
				<roi>
					<imageZposition>-106.5</imageZposition>
					<imageSOP_UID>1.3.6.1.4.1.14519.5.2.1.6279.6001.141648405216320081223692633117</imageSOP_UID>
					<inclusion>TRUE</inclusion>
					<edgeMap>
					<xCoord>388</xCoord>
					<yCoord>334</yCoord>
					</edgeMap>
				</roi>
			</unblindedReadNodule>
			<nonNodule>
				<nonNoduleID>0</nonNoduleID>
				<imageZposition>-106.5</imageZposition>
				<imageSOP_UID>1.3.6.1.4.1.14519.5.2.1.6279.6001.141648405216320081223692633117</imageSOP_UID>
				<locus>
					<xCoord>346</xCoord>
					<yCoord>232</yCoord>
				</locus>
			</nonNodule>
			<nonNodule>
				<nonNoduleID>1</nonNoduleID>
				<imageZposition>-179.0</imageZposition>
				<imageSOP_UID>1.3.6.1.4.1.14519.5.2.1.6279.6001.150470077202018396201981029841</imageSOP_UID>
				<locus>
					<xCoord>409</xCoord>
					<yCoord>225</yCoord>
				</locus>
			</nonNodule>
			<nonNodule>
				<nonNoduleID>2</nonNoduleID>
				<imageZposition>-117.75</imageZposition>
				<imageSOP_UID>1.3.6.1.4.1.14519.5.2.1.6279.6001.192878655698577397843042279896</imageSOP_UID>
				<locus>
					<xCoord>338</xCoord>
					<yCoord>177</yCoord>
				</locus>
			</nonNodule>
			<nonNodule>
				<nonNoduleID>3</nonNoduleID>
				<imageZposition>-117.75</imageZposition>
				<imageSOP_UID>1.3.6.1.4.1.14519.5.2.1.6279.6001.192878655698577397843042279896</imageSOP_UID>
				<locus>
					<xCoord>350</xCoord>
					<yCoord>208</yCoord>
				</locus>
			</nonNodule>
			<nonNodule>
				<nonNoduleID>6</nonNoduleID>
				<imageZposition>-131.5</imageZposition>
				<imageSOP_UID>1.3.6.1.4.1.14519.5.2.1.6279.6001.120874507152546027072821091189</imageSOP_UID>
				<locus>
					<xCoord>361</xCoord>
					<yCoord>190</yCoord>
				</locus>
			</nonNodule>
	</readingSession>
</LidcReadMessage>