<?xml version="1.0" encoding="UTF-8"?>
<LidcReadMessage uid="1.3.6.1.4.1.14519.5.2.1.6279.6001.1307390717022.0" xmlns="http://www.nih.gov" xmlns:xsi="http://www.w3.org/2001/XMLSchema-instance" xsi:schemaLocation="http://www.nih.gov  http://troll.rad.med.umich.edu/lidc/LidcReadMessage.xsd">
<ResponseHeader>
<Version>1.8</Version>
<MessageId>2196639</MessageId>
<DateRequest>2005-10-26</DateRequest>
<TimeRequest>00:00:00</TimeRequest>
<RequestingSite>removed</RequestingSite>
<ServicingSite>removed</ServicingSite>
<TaskDescription>Second unblinded read</TaskDescription>
<CtImageFile>removed</CtImageFile>
<SeriesInstanceUid>1.3.6.1.4.1.14519.5.2.1.6279.6001.768856069922657732839929586657</SeriesInstanceUid>
<DateService>2005-10-26</DateService>
<TimeService>00:00:00</TimeService>
<ResponseDescription>1 - Reading complete</ResponseDescription>
<StudyInstanceUID>1.3.6.1.4.1.14519.5.2.1.6279.6001.780121538270617222115253441513</StudyInstanceUID></ResponseHeader>
<readingSession>
<annotationVersion>3.12</annotationVersion>
<servicingRadiologistID>anon</servicingRadiologistID>
<unblindedReadNodule>
<noduleID>69847</noduleID>
<roi>
<imageZposition>1487.5</imageZposition>
<imageSOP_UID>1.3.6.1.4.1.14519.5.2.1.6279.6001.106498006174218694209838408935</imageSOP_UID>
<inclusion>TRUE</inclusion>
<edgeMap>
<xCoord>368</xCoord>
<yCoord>214</yCoord>
</edgeMap>
</roi>
</unblindedReadNodule>
<unblindedReadNodule>
<noduleID>69848</noduleID>
<roi>
<imageZposition>1370.5</imageZposition>
<imageSOP_UID>1.3.6.1.4.1.14519.5.2.1.6279.6001.314767913612070208695608986968</imageSOP_UID>
<inclusion>TRUE</inclusion>
<edgeMap>
<xCoord>425</xCoord>
<yCoord>350</yCoord>
</edgeMap>
</roi>
</unblindedReadNodule>
<unblindedReadNodule>
<noduleID>69900</noduleID>
<characteristics>
<subtlety>5</subtlety>
<internalStructure>1</internalStructure>
<calcification>6</calcification>
<sphericity>3</sphericity>
<margin>3</margin>
<lobulation>3</lobulation>
<spiculation>4</spiculation>
<texture>4</texture>
<malignancy>4</malignancy>
</characteristics>
<roi>
<imageZposition>1466.5</imageZposition>
<imageSOP_UID>1.3.6.1.4.1.14519.5.2.1.6279.6001.259280283179757455028351098652</imageSOP_UID>
<inclusion>TRUE</inclusion>
<edgeMap>
<xCoord>410</xCoord>
<yCoord>312</yCoord>
</edgeMap>
<edgeMap>
<xCoord>411</xCoord>
<yCoord>311</yCoord>
</edgeMap>
<edgeMap>
<xCoord>412</xCoord>
<yCoord>310</yCoord>
</edgeMap>
<edgeMap>
<xCoord>413</xCoord>
<yCoord>309</yCoord>
</edgeMap>
<edgeMap>
<xCoord>413</xCoord>
<yCoord>308</yCoord>
</edgeMap>
<edgeMap>
<xCoord>413</xCoord>
<yCoord>307</yCoord>
</edgeMap>
<edgeMap>
<xCoord>414</xCoord>
<yCoord>306</yCoord>
</edgeMap>
<edgeMap>
<xCoord>414</xCoord>
<yCoord>305</yCoord>
</edgeMap>
<edgeMap>
<xCoord>415</xCoord>
<yCoord>304</yCoord>
</edgeMap>
<edgeMap>
<xCoord>415</xCoord>
<yCoord>303</yCoord>
</edgeMap>
<edgeMap>
<xCoord>416</xCoord>
<yCoord>302</yCoord>
</edgeMap>
<edgeMap>
<xCoord>417</xCoord>
<yCoord>301</yCoord>
</edgeMap>
<edgeMap>
<xCoord>416</xCoord>
<yCoord>300</yCoord>
</edgeMap>
<edgeMap>
<xCoord>416</xCoord>
<yCoord>299</yCoord>
</edgeMap>
<edgeMap>
<xCoord>415</xCoord>
<yCoord>298</yCoord>
</edgeMap>
<edgeMap>
<xCoord>415</xCoord>
<yCoord>297</yCoord>
</edgeMap>
<edgeMap>
<xCoord>414</xCoord>
<yCoord>296</yCoord>
</edgeMap>
<edgeMap>
<xCoord>413</xCoord>
<yCoord>295</yCoord>
</edgeMap>
<edgeMap>
<xCoord>412</xCoord>
<yCoord>294</yCoord>
</edgeMap>
<edgeMap>
<xCoord>411</xCoord>
<yCoord>294</yCoord>
</edgeMap>
<edgeMap>
<xCoord>410</xCoord>
<yCoord>295</yCoord>
</edgeMap>
<edgeMap>
<xCoord>409</xCoord>
<yCoord>296</yCoord>
</edgeMap>
<edgeMap>
<xCoord>408</xCoord>
<yCoord>296</yCoord>
</edgeMap>
<edgeMap>
<xCoord>408</xCoord>
<yCoord>297</yCoord>
</edgeMap>
<edgeMap>
<xCoord>407</xCoord>
<yCoord>298</yCoord>
</edgeMap>
<edgeMap>
<xCoord>407</xCoord>
<yCoord>299</yCoord>
</edgeMap>
<edgeMap>
<xCoord>408</xCoord>
<yCoord>300</yCoord>
</edgeMap>
<edgeMap>
<xCoord>409</xCoord>
<yCoord>301</yCoord>
</edgeMap>
<edgeMap>
<xCoord>409</xCoord>
<yCoord>302</yCoord>
</edgeMap>
<edgeMap>
<xCoord>409</xCoord>
<yCoord>303</yCoord>
</edgeMap>
<edgeMap>
<xCoord>409</xCoord>
<yCoord>304</yCoord>
</edgeMap>
<edgeMap>
<xCoord>409</xCoord>
<yCoord>305</yCoord>
</edgeMap>
<edgeMap>
<xCoord>408</xCoord>
<yCoord>306</yCoord>
</edgeMap>
<edgeMap>
<xCoord>407</xCoord>
<yCoord>307</yCoord>
</edgeMap>
<edgeMap>
<xCoord>406</xCoord>
<yCoord>308</yCoord>
</edgeMap>
<edgeMap>
<xCoord>405</xCoord>
<yCoord>308</yCoord>
</edgeMap>
<edgeMap>
<xCoord>405</xCoord>
<yCoord>309</yCoord>
</edgeMap>
<edgeMap>
<xCoord>406</xCoord>
<yCoord>310</yCoord>
</edgeMap>
<edgeMap>
<xCoord>406</xCoord>
<yCoord>311</yCoord>
</edgeMap>
<edgeMap>
<xCoord>407</xCoord>
<yCoord>311</yCoord>
</edgeMap>
<edgeMap>
<xCoord>408</xCoord>
<yCoord>312</yCoord>
</edgeMap>
<edgeMap>
<xCoord>409</xCoord>
<yCoord>312</yCoord>
</edgeMap>
<edgeMap>
<xCoord>410</xCoord>
<yCoord>312</yCoord>
</edgeMap>
</roi>
<roi>
<imageZposition>1463.5</imageZposition>
<imageSOP_UID>1.3.6.1.4.1.14519.5.2.1.6279.6001.160022025466083074907934189349</imageSOP_UID>
<inclusion>TRUE</inclusion>
<edgeMap>
<xCoord>409</xCoord>
<yCoord>312</yCoord>
</edgeMap>
<edgeMap>
<xCoord>410</xCoord>
<yCoord>311</yCoord>
</edgeMap>
<edgeMap>
<xCoord>411</xCoord>
<yCoord>311</yCoord>
</edgeMap>
<edgeMap>
<xCoord>412</xCoord>
<yCoord>310</yCoord>
</edgeMap>
<edgeMap>
<xCoord>412</xCoord>
<yCoord>309</yCoord>
</edgeMap>
<edgeMap>
<xCoord>412</xCoord>
<yCoord>308</yCoord>
</edgeMap>
<edgeMap>
<xCoord>413</xCoord>
<yCoord>307</yCoord>
</edgeMap>
<edgeMap>
<xCoord>414</xCoord>
<yCoord>306</yCoord>
</edgeMap>
<edgeMap>
<xCoord>415</xCoord>
<yCoord>305</yCoord>
</edgeMap>
<edgeMap>
<xCoord>416</xCoord>
<yCoord>305</yCoord>
</edgeMap>
<edgeMap>
<xCoord>417</xCoord>
<yCoord>305</yCoord>
</edgeMap>
<edgeMap>
<xCoord>418</xCoord>
<yCoord>304</yCoord>
</edgeMap>
<edgeMap>
<xCoord>418</xCoord>
<yCoord>303</yCoord>
</edgeMap>
<edgeMap>
<xCoord>418</xCoord>
<yCoord>302</yCoord>
</edgeMap>
<edgeMap>
<xCoord>418</xCoord>
<yCoord>301</yCoord>
</edgeMap>
<edgeMap>
<xCoord>418</xCoord>
<yCoord>300</yCoord>
</edgeMap>
<edgeMap>
<xCoord>418</xCoord>
<yCoord>299</yCoord>
</edgeMap>
<edgeMap>
<xCoord>418</xCoord>
<yCoord>298</yCoord>
</edgeMap>
<edgeMap>
<xCoord>417</xCoord>
<yCoord>297</yCoord>
</edgeMap>
<edgeMap>
<xCoord>417</xCoord>
<yCoord>296</yCoord>
</edgeMap>
<edgeMap>
<xCoord>416</xCoord>
<yCoord>295</yCoord>
</edgeMap>
<edgeMap>
<xCoord>415</xCoord>
<yCoord>294</yCoord>
</edgeMap>
<edgeMap>
<xCoord>414</xCoord>
<yCoord>293</yCoord>
</edgeMap>
<edgeMap>
<xCoord>413</xCoord>
<yCoord>292</yCoord>
</edgeMap>
<edgeMap>
<xCoord>412</xCoord>
<yCoord>291</yCoord>
</edgeMap>
<edgeMap>
<xCoord>411</xCoord>
<yCoord>291</yCoord>
</edgeMap>
<edgeMap>
<xCoord>410</xCoord>
<yCoord>290</yCoord>
</edgeMap>
<edgeMap>
<xCoord>409</xCoord>
<yCoord>290</yCoord>
</edgeMap>
<edgeMap>
<xCoord>408</xCoord>
<yCoord>290</yCoord>
</edgeMap>
<edgeMap>
<xCoord>407</xCoord>
<yCoord>291</yCoord>
</edgeMap>
<edgeMap>
<xCoord>406</xCoord>
<yCoord>292</yCoord>
</edgeMap>
<edgeMap>
<xCoord>405</xCoord>
<yCoord>293</yCoord>
</edgeMap>
<edgeMap>
<xCoord>404</xCoord>
<yCoord>294</yCoord>
</edgeMap>
<edgeMap>
<xCoord>404</xCoord>
<yCoord>295</yCoord>
</edgeMap>
<edgeMap>
<xCoord>404</xCoord>
<yCoord>296</yCoord>
</edgeMap>
<edgeMap>
<xCoord>403</xCoord>
<yCoord>297</yCoord>
</edgeMap>
<edgeMap>
<xCoord>403</xCoord>
<yCoord>298</yCoord>
</edgeMap>
<edgeMap>
<xCoord>403</xCoord>
<yCoord>299</yCoord>
</edgeMap>
<edgeMap>
<xCoord>402</xCoord>
<yCoord>300</yCoord>
</edgeMap>
<edgeMap>
<xCoord>401</xCoord>
<yCoord>300</yCoord>
</edgeMap>
<edgeMap>
<xCoord>400</xCoord>
<yCoord>300</yCoord>
</edgeMap>
<edgeMap>
<xCoord>400</xCoord>
<yCoord>301</yCoord>
</edgeMap>
<edgeMap>
<xCoord>399</xCoord>
<yCoord>302</yCoord>
</edgeMap>
<edgeMap>
<xCoord>398</xCoord>
<yCoord>303</yCoord>
</edgeMap>
<edgeMap>
<xCoord>397</xCoord>
<yCoord>304</yCoord>
</edgeMap>
<edgeMap>
<xCoord>397</xCoord>
<yCoord>305</yCoord>
</edgeMap>
<edgeMap>
<xCoord>398</xCoord>
<yCoord>306</yCoord>
</edgeMap>
<edgeMap>
<xCoord>398</xCoord>
<yCoord>307</yCoord>
</edgeMap>
<edgeMap>
<xCoord>399</xCoord>
<yCoord>307</yCoord>
</edgeMap>
<edgeMap>
<xCoord>400</xCoord>
<yCoord>308</yCoord>
</edgeMap>
<edgeMap>
<xCoord>401</xCoord>
<yCoord>308</yCoord>
</edgeMap>
<edgeMap>
<xCoord>402</xCoord>
<yCoord>309</yCoord>
</edgeMap>
<edgeMap>
<xCoord>403</xCoord>
<yCoord>309</yCoord>
</edgeMap>
<edgeMap>
<xCoord>404</xCoord>
<yCoord>310</yCoord>
</edgeMap>
<edgeMap>
<xCoord>405</xCoord>
<yCoord>311</yCoord>
</edgeMap>
<edgeMap>
<xCoord>406</xCoord>
<yCoord>311</yCoord>
</edgeMap>
<edgeMap>
<xCoord>407</xCoord>
<yCoord>312</yCoord>
</edgeMap>
<edgeMap>
<xCoord>408</xCoord>
<yCoord>312</yCoord>
</edgeMap>
<edgeMap>
<xCoord>409</xCoord>
<yCoord>312</yCoord>
</edgeMap>
</roi>
<roi>
<imageZposition>1460.5</imageZposition>
<imageSOP_UID>1.3.6.1.4.1.14519.5.2.1.6279.6001.316390964698488052479996092561</imageSOP_UID>
<inclusion>TRUE</inclusion>
<edgeMap>
<xCoord>405</xCoord>
<yCoord>310</yCoord>
</edgeMap>
<edgeMap>
<xCoord>405</xCoord>
<yCoord>309</yCoord>
</edgeMap>
<edgeMap>
<xCoord>405</xCoord>
<yCoord>308</yCoord>
</edgeMap>
<edgeMap>
<xCoord>405</xCoord>
<yCoord>307</yCoord>
</edgeMap>
<edgeMap>
<xCoord>405</xCoord>
<yCoord>306</yCoord>
</edgeMap>
<edgeMap>
<xCoord>406</xCoord>
<yCoord>305</yCoord>
</edgeMap>
<edgeMap>
<xCoord>407</xCoord>
<yCoord>305</yCoord>
</edgeMap>
<edgeMap>
<xCoord>408</xCoord>
<yCoord>306</yCoord>
</edgeMap>
<edgeMap>
<xCoord>409</xCoord>
<yCoord>307</yCoord>
</edgeMap>
<edgeMap>
<xCoord>410</xCoord>
<yCoord>307</yCoord>
</edgeMap>
<edgeMap>
<xCoord>411</xCoord>
<yCoord>307</yCoord>
</edgeMap>
<edgeMap>
<xCoord>412</xCoord>
<yCoord>307</yCoord>
</edgeMap>
<edgeMap>
<xCoord>413</xCoord>
<yCoord>307</yCoord>
</edgeMap>
<edgeMap>
<xCoord>414</xCoord>
<yCoord>306</yCoord>
</edgeMap>
<edgeMap>
<xCoord>415</xCoord>
<yCoord>306</yCoord>
</edgeMap>
<edgeMap>
<xCoord>416</xCoord>
<yCoord>305</yCoord>
</edgeMap>
<edgeMap>
<xCoord>417</xCoord>
<yCoord>304</yCoord>
</edgeMap>
<edgeMap>
<xCoord>417</xCoord>
<yCoord>303</yCoord>
</edgeMap>
<edgeMap>
<xCoord>417</xCoord>
<yCoord>302</yCoord>
</edgeMap>
<edgeMap>
<xCoord>418</xCoord>
<yCoord>301</yCoord>
</edgeMap>
<edgeMap>
<xCoord>419</xCoord>
<yCoord>300</yCoord>
</edgeMap>
<edgeMap>
<xCoord>419</xCoord>
<yCoord>299</yCoord>
</edgeMap>
<edgeMap>
<xCoord>419</xCoord>
<yCoord>298</yCoord>
</edgeMap>
<edgeMap>
<xCoord>418</xCoord>
<yCoord>297</yCoord>
</edgeMap>
<edgeMap>
<xCoord>417</xCoord>
<yCoord>296</yCoord>
</edgeMap>
<edgeMap>
<xCoord>416</xCoord>
<yCoord>295</yCoord>
</edgeMap>
<edgeMap>
<xCoord>415</xCoord>
<yCoord>294</yCoord>
</edgeMap>
<edgeMap>
<xCoord>415</xCoord>
<yCoord>293</yCoord>
</edgeMap>
<edgeMap>
<xCoord>414</xCoord>
<yCoord>293</yCoord>
</edgeMap>
<edgeMap>
<xCoord>413</xCoord>
<yCoord>292</yCoord>
</edgeMap>
<edgeMap>
<xCoord>412</xCoord>
<yCoord>291</yCoord>
</edgeMap>
<edgeMap>
<xCoord>412</xCoord>
<yCoord>290</yCoord>
</edgeMap>
<edgeMap>
<xCoord>411</xCoord>
<yCoord>290</yCoord>
</edgeMap>
<edgeMap>
<xCoord>410</xCoord>
<yCoord>290</yCoord>
</edgeMap>
<edgeMap>
<xCoord>409</xCoord>
<yCoord>291</yCoord>
</edgeMap>
<edgeMap>
<xCoord>408</xCoord>
<yCoord>292</yCoord>
</edgeMap>
<edgeMap>
<xCoord>407</xCoord>
<yCoord>293</yCoord>
</edgeMap>
<edgeMap>
<xCoord>406</xCoord>
<yCoord>294</yCoord>
</edgeMap>
<edgeMap>
<xCoord>405</xCoord>
<yCoord>294</yCoord>
</edgeMap>
<edgeMap>
<xCoord>404</xCoord>
<yCoord>294</yCoord>
</edgeMap>
<edgeMap>
<xCoord>403</xCoord>
<yCoord>294</yCoord>
</edgeMap>
<edgeMap>
<xCoord>402</xCoord>
<yCoord>295</yCoord>
</edgeMap>
<edgeMap>
<xCoord>402</xCoord>
<yCoord>296</yCoord>
</edgeMap>
<edgeMap>
<xCoord>402</xCoord>
<yCoord>297</yCoord>
</edgeMap>
<edgeMap>
<xCoord>402</xCoord>
<yCoord>298</yCoord>
</edgeMap>
<edgeMap>
<xCoord>403</xCoord>
<yCoord>299</yCoord>
</edgeMap>
<edgeMap>
<xCoord>402</xCoord>
<yCoord>300</yCoord>
</edgeMap>
<edgeMap>
<xCoord>401</xCoord>
<yCoord>300</yCoord>
</edgeMap>
<edgeMap>
<xCoord>400</xCoord>
<yCoord>301</yCoord>
</edgeMap>
<edgeMap>
<xCoord>399</xCoord>
<yCoord>302</yCoord>
</edgeMap>
<edgeMap>
<xCoord>398</xCoord>
<yCoord>302</yCoord>
</edgeMap>
<edgeMap>
<xCoord>397</xCoord>
<yCoord>303</yCoord>
</edgeMap>
<edgeMap>
<xCoord>396</xCoord>
<yCoord>304</yCoord>
</edgeMap>
<edgeMap>
<xCoord>397</xCoord>
<yCoord>305</yCoord>
</edgeMap>
<edgeMap>
<xCoord>397</xCoord>
<yCoord>306</yCoord>
</edgeMap>
<edgeMap>
<xCoord>398</xCoord>
<yCoord>307</yCoord>
</edgeMap>
<edgeMap>
<xCoord>399</xCoord>
<yCoord>308</yCoord>
</edgeMap>
<edgeMap>
<xCoord>400</xCoord>
<yCoord>309</yCoord>
</edgeMap>
<edgeMap>
<xCoord>401</xCoord>
<yCoord>309</yCoord>
</edgeMap>
<edgeMap>
<xCoord>402</xCoord>
<yCoord>310</yCoord>
</edgeMap>
<edgeMap>
<xCoord>403</xCoord>
<yCoord>310</yCoord>
</edgeMap>
<edgeMap>
<xCoord>404</xCoord>
<yCoord>310</yCoord>
</edgeMap>
<edgeMap>
<xCoord>405</xCoord>
<yCoord>310</yCoord>
</edgeMap>
</roi>
<roi>
<imageZposition>1457.5</imageZposition>
<imageSOP_UID>1.3.6.1.4.1.14519.5.2.1.6279.6001.358013547758632752168843774800</imageSOP_UID>
<inclusion>TRUE</inclusion>
<edgeMap>
<xCoord>418</xCoord>
<yCoord>306</yCoord>
</edgeMap>
<edgeMap>
<xCoord>419</xCoord>
<yCoord>305</yCoord>
</edgeMap>
<edgeMap>
<xCoord>419</xCoord>
<yCoord>304</yCoord>
</edgeMap>
<edgeMap>
<xCoord>419</xCoord>
<yCoord>303</yCoord>
</edgeMap>
<edgeMap>
<xCoord>419</xCoord>
<yCoord>302</yCoord>
</edgeMap>
<edgeMap>
<xCoord>419</xCoord>
<yCoord>301</yCoord>
</edgeMap>
<edgeMap>
<xCoord>419</xCoord>
<yCoord>300</yCoord>
</edgeMap>
<edgeMap>
<xCoord>419</xCoord>
<yCoord>299</yCoord>
</edgeMap>
<edgeMap>
<xCoord>419</xCoord>
<yCoord>298</yCoord>
</edgeMap>
<edgeMap>
<xCoord>419</xCoord>
<yCoord>297</yCoord>
</edgeMap>
<edgeMap>
<xCoord>418</xCoord>
<yCoord>296</yCoord>
</edgeMap>
<edgeMap>
<xCoord>417</xCoord>
<yCoord>295</yCoord>
</edgeMap>
<edgeMap>
<xCoord>416</xCoord>
<yCoord>295</yCoord>
</edgeMap>
<edgeMap>
<xCoord>415</xCoord>
<yCoord>295</yCoord>
</edgeMap>
<edgeMap>
<xCoord>414</xCoord>
<yCoord>295</yCoord>
</edgeMap>
<edgeMap>
<xCoord>413</xCoord>
<yCoord>296</yCoord>
</edgeMap>
<edgeMap>
<xCoord>412</xCoord>
<yCoord>297</yCoord>
</edgeMap>
<edgeMap>
<xCoord>411</xCoord>
<yCoord>297</yCoord>
</edgeMap>
<edgeMap>
<xCoord>410</xCoord>
<yCoord>298</yCoord>
</edgeMap>
<edgeMap>
<xCoord>410</xCoord>
<yCoord>299</yCoord>
</edgeMap>
<edgeMap>
<xCoord>410</xCoord>
<yCoord>300</yCoord>
</edgeMap>
<edgeMap>
<xCoord>411</xCoord>
<yCoord>301</yCoord>
</edgeMap>
<edgeMap>
<xCoord>412</xCoord>
<yCoord>302</yCoord>
</edgeMap>
<edgeMap>
<xCoord>413</xCoord>
<yCoord>303</yCoord>
</edgeMap>
<edgeMap>
<xCoord>414</xCoord>
<yCoord>304</yCoord>
</edgeMap>
<edgeMap>
<xCoord>415</xCoord>
<yCoord>305</yCoord>
</edgeMap>
<edgeMap>
<xCoord>416</xCoord>
<yCoord>306</yCoord>
</edgeMap>
<edgeMap>
<xCoord>417</xCoord>
<yCoord>306</yCoord>
</edgeMap>
<edgeMap>
<xCoord>418</xCoord>
<yCoord>306</yCoord>
</edgeMap>
</roi>
</unblindedReadNodule>
<nonNodule>
<nonNoduleID>69849</nonNoduleID>
<imageZposition>1547.5</imageZposition>
<imageSOP_UID>1.3.6.1.4.1.14519.5.2.1.6279.6001.495930828419496654713249583129</imageSOP_UID>
<locus>
<xCoord>304</xCoord>
<yCoord>317</yCoord>
</locus>
</nonNodule>
<nonNodule>
<nonNoduleID>69850</nonNoduleID>
<imageZposition>1517.5</imageZposition>
<imageSOP_UID>1.3.6.1.4.1.14519.5.2.1.6279.6001.325310006879487871318639852003</imageSOP_UID>
<locus>
<xCoord>147</xCoord>
<yCoord>359</yCoord>
</locus>
</nonNodule>
<nonNodule>
<nonNoduleID>69851</nonNoduleID>
<imageZposition>1310.5</imageZposition>
<imageSOP_UID>1.3.6.1.4.1.14519.5.2.1.6279.6001.102830745861046864425706535311</imageSOP_UID>
<locus>
<xCoord>162</xCoord>
<yCoord>365</yCoord>
</locus>
</nonNodule>
<nonNodule>
<nonNoduleID>69852</nonNoduleID>
<imageZposition>1520.5</imageZposition>
<imageSOP_UID>1.3.6.1.4.1.14519.5.2.1.6279.6001.900302745797381528726690168234</imageSOP_UID>
<locus>
<xCoord>154</xCoord>
<yCoord>355</yCoord>
</locus>
</nonNodule>
</readingSession>


  <readingSession>
    <annotationVersion>3.12</annotationVersion>
    <servicingRadiologistID>anon</servicingRadiologistID>
    <unblindedReadNodule>
      <noduleID>52521</noduleID>
      <roi>
        <imageZposition>1487.5</imageZposition>
        <imageSOP_UID>1.3.6.1.4.1.14519.5.2.1.6279.6001.106498006174218694209838408935</imageSOP_UID>
        <inclusion>TRUE</inclusion>
        <edgeMap>
          <xCoord>368</xCoord>
          <yCoord>214</yCoord>
        </edgeMap>
      </roi>
    </unblindedReadNodule>
    <unblindedReadNodule>
      <noduleID>52510</noduleID>
      <characteristics>
        <subtlety>5</subtlety>
        <internalStructure>1</internalStructure>
        <calcification>6</calcification>
        <sphericity>4</sphericity>
        <margin>3</margin>
        <lobulation>4</lobulation>
        <spiculation>2</spiculation>
        <texture>5</texture>
        <malignancy>5</malignancy>
      </characteristics>
      <roi>
        <imageZposition>1466.5</imageZposition>
        <imageSOP_UID>1.3.6.1.4.1.14519.5.2.1.6279.6001.259280283179757455028351098652</imageSOP_UID>
        <inclusion>TRUE</inclusion>
        <edgeMap>
          <xCoord>409</xCoord>
          <yCoord>312</yCoord>
        </edgeMap>
        <edgeMap>
          <xCoord>410</xCoord>
          <yCoord>311</yCoord>
        </edgeMap>
        <edgeMap>
          <xCoord>411</xCoord>
          <yCoord>310</yCoord>
        </edgeMap>
        <edgeMap>
          <xCoord>411</xCoord>
          <yCoord>309</yCoord>
        </edgeMap>
        <edgeMap>
          <xCoord>412</xCoord>
          <yCoord>308</yCoord>
        </edgeMap>
        <edgeMap>
          <xCoord>412</xCoord>
          <yCoord>307</yCoord>
        </edgeMap>
        <edgeMap>
          <xCoord>412</xCoord>
          <yCoord>306</yCoord>
        </edgeMap>
        <edgeMap>
          <xCoord>412</xCoord>
          <yCoord>305</yCoord>
        </edgeMap>
        <edgeMap>
          <xCoord>413</xCoord>
          <yCoord>304</yCoord>
        </edgeMap>
        <edgeMap>
          <xCoord>414</xCoord>
          <yCoord>303</yCoord>
        </edgeMap>
        <edgeMap>
          <xCoord>414</xCoord>
          <yCoord>302</yCoord>
        </edgeMap>
        <edgeMap>
          <xCoord>413</xCoord>
          <yCoord>301</yCoord>
        </edgeMap>
        <edgeMap>
          <xCoord>413</xCoord>
          <yCoord>300</yCoord>
        </edgeMap>
        <edgeMap>
          <xCoord>413</xCoord>
          <yCoord>299</yCoord>
        </edgeMap>
        <edgeMap>
          <xCoord>414</xCoord>
          <yCoord>298</yCoord>
        </edgeMap>
        <edgeMap>
          <xCoord>413</xCoord>
          <yCoord>297</yCoord>
        </edgeMap>
        <edgeMap>
          <xCoord>412</xCoord>
          <yCoord>296</yCoord>
        </edgeMap>
        <edgeMap>
          <xCoord>411</xCoord>
          <yCoord>296</yCoord>
        </edgeMap>
        <edgeMap>
          <xCoord>410</xCoord>
          <yCoord>296</yCoord>
        </edgeMap>
        <edgeMap>
          <xCoord>409</xCoord>
          <yCoord>297</yCoord>
        </edgeMap>
        <edgeMap>
          <xCoord>408</xCoord>
          <yCoord>297</yCoord>
        </edgeMap>
        <edgeMap>
          <xCoord>407</xCoord>
          <yCoord>298</yCoord>
        </edgeMap>
        <edgeMap>
          <xCoord>406</xCoord>
          <yCoord>299</yCoord>
        </edgeMap>
        <edgeMap>
          <xCoord>407</xCoord>
          <yCoord>300</yCoord>
        </edgeMap>
        <edgeMap>
          <xCoord>408</xCoord>
          <yCoord>301</yCoord>
        </edgeMap>
        <edgeMap>
          <xCoord>408</xCoord>
          <yCoord>302</yCoord>
        </edgeMap>
        <edgeMap>
          <xCoord>408</xCoord>
          <yCoord>303</yCoord>
        </edgeMap>
        <edgeMap>
          <xCoord>408</xCoord>
          <yCoord>304</yCoord>
        </edgeMap>
        <edgeMap>
          <xCoord>408</xCoord>
          <yCoord>305</yCoord>
        </edgeMap>
        <edgeMap>
          <xCoord>407</xCoord>
          <yCoord>306</yCoord>
        </edgeMap>
        <edgeMap>
          <xCoord>406</xCoord>
          <yCoord>307</yCoord>
        </edgeMap>
        <edgeMap>
          <xCoord>405</xCoord>
          <yCoord>308</yCoord>
        </edgeMap>
        <edgeMap>
          <xCoord>405</xCoord>
          <yCoord>309</yCoord>
        </edgeMap>
        <edgeMap>
          <xCoord>406</xCoord>
          <yCoord>310</yCoord>
        </edgeMap>
        <edgeMap>
          <xCoord>407</xCoord>
          <yCoord>311</yCoord>
        </edgeMap>
        <edgeMap>
          <xCoord>408</xCoord>
          <yCoord>311</yCoord>
        </edgeMap>
        <edgeMap>
          <xCoord>409</xCoord>
          <yCoord>312</yCoord>
        </edgeMap>
      </roi>
      <roi>
        <imageZposition>1463.5</imageZposition>
        <imageSOP_UID>1.3.6.1.4.1.14519.5.2.1.6279.6001.160022025466083074907934189349</imageSOP_UID>
        <inclusion>TRUE</inclusion>
        <edgeMap>
          <xCoord>409</xCoord>
          <yCoord>312</yCoord>
        </edgeMap>
        <edgeMap>
          <xCoord>410</xCoord>
          <yCoord>311</yCoord>
        </edgeMap>
        <edgeMap>
          <xCoord>411</xCoord>
          <yCoord>310</yCoord>
        </edgeMap>
        <edgeMap>
          <xCoord>412</xCoord>
          <yCoord>309</yCoord>
        </edgeMap>
        <edgeMap>
          <xCoord>412</xCoord>
          <yCoord>308</yCoord>
        </edgeMap>
        <edgeMap>
          <xCoord>413</xCoord>
          <yCoord>307</yCoord>
        </edgeMap>
        <edgeMap>
          <xCoord>413</xCoord>
          <yCoord>306</yCoord>
        </edgeMap>
        <edgeMap>
          <xCoord>414</xCoord>
          <yCoord>305</yCoord>
        </edgeMap>
        <edgeMap>
          <xCoord>415</xCoord>
          <yCoord>305</yCoord>
        </edgeMap>
        <edgeMap>
          <xCoord>416</xCoord>
          <yCoord>304</yCoord>
        </edgeMap>
        <edgeMap>
          <xCoord>417</xCoord>
          <yCoord>303</yCoord>
        </edgeMap>
        <edgeMap>
          <xCoord>418</xCoord>
          <yCoord>302</yCoord>
        </edgeMap>
        <edgeMap>
          <xCoord>418</xCoord>
          <yCoord>301</yCoord>
        </edgeMap>
        <edgeMap>
          <xCoord>418</xCoord>
          <yCoord>300</yCoord>
        </edgeMap>
        <edgeMap>
          <xCoord>418</xCoord>
          <yCoord>299</yCoord>
        </edgeMap>
        <edgeMap>
          <xCoord>417</xCoord>
          <yCoord>298</yCoord>
        </edgeMap>
        <edgeMap>
          <xCoord>417</xCoord>
          <yCoord>297</yCoord>
        </edgeMap>
        <edgeMap>
          <xCoord>416</xCoord>
          <yCoord>296</yCoord>
        </edgeMap>
        <edgeMap>
          <xCoord>416</xCoord>
          <yCoord>295</yCoord>
        </edgeMap>
        <edgeMap>
          <xCoord>415</xCoord>
          <yCoord>294</yCoord>
        </edgeMap>
        <edgeMap>
          <xCoord>414</xCoord>
          <yCoord>293</yCoord>
        </edgeMap>
        <edgeMap>
          <xCoord>413</xCoord>
          <yCoord>292</yCoord>
        </edgeMap>
        <edgeMap>
          <xCoord>412</xCoord>
          <yCoord>291</yCoord>
        </edgeMap>
        <edgeMap>
          <xCoord>411</xCoord>
          <yCoord>291</yCoord>
        </edgeMap>
        <edgeMap>
          <xCoord>410</xCoord>
          <yCoord>291</yCoord>
        </edgeMap>
        <edgeMap>
          <xCoord>409</xCoord>
          <yCoord>291</yCoord>
        </edgeMap>
        <edgeMap>
          <xCoord>408</xCoord>
          <yCoord>291</yCoord>
        </edgeMap>
        <edgeMap>
          <xCoord>407</xCoord>
          <yCoord>292</yCoord>
        </edgeMap>
        <edgeMap>
          <xCoord>406</xCoord>
          <yCoord>293</yCoord>
        </edgeMap>
        <edgeMap>
          <xCoord>405</xCoord>
          <yCoord>294</yCoord>
        </edgeMap>
        <edgeMap>
          <xCoord>405</xCoord>
          <yCoord>295</yCoord>
        </edgeMap>
        <edgeMap>
          <xCoord>404</xCoord>
          <yCoord>296</yCoord>
        </edgeMap>
        <edgeMap>
          <xCoord>403</xCoord>
          <yCoord>297</yCoord>
        </edgeMap>
        <edgeMap>
          <xCoord>403</xCoord>
          <yCoord>298</yCoord>
        </edgeMap>
        <edgeMap>
          <xCoord>403</xCoord>
          <yCoord>299</yCoord>
        </edgeMap>
        <edgeMap>
          <xCoord>402</xCoord>
          <yCoord>300</yCoord>
        </edgeMap>
        <edgeMap>
          <xCoord>401</xCoord>
          <yCoord>301</yCoord>
        </edgeMap>
        <edgeMap>
          <xCoord>401</xCoord>
          <yCoord>302</yCoord>
        </edgeMap>
        <edgeMap>
          <xCoord>400</xCoord>
          <yCoord>303</yCoord>
        </edgeMap>
        <edgeMap>
          <xCoord>399</xCoord>
          <yCoord>304</yCoord>
        </edgeMap>
        <edgeMap>
          <xCoord>398</xCoord>
          <yCoord>305</yCoord>
        </edgeMap>
        <edgeMap>
          <xCoord>399</xCoord>
          <yCoord>306</yCoord>
        </edgeMap>
        <edgeMap>
          <xCoord>400</xCoord>
          <yCoord>307</yCoord>
        </edgeMap>
        <edgeMap>
          <xCoord>401</xCoord>
          <yCoord>308</yCoord>
        </edgeMap>
        <edgeMap>
          <xCoord>402</xCoord>
          <yCoord>309</yCoord>
        </edgeMap>
        <edgeMap>
          <xCoord>403</xCoord>
          <yCoord>309</yCoord>
        </edgeMap>
        <edgeMap>
          <xCoord>404</xCoord>
          <yCoord>310</yCoord>
        </edgeMap>
        <edgeMap>
          <xCoord>405</xCoord>
          <yCoord>311</yCoord>
        </edgeMap>
        <edgeMap>
          <xCoord>406</xCoord>
          <yCoord>312</yCoord>
        </edgeMap>
        <edgeMap>
          <xCoord>407</xCoord>
          <yCoord>312</yCoord>
        </edgeMap>
        <edgeMap>
          <xCoord>408</xCoord>
          <yCoord>312</yCoord>
        </edgeMap>
        <edgeMap>
          <xCoord>409</xCoord>
          <yCoord>312</yCoord>
        </edgeMap>
      </roi>
      <roi>
        <imageZposition>1460.5</imageZposition>
        <imageSOP_UID>1.3.6.1.4.1.14519.5.2.1.6279.6001.316390964698488052479996092561</imageSOP_UID>
        <inclusion>TRUE</inclusion>
        <edgeMap>
          <xCoord>404</xCoord>
          <yCoord>310</yCoord>
        </edgeMap>
        <edgeMap>
          <xCoord>405</xCoord>
          <yCoord>309</yCoord>
        </edgeMap>
        <edgeMap>
          <xCoord>406</xCoord>
          <yCoord>308</yCoord>
        </edgeMap>
        <edgeMap>
          <xCoord>407</xCoord>
          <yCoord>307</yCoord>
        </edgeMap>
        <edgeMap>
          <xCoord>408</xCoord>
          <yCoord>307</yCoord>
        </edgeMap>
        <edgeMap>
          <xCoord>409</xCoord>
          <yCoord>307</yCoord>
        </edgeMap>
        <edgeMap>
          <xCoord>410</xCoord>
          <yCoord>307</yCoord>
        </edgeMap>
        <edgeMap>
          <xCoord>411</xCoord>
          <yCoord>307</yCoord>
        </edgeMap>
        <edgeMap>
          <xCoord>412</xCoord>
          <yCoord>307</yCoord>
        </edgeMap>
        <edgeMap>
          <xCoord>413</xCoord>
          <yCoord>306</yCoord>
        </edgeMap>
        <edgeMap>
          <xCoord>414</xCoord>
          <yCoord>306</yCoord>
        </edgeMap>
        <edgeMap>
          <xCoord>415</xCoord>
          <yCoord>306</yCoord>
        </edgeMap>
        <edgeMap>
          <xCoord>416</xCoord>
          <yCoord>305</yCoord>
        </edgeMap>
        <edgeMap>
          <xCoord>417</xCoord>
          <yCoord>304</yCoord>
        </edgeMap>
        <edgeMap>
          <xCoord>417</xCoord>
          <yCoord>303</yCoord>
        </edgeMap>
        <edgeMap>
          <xCoord>417</xCoord>
          <yCoord>302</yCoord>
        </edgeMap>
        <edgeMap>
          <xCoord>418</xCoord>
          <yCoord>301</yCoord>
        </edgeMap>
        <edgeMap>
          <xCoord>418</xCoord>
          <yCoord>300</yCoord>
        </edgeMap>
        <edgeMap>
          <xCoord>418</xCoord>
          <yCoord>299</yCoord>
        </edgeMap>
        <edgeMap>
          <xCoord>418</xCoord>
          <yCoord>298</yCoord>
        </edgeMap>
        <edgeMap>
          <xCoord>417</xCoord>
          <yCoord>297</yCoord>
        </edgeMap>
        <edgeMap>
          <xCoord>416</xCoord>
          <yCoord>296</yCoord>
        </edgeMap>
        <edgeMap>
          <xCoord>415</xCoord>
          <yCoord>295</yCoord>
        </edgeMap>
        <edgeMap>
          <xCoord>414</xCoord>
          <yCoord>294</yCoord>
        </edgeMap>
        <edgeMap>
          <xCoord>413</xCoord>
          <yCoord>293</yCoord>
        </edgeMap>
        <edgeMap>
          <xCoord>412</xCoord>
          <yCoord>292</yCoord>
        </edgeMap>
        <edgeMap>
          <xCoord>411</xCoord>
          <yCoord>292</yCoord>
        </edgeMap>
        <edgeMap>
          <xCoord>410</xCoord>
          <yCoord>292</yCoord>
        </edgeMap>
        <edgeMap>
          <xCoord>409</xCoord>
          <yCoord>292</yCoord>
        </edgeMap>
        <edgeMap>
          <xCoord>408</xCoord>
          <yCoord>293</yCoord>
        </edgeMap>
        <edgeMap>
          <xCoord>407</xCoord>
          <yCoord>294</yCoord>
        </edgeMap>
        <edgeMap>
          <xCoord>406</xCoord>
          <yCoord>295</yCoord>
        </edgeMap>
        <edgeMap>
          <xCoord>405</xCoord>
          <yCoord>295</yCoord>
        </edgeMap>
        <edgeMap>
          <xCoord>404</xCoord>
          <yCoord>296</yCoord>
        </edgeMap>
        <edgeMap>
          <xCoord>403</xCoord>
          <yCoord>297</yCoord>
        </edgeMap>
        <edgeMap>
          <xCoord>403</xCoord>
          <yCoord>298</yCoord>
        </edgeMap>
        <edgeMap>
          <xCoord>403</xCoord>
          <yCoord>299</yCoord>
        </edgeMap>
        <edgeMap>
          <xCoord>402</xCoord>
          <yCoord>300</yCoord>
        </edgeMap>
        <edgeMap>
          <xCoord>401</xCoord>
          <yCoord>301</yCoord>
        </edgeMap>
        <edgeMap>
          <xCoord>400</xCoord>
          <yCoord>302</yCoord>
        </edgeMap>
        <edgeMap>
          <xCoord>399</xCoord>
          <yCoord>303</yCoord>
        </edgeMap>
        <edgeMap>
          <xCoord>398</xCoord>
          <yCoord>304</yCoord>
        </edgeMap>
        <edgeMap>
          <xCoord>397</xCoord>
          <yCoord>305</yCoord>
        </edgeMap>
        <edgeMap>
          <xCoord>398</xCoord>
          <yCoord>306</yCoord>
        </edgeMap>
        <edgeMap>
          <xCoord>398</xCoord>
          <yCoord>307</yCoord>
        </edgeMap>
        <edgeMap>
          <xCoord>399</xCoord>
          <yCoord>308</yCoord>
        </edgeMap>
        <edgeMap>
          <xCoord>400</xCoord>
          <yCoord>309</yCoord>
        </edgeMap>
        <edgeMap>
          <xCoord>401</xCoord>
          <yCoord>310</yCoord>
        </edgeMap>
        <edgeMap>
          <xCoord>402</xCoord>
          <yCoord>310</yCoord>
        </edgeMap>
        <edgeMap>
          <xCoord>403</xCoord>
          <yCoord>310</yCoord>
        </edgeMap>
        <edgeMap>
          <xCoord>404</xCoord>
          <yCoord>310</yCoord>
        </edgeMap>
      </roi>
      <roi>
        <imageZposition>1457.5</imageZposition>
        <imageSOP_UID>1.3.6.1.4.1.14519.5.2.1.6279.6001.358013547758632752168843774800</imageSOP_UID>
        <inclusion>TRUE</inclusion>
        <edgeMap>
          <xCoord>418</xCoord>
          <yCoord>301</yCoord>
        </edgeMap>
        <edgeMap>
          <xCoord>418</xCoord>
          <yCoord>300</yCoord>
        </edgeMap>
        <edgeMap>
          <xCoord>418</xCoord>
          <yCoord>299</yCoord>
        </edgeMap>
        <edgeMap>
          <xCoord>418</xCoord>
          <yCoord>298</yCoord>
        </edgeMap>
        <edgeMap>
          <xCoord>417</xCoord>
          <yCoord>297</yCoord>
        </edgeMap>
        <edgeMap>
          <xCoord>416</xCoord>
          <yCoord>296</yCoord>
        </edgeMap>
        <edgeMap>
          <xCoord>415</xCoord>
          <yCoord>296</yCoord>
        </edgeMap>
        <edgeMap>
          <xCoord>414</xCoord>
          <yCoord>296</yCoord>
        </edgeMap>
        <edgeMap>
          <xCoord>413</xCoord>
          <yCoord>296</yCoord>
        </edgeMap>
        <edgeMap>
          <xCoord>412</xCoord>
          <yCoord>296</yCoord>
        </edgeMap>
        <edgeMap>
          <xCoord>411</xCoord>
          <yCoord>296</yCoord>
        </edgeMap>
        <edgeMap>
          <xCoord>410</xCoord>
          <yCoord>296</yCoord>
        </edgeMap>
        <edgeMap>
          <xCoord>410</xCoord>
          <yCoord>297</yCoord>
        </edgeMap>
        <edgeMap>
          <xCoord>410</xCoord>
          <yCoord>298</yCoord>
        </edgeMap>
        <edgeMap>
          <xCoord>410</xCoord>
          <yCoord>299</yCoord>
        </edgeMap>
        <edgeMap>
          <xCoord>410</xCoord>
          <yCoord>300</yCoord>
        </edgeMap>
        <edgeMap>
          <xCoord>410</xCoord>
          <yCoord>301</yCoord>
        </edgeMap>
        <edgeMap>
          <xCoord>411</xCoord>
          <yCoord>301</yCoord>
        </edgeMap>
        <edgeMap>
          <xCoord>412</xCoord>
          <yCoord>301</yCoord>
        </edgeMap>
        <edgeMap>
          <xCoord>413</xCoord>
          <yCoord>301</yCoord>
        </edgeMap>
        <edgeMap>
          <xCoord>414</xCoord>
          <yCoord>301</yCoord>
        </edgeMap>
        <edgeMap>
          <xCoord>415</xCoord>
          <yCoord>301</yCoord>
        </edgeMap>
        <edgeMap>
          <xCoord>416</xCoord>
          <yCoord>301</yCoord>
        </edgeMap>
        <edgeMap>
          <xCoord>417</xCoord>
          <yCoord>301</yCoord>
        </edgeMap>
        <edgeMap>
          <xCoord>418</xCoord>
          <yCoord>301</yCoord>
        </edgeMap>
      </roi>
    </unblindedReadNodule>
    <unblindedReadNodule>
      <noduleID>52522</noduleID>
      <roi>
        <imageZposition>1457.5</imageZposition>
        <imageSOP_UID>1.3.6.1.4.1.14519.5.2.1.6279.6001.358013547758632752168843774800</imageSOP_UID>
        <inclusion>TRUE</inclusion>
        <edgeMap>
          <xCoord>88</xCoord>
          <yCoord>280</yCoord>
        </edgeMap>
      </roi>
    </unblindedReadNodule>
    <nonNodule>
      <nonNoduleID>52514</nonNoduleID>
      <imageZposition>1547.5</imageZposition>
      <imageSOP_UID>1.3.6.1.4.1.14519.5.2.1.6279.6001.495930828419496654713249583129</imageSOP_UID>
      <locus>
        <xCoord>305</xCoord>
        <yCoord>318</yCoord>
      </locus>
    </nonNodule>
    <nonNodule>
      <nonNoduleID>52527</nonNoduleID>
      <imageZposition>1520.5</imageZposition>
      <imageSOP_UID>1.3.6.1.4.1.14519.5.2.1.6279.6001.900302745797381528726690168234</imageSOP_UID>
      <locus>
        <xCoord>154</xCoord>
        <yCoord>355</yCoord>
      </locus>
    </nonNodule>
    <nonNodule>
      <nonNoduleID>52517</nonNoduleID>
      <imageZposition>1517.5</imageZposition>
      <imageSOP_UID>1.3.6.1.4.1.14519.5.2.1.6279.6001.325310006879487871318639852003</imageSOP_UID>
      <locus>
        <xCoord>148</xCoord>
        <yCoord>362</yCoord>
      </locus>
    </nonNodule>
    <nonNodule>
      <nonNoduleID>52520</nonNoduleID>
      <imageZposition>1310.5</imageZposition>
      <imageSOP_UID>1.3.6.1.4.1.14519.5.2.1.6279.6001.102830745861046864425706535311</imageSOP_UID>
      <locus>
        <xCoord>162</xCoord>
        <yCoord>365</yCoord>
      </locus>
    </nonNodule>
  </readingSession>



<readingSession>
<annotationVersion>3.12</annotationVersion>
<servicingRadiologistID>anon</servicingRadiologistID>
<unblindedReadNodule>
<noduleID>13314</noduleID>
<characteristics>
<subtlety>4</subtlety>
<internalStructure>1</internalStructure>
<calcification>6</calcification>
<sphericity>3</sphericity>
<margin>3</margin>
<lobulation>4</lobulation>
<spiculation>3</spiculation>
<texture>4</texture>
<malignancy>3</malignancy>
</characteristics>
<roi>
<imageZposition>1466.5</imageZposition>
<imageSOP_UID>1.3.6.1.4.1.14519.5.2.1.6279.6001.259280283179757455028351098652</imageSOP_UID>
<inclusion>TRUE</inclusion>
<edgeMap>
<xCoord>409</xCoord>
<yCoord>313</yCoord>
</edgeMap>
<edgeMap>
<xCoord>410</xCoord>
<yCoord>312</yCoord>
</edgeMap>
<edgeMap>
<xCoord>411</xCoord>
<yCoord>311</yCoord>
</edgeMap>
<edgeMap>
<xCoord>412</xCoord>
<yCoord>310</yCoord>
</edgeMap>
<edgeMap>
<xCoord>413</xCoord>
<yCoord>309</yCoord>
</edgeMap>
<edgeMap>
<xCoord>413</xCoord>
<yCoord>308</yCoord>
</edgeMap>
<edgeMap>
<xCoord>413</xCoord>
<yCoord>307</yCoord>
</edgeMap>
<edgeMap>
<xCoord>413</xCoord>
<yCoord>306</yCoord>
</edgeMap>
<edgeMap>
<xCoord>414</xCoord>
<yCoord>305</yCoord>
</edgeMap>
<edgeMap>
<xCoord>414</xCoord>
<yCoord>304</yCoord>
</edgeMap>
<edgeMap>
<xCoord>415</xCoord>
<yCoord>303</yCoord>
</edgeMap>
<edgeMap>
<xCoord>415</xCoord>
<yCoord>302</yCoord>
</edgeMap>
<edgeMap>
<xCoord>414</xCoord>
<yCoord>301</yCoord>
</edgeMap>
<edgeMap>
<xCoord>414</xCoord>
<yCoord>300</yCoord>
</edgeMap>
<edgeMap>
<xCoord>414</xCoord>
<yCoord>299</yCoord>
</edgeMap>
<edgeMap>
<xCoord>415</xCoord>
<yCoord>298</yCoord>
</edgeMap>
<edgeMap>
<xCoord>415</xCoord>
<yCoord>297</yCoord>
</edgeMap>
<edgeMap>
<xCoord>414</xCoord>
<yCoord>296</yCoord>
</edgeMap>
<edgeMap>
<xCoord>413</xCoord>
<yCoord>295</yCoord>
</edgeMap>
<edgeMap>
<xCoord>412</xCoord>
<yCoord>294</yCoord>
</edgeMap>
<edgeMap>
<xCoord>411</xCoord>
<yCoord>295</yCoord>
</edgeMap>
<edgeMap>
<xCoord>410</xCoord>
<yCoord>295</yCoord>
</edgeMap>
<edgeMap>
<xCoord>409</xCoord>
<yCoord>296</yCoord>
</edgeMap>
<edgeMap>
<xCoord>408</xCoord>
<yCoord>296</yCoord>
</edgeMap>
<edgeMap>
<xCoord>407</xCoord>
<yCoord>297</yCoord>
</edgeMap>
<edgeMap>
<xCoord>406</xCoord>
<yCoord>298</yCoord>
</edgeMap>
<edgeMap>
<xCoord>405</xCoord>
<yCoord>299</yCoord>
</edgeMap>
<edgeMap>
<xCoord>406</xCoord>
<yCoord>300</yCoord>
</edgeMap>
<edgeMap>
<xCoord>407</xCoord>
<yCoord>301</yCoord>
</edgeMap>
<edgeMap>
<xCoord>407</xCoord>
<yCoord>302</yCoord>
</edgeMap>
<edgeMap>
<xCoord>407</xCoord>
<yCoord>303</yCoord>
</edgeMap>
<edgeMap>
<xCoord>407</xCoord>
<yCoord>304</yCoord>
</edgeMap>
<edgeMap>
<xCoord>407</xCoord>
<yCoord>305</yCoord>
</edgeMap>
<edgeMap>
<xCoord>406</xCoord>
<yCoord>306</yCoord>
</edgeMap>
<edgeMap>
<xCoord>405</xCoord>
<yCoord>307</yCoord>
</edgeMap>
<edgeMap>
<xCoord>404</xCoord>
<yCoord>308</yCoord>
</edgeMap>
<edgeMap>
<xCoord>404</xCoord>
<yCoord>309</yCoord>
</edgeMap>
<edgeMap>
<xCoord>405</xCoord>
<yCoord>310</yCoord>
</edgeMap>
<edgeMap>
<xCoord>406</xCoord>
<yCoord>311</yCoord>
</edgeMap>
<edgeMap>
<xCoord>407</xCoord>
<yCoord>312</yCoord>
</edgeMap>
<edgeMap>
<xCoord>408</xCoord>
<yCoord>313</yCoord>
</edgeMap>
<edgeMap>
<xCoord>409</xCoord>
<yCoord>313</yCoord>
</edgeMap>
</roi>
<roi>
<imageZposition>1463.5</imageZposition>
<imageSOP_UID>1.3.6.1.4.1.14519.5.2.1.6279.6001.160022025466083074907934189349</imageSOP_UID>
<inclusion>TRUE</inclusion>
<edgeMap>
<xCoord>409</xCoord>
<yCoord>313</yCoord>
</edgeMap>
<edgeMap>
<xCoord>410</xCoord>
<yCoord>312</yCoord>
</edgeMap>
<edgeMap>
<xCoord>411</xCoord>
<yCoord>311</yCoord>
</edgeMap>
<edgeMap>
<xCoord>412</xCoord>
<yCoord>310</yCoord>
</edgeMap>
<edgeMap>
<xCoord>413</xCoord>
<yCoord>309</yCoord>
</edgeMap>
<edgeMap>
<xCoord>413</xCoord>
<yCoord>308</yCoord>
</edgeMap>
<edgeMap>
<xCoord>414</xCoord>
<yCoord>307</yCoord>
</edgeMap>
<edgeMap>
<xCoord>415</xCoord>
<yCoord>306</yCoord>
</edgeMap>
<edgeMap>
<xCoord>416</xCoord>
<yCoord>305</yCoord>
</edgeMap>
<edgeMap>
<xCoord>417</xCoord>
<yCoord>304</yCoord>
</edgeMap>
<edgeMap>
<xCoord>418</xCoord>
<yCoord>303</yCoord>
</edgeMap>
<edgeMap>
<xCoord>419</xCoord>
<yCoord>302</yCoord>
</edgeMap>
<edgeMap>
<xCoord>419</xCoord>
<yCoord>301</yCoord>
</edgeMap>
<edgeMap>
<xCoord>419</xCoord>
<yCoord>300</yCoord>
</edgeMap>
<edgeMap>
<xCoord>419</xCoord>
<yCoord>299</yCoord>
</edgeMap>
<edgeMap>
<xCoord>418</xCoord>
<yCoord>298</yCoord>
</edgeMap>
<edgeMap>
<xCoord>418</xCoord>
<yCoord>297</yCoord>
</edgeMap>
<edgeMap>
<xCoord>417</xCoord>
<yCoord>296</yCoord>
</edgeMap>
<edgeMap>
<xCoord>417</xCoord>
<yCoord>295</yCoord>
</edgeMap>
<edgeMap>
<xCoord>416</xCoord>
<yCoord>294</yCoord>
</edgeMap>
<edgeMap>
<xCoord>415</xCoord>
<yCoord>293</yCoord>
</edgeMap>
<edgeMap>
<xCoord>414</xCoord>
<yCoord>292</yCoord>
</edgeMap>
<edgeMap>
<xCoord>413</xCoord>
<yCoord>291</yCoord>
</edgeMap>
<edgeMap>
<xCoord>412</xCoord>
<yCoord>290</yCoord>
</edgeMap>
<edgeMap>
<xCoord>411</xCoord>
<yCoord>290</yCoord>
</edgeMap>
<edgeMap>
<xCoord>410</xCoord>
<yCoord>290</yCoord>
</edgeMap>
<edgeMap>
<xCoord>409</xCoord>
<yCoord>290</yCoord>
</edgeMap>
<edgeMap>
<xCoord>408</xCoord>
<yCoord>290</yCoord>
</edgeMap>
<edgeMap>
<xCoord>407</xCoord>
<yCoord>291</yCoord>
</edgeMap>
<edgeMap>
<xCoord>406</xCoord>
<yCoord>292</yCoord>
</edgeMap>
<edgeMap>
<xCoord>405</xCoord>
<yCoord>293</yCoord>
</edgeMap>
<edgeMap>
<xCoord>404</xCoord>
<yCoord>294</yCoord>
</edgeMap>
<edgeMap>
<xCoord>403</xCoord>
<yCoord>295</yCoord>
</edgeMap>
<edgeMap>
<xCoord>402</xCoord>
<yCoord>296</yCoord>
</edgeMap>
<edgeMap>
<xCoord>402</xCoord>
<yCoord>297</yCoord>
</edgeMap>
<edgeMap>
<xCoord>402</xCoord>
<yCoord>298</yCoord>
</edgeMap>
<edgeMap>
<xCoord>402</xCoord>
<yCoord>299</yCoord>
</edgeMap>
<edgeMap>
<xCoord>401</xCoord>
<yCoord>300</yCoord>
</edgeMap>
<edgeMap>
<xCoord>400</xCoord>
<yCoord>301</yCoord>
</edgeMap>
<edgeMap>
<xCoord>399</xCoord>
<yCoord>302</yCoord>
</edgeMap>
<edgeMap>
<xCoord>398</xCoord>
<yCoord>303</yCoord>
</edgeMap>
<edgeMap>
<xCoord>397</xCoord>
<yCoord>304</yCoord>
</edgeMap>
<edgeMap>
<xCoord>397</xCoord>
<yCoord>305</yCoord>
</edgeMap>
<edgeMap>
<xCoord>398</xCoord>
<yCoord>306</yCoord>
</edgeMap>
<edgeMap>
<xCoord>399</xCoord>
<yCoord>307</yCoord>
</edgeMap>
<edgeMap>
<xCoord>400</xCoord>
<yCoord>308</yCoord>
</edgeMap>
<edgeMap>
<xCoord>401</xCoord>
<yCoord>309</yCoord>
</edgeMap>
<edgeMap>
<xCoord>402</xCoord>
<yCoord>310</yCoord>
</edgeMap>
<edgeMap>
<xCoord>403</xCoord>
<yCoord>310</yCoord>
</edgeMap>
<edgeMap>
<xCoord>404</xCoord>
<yCoord>311</yCoord>
</edgeMap>
<edgeMap>
<xCoord>405</xCoord>
<yCoord>312</yCoord>
</edgeMap>
<edgeMap>
<xCoord>406</xCoord>
<yCoord>313</yCoord>
</edgeMap>
<edgeMap>
<xCoord>407</xCoord>
<yCoord>313</yCoord>
</edgeMap>
<edgeMap>
<xCoord>408</xCoord>
<yCoord>313</yCoord>
</edgeMap>
<edgeMap>
<xCoord>409</xCoord>
<yCoord>313</yCoord>
</edgeMap>
</roi>
<roi>
<imageZposition>1460.5</imageZposition>
<imageSOP_UID>1.3.6.1.4.1.14519.5.2.1.6279.6001.316390964698488052479996092561</imageSOP_UID>
<inclusion>TRUE</inclusion>
<edgeMap>
<xCoord>404</xCoord>
<yCoord>311</yCoord>
</edgeMap>
<edgeMap>
<xCoord>405</xCoord>
<yCoord>310</yCoord>
</edgeMap>
<edgeMap>
<xCoord>406</xCoord>
<yCoord>309</yCoord>
</edgeMap>
<edgeMap>
<xCoord>407</xCoord>
<yCoord>308</yCoord>
</edgeMap>
<edgeMap>
<xCoord>408</xCoord>
<yCoord>308</yCoord>
</edgeMap>
<edgeMap>
<xCoord>409</xCoord>
<yCoord>308</yCoord>
</edgeMap>
<edgeMap>
<xCoord>410</xCoord>
<yCoord>308</yCoord>
</edgeMap>
<edgeMap>
<xCoord>411</xCoord>
<yCoord>308</yCoord>
</edgeMap>
<edgeMap>
<xCoord>412</xCoord>
<yCoord>308</yCoord>
</edgeMap>
<edgeMap>
<xCoord>413</xCoord>
<yCoord>307</yCoord>
</edgeMap>
<edgeMap>
<xCoord>414</xCoord>
<yCoord>307</yCoord>
</edgeMap>
<edgeMap>
<xCoord>415</xCoord>
<yCoord>307</yCoord>
</edgeMap>
<edgeMap>
<xCoord>416</xCoord>
<yCoord>306</yCoord>
</edgeMap>
<edgeMap>
<xCoord>417</xCoord>
<yCoord>305</yCoord>
</edgeMap>
<edgeMap>
<xCoord>418</xCoord>
<yCoord>304</yCoord>
</edgeMap>
<edgeMap>
<xCoord>418</xCoord>
<yCoord>303</yCoord>
</edgeMap>
<edgeMap>
<xCoord>418</xCoord>
<yCoord>302</yCoord>
</edgeMap>
<edgeMap>
<xCoord>419</xCoord>
<yCoord>301</yCoord>
</edgeMap>
<edgeMap>
<xCoord>419</xCoord>
<yCoord>300</yCoord>
</edgeMap>
<edgeMap>
<xCoord>420</xCoord>
<yCoord>299</yCoord>
</edgeMap>
<edgeMap>
<xCoord>419</xCoord>
<yCoord>298</yCoord>
</edgeMap>
<edgeMap>
<xCoord>418</xCoord>
<yCoord>297</yCoord>
</edgeMap>
<edgeMap>
<xCoord>417</xCoord>
<yCoord>296</yCoord>
</edgeMap>
<edgeMap>
<xCoord>416</xCoord>
<yCoord>295</yCoord>
</edgeMap>
<edgeMap>
<xCoord>415</xCoord>
<yCoord>294</yCoord>
</edgeMap>
<edgeMap>
<xCoord>414</xCoord>
<yCoord>293</yCoord>
</edgeMap>
<edgeMap>
<xCoord>413</xCoord>
<yCoord>292</yCoord>
</edgeMap>
<edgeMap>
<xCoord>412</xCoord>
<yCoord>291</yCoord>
</edgeMap>
<edgeMap>
<xCoord>411</xCoord>
<yCoord>290</yCoord>
</edgeMap>
<edgeMap>
<xCoord>410</xCoord>
<yCoord>290</yCoord>
</edgeMap>
<edgeMap>
<xCoord>409</xCoord>
<yCoord>291</yCoord>
</edgeMap>
<edgeMap>
<xCoord>408</xCoord>
<yCoord>292</yCoord>
</edgeMap>
<edgeMap>
<xCoord>407</xCoord>
<yCoord>293</yCoord>
</edgeMap>
<edgeMap>
<xCoord>406</xCoord>
<yCoord>293</yCoord>
</edgeMap>
<edgeMap>
<xCoord>405</xCoord>
<yCoord>294</yCoord>
</edgeMap>
<edgeMap>
<xCoord>404</xCoord>
<yCoord>295</yCoord>
</edgeMap>
<edgeMap>
<xCoord>403</xCoord>
<yCoord>296</yCoord>
</edgeMap>
<edgeMap>
<xCoord>402</xCoord>
<yCoord>297</yCoord>
</edgeMap>
<edgeMap>
<xCoord>401</xCoord>
<yCoord>298</yCoord>
</edgeMap>
<edgeMap>
<xCoord>401</xCoord>
<yCoord>299</yCoord>
</edgeMap>
<edgeMap>
<xCoord>400</xCoord>
<yCoord>300</yCoord>
</edgeMap>
<edgeMap>
<xCoord>399</xCoord>
<yCoord>301</yCoord>
</edgeMap>
<edgeMap>
<xCoord>398</xCoord>
<yCoord>302</yCoord>
</edgeMap>
<edgeMap>
<xCoord>397</xCoord>
<yCoord>303</yCoord>
</edgeMap>
<edgeMap>
<xCoord>396</xCoord>
<yCoord>304</yCoord>
</edgeMap>
<edgeMap>
<xCoord>396</xCoord>
<yCoord>305</yCoord>
</edgeMap>
<edgeMap>
<xCoord>397</xCoord>
<yCoord>306</yCoord>
</edgeMap>
<edgeMap>
<xCoord>397</xCoord>
<yCoord>307</yCoord>
</edgeMap>
<edgeMap>
<xCoord>398</xCoord>
<yCoord>308</yCoord>
</edgeMap>
<edgeMap>
<xCoord>399</xCoord>
<yCoord>309</yCoord>
</edgeMap>
<edgeMap>
<xCoord>400</xCoord>
<yCoord>310</yCoord>
</edgeMap>
<edgeMap>
<xCoord>401</xCoord>
<yCoord>311</yCoord>
</edgeMap>
<edgeMap>
<xCoord>402</xCoord>
<yCoord>311</yCoord>
</edgeMap>
<edgeMap>
<xCoord>403</xCoord>
<yCoord>311</yCoord>
</edgeMap>
<edgeMap>
<xCoord>404</xCoord>
<yCoord>311</yCoord>
</edgeMap>
</roi>
<roi>
<imageZposition>1457.5</imageZposition>
<imageSOP_UID>1.3.6.1.4.1.14519.5.2.1.6279.6001.358013547758632752168843774800</imageSOP_UID>
<inclusion>TRUE</inclusion>
<edgeMap>
<xCoord>403</xCoord>
<yCoord>306</yCoord>
</edgeMap>
<edgeMap>
<xCoord>404</xCoord>
<yCoord>305</yCoord>
</edgeMap>
<edgeMap>
<xCoord>405</xCoord>
<yCoord>304</yCoord>
</edgeMap>
<edgeMap>
<xCoord>406</xCoord>
<yCoord>303</yCoord>
</edgeMap>
<edgeMap>
<xCoord>407</xCoord>
<yCoord>303</yCoord>
</edgeMap>
<edgeMap>
<xCoord>408</xCoord>
<yCoord>303</yCoord>
</edgeMap>
<edgeMap>
<xCoord>409</xCoord>
<yCoord>303</yCoord>
</edgeMap>
<edgeMap>
<xCoord>410</xCoord>
<yCoord>303</yCoord>
</edgeMap>
<edgeMap>
<xCoord>411</xCoord>
<yCoord>303</yCoord>
</edgeMap>
<edgeMap>
<xCoord>412</xCoord>
<yCoord>303</yCoord>
</edgeMap>
<edgeMap>
<xCoord>413</xCoord>
<yCoord>303</yCoord>
</edgeMap>
<edgeMap>
<xCoord>414</xCoord>
<yCoord>303</yCoord>
</edgeMap>
<edgeMap>
<xCoord>415</xCoord>
<yCoord>303</yCoord>
</edgeMap>
<edgeMap>
<xCoord>416</xCoord>
<yCoord>303</yCoord>
</edgeMap>
<edgeMap>
<xCoord>417</xCoord>
<yCoord>302</yCoord>
</edgeMap>
<edgeMap>
<xCoord>417</xCoord>
<yCoord>301</yCoord>
</edgeMap>
<edgeMap>
<xCoord>417</xCoord>
<yCoord>300</yCoord>
</edgeMap>
<edgeMap>
<xCoord>418</xCoord>
<yCoord>299</yCoord>
</edgeMap>
<edgeMap>
<xCoord>418</xCoord>
<yCoord>298</yCoord>
</edgeMap>
<edgeMap>
<xCoord>417</xCoord>
<yCoord>297</yCoord>
</edgeMap>
<edgeMap>
<xCoord>416</xCoord>
<yCoord>297</yCoord>
</edgeMap>
<edgeMap>
<xCoord>415</xCoord>
<yCoord>297</yCoord>
</edgeMap>
<edgeMap>
<xCoord>414</xCoord>
<yCoord>297</yCoord>
</edgeMap>
<edgeMap>
<xCoord>413</xCoord>
<yCoord>297</yCoord>
</edgeMap>
<edgeMap>
<xCoord>412</xCoord>
<yCoord>297</yCoord>
</edgeMap>
<edgeMap>
<xCoord>411</xCoord>
<yCoord>297</yCoord>
</edgeMap>
<edgeMap>
<xCoord>410</xCoord>
<yCoord>297</yCoord>
</edgeMap>
<edgeMap>
<xCoord>409</xCoord>
<yCoord>297</yCoord>
</edgeMap>
<edgeMap>
<xCoord>408</xCoord>
<yCoord>297</yCoord>
</edgeMap>
<edgeMap>
<xCoord>407</xCoord>
<yCoord>298</yCoord>
</edgeMap>
<edgeMap>
<xCoord>406</xCoord>
<yCoord>298</yCoord>
</edgeMap>
<edgeMap>
<xCoord>405</xCoord>
<yCoord>297</yCoord>
</edgeMap>
<edgeMap>
<xCoord>404</xCoord>
<yCoord>297</yCoord>
</edgeMap>
<edgeMap>
<xCoord>403</xCoord>
<yCoord>297</yCoord>
</edgeMap>
<edgeMap>
<xCoord>402</xCoord>
<yCoord>298</yCoord>
</edgeMap>
<edgeMap>
<xCoord>401</xCoord>
<yCoord>299</yCoord>
</edgeMap>
<edgeMap>
<xCoord>400</xCoord>
<yCoord>300</yCoord>
</edgeMap>
<edgeMap>
<xCoord>399</xCoord>
<yCoord>300</yCoord>
</edgeMap>
<edgeMap>
<xCoord>398</xCoord>
<yCoord>301</yCoord>
</edgeMap>
<edgeMap>
<xCoord>398</xCoord>
<yCoord>302</yCoord>
</edgeMap>
<edgeMap>
<xCoord>398</xCoord>
<yCoord>303</yCoord>
</edgeMap>
<edgeMap>
<xCoord>398</xCoord>
<yCoord>304</yCoord>
</edgeMap>
<edgeMap>
<xCoord>399</xCoord>
<yCoord>305</yCoord>
</edgeMap>
<edgeMap>
<xCoord>399</xCoord>
<yCoord>306</yCoord>
</edgeMap>
<edgeMap>
<xCoord>400</xCoord>
<yCoord>306</yCoord>
</edgeMap>
<edgeMap>
<xCoord>401</xCoord>
<yCoord>306</yCoord>
</edgeMap>
<edgeMap>
<xCoord>402</xCoord>
<yCoord>306</yCoord>
</edgeMap>
<edgeMap>
<xCoord>403</xCoord>
<yCoord>306</yCoord>
</edgeMap>
</roi>
<roi>
<imageZposition>1457.5</imageZposition>
<imageSOP_UID>1.3.6.1.4.1.14519.5.2.1.6279.6001.358013547758632752168843774800</imageSOP_UID>
<inclusion>FALSE</inclusion>
<edgeMap>
<xCoord>415</xCoord>
<yCoord>302</yCoord>
</edgeMap>
<edgeMap>
<xCoord>416</xCoord>
<yCoord>301</yCoord>
</edgeMap>
<edgeMap>
<xCoord>417</xCoord>
<yCoord>302</yCoord>
</edgeMap>
<edgeMap>
<xCoord>416</xCoord>
<yCoord>303</yCoord>
</edgeMap>
<edgeMap>
<xCoord>415</xCoord>
<yCoord>302</yCoord>
</edgeMap>
</roi>
</unblindedReadNodule>
<unblindedReadNodule>
<noduleID>13324</noduleID>
<roi>
<imageZposition>1487.5</imageZposition>
<imageSOP_UID>1.3.6.1.4.1.14519.5.2.1.6279.6001.106498006174218694209838408935</imageSOP_UID>
<inclusion>TRUE</inclusion>
<edgeMap>
<xCoord>368</xCoord>
<yCoord>214</yCoord>
</edgeMap>
</roi>
</unblindedReadNodule>
<unblindedReadNodule>
<noduleID>13325</noduleID>
<roi>
<imageZposition>1457.5</imageZposition>
<imageSOP_UID>1.3.6.1.4.1.14519.5.2.1.6279.6001.358013547758632752168843774800</imageSOP_UID>
<inclusion>TRUE</inclusion>
<edgeMap>
<xCoord>88</xCoord>
<yCoord>280</yCoord>
</edgeMap>
</roi>
</unblindedReadNodule>
<unblindedReadNodule>
<noduleID>13326</noduleID>
<roi>
<imageZposition>1523.5</imageZposition>
<imageSOP_UID>1.3.6.1.4.1.14519.5.2.1.6279.6001.879095471806679316881692964015</imageSOP_UID>
<inclusion>TRUE</inclusion>
<edgeMap>
<xCoord>384</xCoord>
<yCoord>281</yCoord>
</edgeMap>
</roi>
</unblindedReadNodule>
<unblindedReadNodule>
<noduleID>13329</noduleID>
<roi>
<imageZposition>1370.5</imageZposition>
<imageSOP_UID>1.3.6.1.4.1.14519.5.2.1.6279.6001.314767913612070208695608986968</imageSOP_UID>
<inclusion>TRUE</inclusion>
<edgeMap>
<xCoord>104</xCoord>
<yCoord>370</yCoord>
</edgeMap>
</roi>
</unblindedReadNodule>
<nonNodule>
<nonNoduleID>13330</nonNoduleID>
<imageZposition>1520.5</imageZposition>
<imageSOP_UID>1.3.6.1.4.1.14519.5.2.1.6279.6001.900302745797381528726690168234</imageSOP_UID>
<locus>
<xCoord>154</xCoord>
<yCoord>355</yCoord>
</locus>
</nonNodule>
<nonNodule>
<nonNoduleID>13317</nonNoduleID>
<imageZposition>1547.5</imageZposition>
<imageSOP_UID>1.3.6.1.4.1.14519.5.2.1.6279.6001.495930828419496654713249583129</imageSOP_UID>
<locus>
<xCoord>305</xCoord>
<yCoord>318</yCoord>
</locus>
</nonNodule>
<nonNodule>
<nonNoduleID>13321</nonNoduleID>
<imageZposition>1517.5</imageZposition>
<imageSOP_UID>1.3.6.1.4.1.14519.5.2.1.6279.6001.325310006879487871318639852003</imageSOP_UID>
<locus>
<xCoord>147</xCoord>
<yCoord>359</yCoord>
</locus>
</nonNodule>
<nonNodule>
<nonNoduleID>13323</nonNoduleID>
<imageZposition>1310.5</imageZposition>
<imageSOP_UID>1.3.6.1.4.1.14519.5.2.1.6279.6001.102830745861046864425706535311</imageSOP_UID>
<locus>
<xCoord>162</xCoord>
<yCoord>365</yCoord>
</locus>
</nonNodule>
</readingSession>



	<readingSession>
		<annotationVersion>3.12</annotationVersion>
		<servicingRadiologistID>anon</servicingRadiologistID>
			<unblindedReadNodule>
				<noduleID>0</noduleID>
				<characteristics>
					<subtlety>5</subtlety>
					<internalStructure>1</internalStructure>
					<calcification>6</calcification>
					<sphericity>3</sphericity>
					<margin>2</margin>
					<lobulation>2</lobulation>
					<spiculation>1</spiculation>
					<texture>5</texture>
					<malignancy>3</malignancy>
				</characteristics>
				<roi>
					<imageZposition>1466.5</imageZposition>
					<imageSOP_UID>1.3.6.1.4.1.14519.5.2.1.6279.6001.259280283179757455028351098652</imageSOP_UID>
					<inclusion>TRUE</inclusion>
					<edgeMap>
					<xCoord>406</xCoord>
					<yCoord>307</yCoord>
					</edgeMap>
					<edgeMap>
					<xCoord>406</xCoord>
					<yCoord>308</yCoord>
					</edgeMap>
					<edgeMap>
					<xCoord>407</xCoord>
					<yCoord>309</yCoord>
					</edgeMap>
					<edgeMap>
					<xCoord>408</xCoord>
					<yCoord>310</yCoord>
					</edgeMap>
					<edgeMap>
					<xCoord>409</xCoord>
					<yCoord>311</yCoord>
					</edgeMap>
					<edgeMap>
					<xCoord>410</xCoord>
					<yCoord>311</yCoord>
					</edgeMap>
					<edgeMap>
					<xCoord>411</xCoord>
					<yCoord>311</yCoord>
					</edgeMap>
					<edgeMap>
					<xCoord>412</xCoord>
					<yCoord>310</yCoord>
					</edgeMap>
					<edgeMap>
					<xCoord>412</xCoord>
					<yCoord>309</yCoord>
					</edgeMap>
					<edgeMap>
					<xCoord>413</xCoord>
					<yCoord>308</yCoord>
					</edgeMap>
					<edgeMap>
					<xCoord>413</xCoord>
					<yCoord>307</yCoord>
					</edgeMap>
					<edgeMap>
					<xCoord>413</xCoord>
					<yCoord>306</yCoord>
					</edgeMap>
					<edgeMap>
					<xCoord>413</xCoord>
					<yCoord>305</yCoord>
					</edgeMap>
					<edgeMap>
					<xCoord>414</xCoord>
					<yCoord>304</yCoord>
					</edgeMap>
					<edgeMap>
					<xCoord>415</xCoord>
					<yCoord>304</yCoord>
					</edgeMap>
					<edgeMap>
					<xCoord>416</xCoord>
					<yCoord>303</yCoord>
					</edgeMap>
					<edgeMap>
					<xCoord>417</xCoord>
					<yCoord>302</yCoord>
					</edgeMap>
					<edgeMap>
					<xCoord>418</xCoord>
					<yCoord>301</yCoord>
					</edgeMap>
					<edgeMap>
					<xCoord>417</xCoord>
					<yCoord>300</yCoord>
					</edgeMap>
					<edgeMap>
					<xCoord>417</xCoord>
					<yCoord>299</yCoord>
					</edgeMap>
					<edgeMap>
					<xCoord>416</xCoord>
					<yCoord>298</yCoord>
					</edgeMap>
					<edgeMap>
					<xCoord>416</xCoord>
					<yCoord>297</yCoord>
					</edgeMap>
					<edgeMap>
					<xCoord>415</xCoord>
					<yCoord>296</yCoord>
					</edgeMap>
					<edgeMap>
					<xCoord>415</xCoord>
					<yCoord>295</yCoord>
					</edgeMap>
					<edgeMap>
					<xCoord>414</xCoord>
					<yCoord>295</yCoord>
					</edgeMap>
					<edgeMap>
					<xCoord>413</xCoord>
					<yCoord>295</yCoord>
					</edgeMap>
					<edgeMap>
					<xCoord>412</xCoord>
					<yCoord>294</yCoord>
					</edgeMap>
					<edgeMap>
					<xCoord>411</xCoord>
					<yCoord>294</yCoord>
					</edgeMap>
					<edgeMap>
					<xCoord>410</xCoord>
					<yCoord>295</yCoord>
					</edgeMap>
					<edgeMap>
					<xCoord>409</xCoord>
					<yCoord>295</yCoord>
					</edgeMap>
					<edgeMap>
					<xCoord>408</xCoord>
					<yCoord>296</yCoord>
					</edgeMap>
					<edgeMap>
					<xCoord>407</xCoord>
					<yCoord>296</yCoord>
					</edgeMap>
					<edgeMap>
					<xCoord>407</xCoord>
					<yCoord>297</yCoord>
					</edgeMap>
					<edgeMap>
					<xCoord>406</xCoord>
					<yCoord>298</yCoord>
					</edgeMap>
					<edgeMap>
					<xCoord>406</xCoord>
					<yCoord>299</yCoord>
					</edgeMap>
					<edgeMap>
					<xCoord>405</xCoord>
					<yCoord>300</yCoord>
					</edgeMap>
					<edgeMap>
					<xCoord>405</xCoord>
					<yCoord>301</yCoord>
					</edgeMap>
					<edgeMap>
					<xCoord>406</xCoord>
					<yCoord>302</yCoord>
					</edgeMap>
					<edgeMap>
					<xCoord>407</xCoord>
					<yCoord>302</yCoord>
					</edgeMap>
					<edgeMap>
					<xCoord>408</xCoord>
					<yCoord>303</yCoord>
					</edgeMap>
					<edgeMap>
					<xCoord>407</xCoord>
					<yCoord>304</yCoord>
					</edgeMap>
					<edgeMap>
					<xCoord>407</xCoord>
					<yCoord>305</yCoord>
					</edgeMap>
					<edgeMap>
					<xCoord>406</xCoord>
					<yCoord>306</yCoord>
					</edgeMap>
					<edgeMap>
					<xCoord>406</xCoord>
					<yCoord>307</yCoord>
					</edgeMap>
				</roi>
				<roi>
					<imageZposition>1463.5</imageZposition>
					<imageSOP_UID>1.3.6.1.4.1.14519.5.2.1.6279.6001.160022025466083074907934189349</imageSOP_UID>
					<inclusion>TRUE</inclusion>
					<edgeMap>
					<xCoord>397</xCoord>
					<yCoord>304</yCoord>
					</edgeMap>
					<edgeMap>
					<xCoord>398</xCoord>
					<yCoord>305</yCoord>
					</edgeMap>
					<edgeMap>
					<xCoord>399</xCoord>
					<yCoord>306</yCoord>
					</edgeMap>
					<edgeMap>
					<xCoord>399</xCoord>
					<yCoord>307</yCoord>
					</edgeMap>
					<edgeMap>
					<xCoord>400</xCoord>
					<yCoord>308</yCoord>
					</edgeMap>
					<edgeMap>
					<xCoord>401</xCoord>
					<yCoord>308</yCoord>
					</edgeMap>
					<edgeMap>
					<xCoord>402</xCoord>
					<yCoord>309</yCoord>
					</edgeMap>
					<edgeMap>
					<xCoord>403</xCoord>
					<yCoord>309</yCoord>
					</edgeMap>
					<edgeMap>
					<xCoord>404</xCoord>
					<yCoord>309</yCoord>
					</edgeMap>
					<edgeMap>
					<xCoord>405</xCoord>
					<yCoord>310</yCoord>
					</edgeMap>
					<edgeMap>
					<xCoord>406</xCoord>
					<yCoord>311</yCoord>
					</edgeMap>
					<edgeMap>
					<xCoord>407</xCoord>
					<yCoord>312</yCoord>
					</edgeMap>
					<edgeMap>
					<xCoord>408</xCoord>
					<yCoord>312</yCoord>
					</edgeMap>
					<edgeMap>
					<xCoord>409</xCoord>
					<yCoord>312</yCoord>
					</edgeMap>
					<edgeMap>
					<xCoord>410</xCoord>
					<yCoord>312</yCoord>
					</edgeMap>
					<edgeMap>
					<xCoord>411</xCoord>
					<yCoord>312</yCoord>
					</edgeMap>
					<edgeMap>
					<xCoord>411</xCoord>
					<yCoord>311</yCoord>
					</edgeMap>
					<edgeMap>
					<xCoord>411</xCoord>
					<yCoord>310</yCoord>
					</edgeMap>
					<edgeMap>
					<xCoord>411</xCoord>
					<yCoord>309</yCoord>
					</edgeMap>
					<edgeMap>
					<xCoord>411</xCoord>
					<yCoord>308</yCoord>
					</edgeMap>
					<edgeMap>
					<xCoord>412</xCoord>
					<yCoord>307</yCoord>
					</edgeMap>
					<edgeMap>
					<xCoord>412</xCoord>
					<yCoord>306</yCoord>
					</edgeMap>
					<edgeMap>
					<xCoord>412</xCoord>
					<yCoord>305</yCoord>
					</edgeMap>
					<edgeMap>
					<xCoord>413</xCoord>
					<yCoord>305</yCoord>
					</edgeMap>
					<edgeMap>
					<xCoord>414</xCoord>
					<yCoord>304</yCoord>
					</edgeMap>
					<edgeMap>
					<xCoord>415</xCoord>
					<yCoord>304</yCoord>
					</edgeMap>
					<edgeMap>
					<xCoord>416</xCoord>
					<yCoord>303</yCoord>
					</edgeMap>
					<edgeMap>
					<xCoord>417</xCoord>
					<yCoord>303</yCoord>
					</edgeMap>
					<edgeMap>
					<xCoord>417</xCoord>
					<yCoord>302</yCoord>
					</edgeMap>
					<edgeMap>
					<xCoord>417</xCoord>
					<yCoord>301</yCoord>
					</edgeMap>
					<edgeMap>
					<xCoord>417</xCoord>
					<yCoord>300</yCoord>
					</edgeMap>
					<edgeMap>
					<xCoord>416</xCoord>
					<yCoord>299</yCoord>
					</edgeMap>
					<edgeMap>
					<xCoord>416</xCoord>
					<yCoord>298</yCoord>
					</edgeMap>
					<edgeMap>
					<xCoord>416</xCoord>
					<yCoord>297</yCoord>
					</edgeMap>
					<edgeMap>
					<xCoord>416</xCoord>
					<yCoord>296</yCoord>
					</edgeMap>
					<edgeMap>
					<xCoord>416</xCoord>
					<yCoord>295</yCoord>
					</edgeMap>
					<edgeMap>
					<xCoord>415</xCoord>
					<yCoord>294</yCoord>
					</edgeMap>
					<edgeMap>
					<xCoord>414</xCoord>
					<yCoord>293</yCoord>
					</edgeMap>
					<edgeMap>
					<xCoord>413</xCoord>
					<yCoord>292</yCoord>
					</edgeMap>
					<edgeMap>
					<xCoord>412</xCoord>
					<yCoord>292</yCoord>
					</edgeMap>
					<edgeMap>
					<xCoord>411</xCoord>
					<yCoord>291</yCoord>
					</edgeMap>
					<edgeMap>
					<xCoord>410</xCoord>
					<yCoord>291</yCoord>
					</edgeMap>
					<edgeMap>
					<xCoord>409</xCoord>
					<yCoord>291</yCoord>
					</edgeMap>
					<edgeMap>
					<xCoord>408</xCoord>
					<yCoord>291</yCoord>
					</edgeMap>
					<edgeMap>
					<xCoord>407</xCoord>
					<yCoord>292</yCoord>
					</edgeMap>
					<edgeMap>
					<xCoord>406</xCoord>
					<yCoord>293</yCoord>
					</edgeMap>
					<edgeMap>
					<xCoord>406</xCoord>
					<yCoord>294</yCoord>
					</edgeMap>
					<edgeMap>
					<xCoord>405</xCoord>
					<yCoord>295</yCoord>
					</edgeMap>
					<edgeMap>
					<xCoord>404</xCoord>
					<yCoord>296</yCoord>
					</edgeMap>
					<edgeMap>
					<xCoord>403</xCoord>
					<yCoord>297</yCoord>
					</edgeMap>
					<edgeMap>
					<xCoord>402</xCoord>
					<yCoord>298</yCoord>
					</edgeMap>
					<edgeMap>
					<xCoord>401</xCoord>
					<yCoord>299</yCoord>
					</edgeMap>
					<edgeMap>
					<xCoord>401</xCoord>
					<yCoord>300</yCoord>
					</edgeMap>
					<edgeMap>
					<xCoord>400</xCoord>
					<yCoord>301</yCoord>
					</edgeMap>
					<edgeMap>
					<xCoord>399</xCoord>
					<yCoord>302</yCoord>
					</edgeMap>
					<edgeMap>
					<xCoord>398</xCoord>
					<yCoord>303</yCoord>
					</edgeMap>
					<edgeMap>
					<xCoord>397</xCoord>
					<yCoord>304</yCoord>
					</edgeMap>
				</roi>
				<roi>
					<imageZposition>1460.5</imageZposition>
					<imageSOP_UID>1.3.6.1.4.1.14519.5.2.1.6279.6001.316390964698488052479996092561</imageSOP_UID>
					<inclusion>TRUE</inclusion>
					<edgeMap>
					<xCoord>401</xCoord>
					<yCoord>310</yCoord>
					</edgeMap>
					<edgeMap>
					<xCoord>400</xCoord>
					<yCoord>309</yCoord>
					</edgeMap>
					<edgeMap>
					<xCoord>399</xCoord>
					<yCoord>308</yCoord>
					</edgeMap>
					<edgeMap>
					<xCoord>398</xCoord>
					<yCoord>307</yCoord>
					</edgeMap>
					<edgeMap>
					<xCoord>398</xCoord>
					<yCoord>306</yCoord>
					</edgeMap>
					<edgeMap>
					<xCoord>397</xCoord>
					<yCoord>305</yCoord>
					</edgeMap>
					<edgeMap>
					<xCoord>398</xCoord>
					<yCoord>304</yCoord>
					</edgeMap>
					<edgeMap>
					<xCoord>399</xCoord>
					<yCoord>303</yCoord>
					</edgeMap>
					<edgeMap>
					<xCoord>400</xCoord>
					<yCoord>302</yCoord>
					</edgeMap>
					<edgeMap>
					<xCoord>401</xCoord>
					<yCoord>301</yCoord>
					</edgeMap>
					<edgeMap>
					<xCoord>402</xCoord>
					<yCoord>300</yCoord>
					</edgeMap>
					<edgeMap>
					<xCoord>403</xCoord>
					<yCoord>299</yCoord>
					</edgeMap>
					<edgeMap>
					<xCoord>402</xCoord>
					<yCoord>298</yCoord>
					</edgeMap>
					<edgeMap>
					<xCoord>402</xCoord>
					<yCoord>297</yCoord>
					</edgeMap>
					<edgeMap>
					<xCoord>401</xCoord>
					<yCoord>296</yCoord>
					</edgeMap>
					<edgeMap>
					<xCoord>401</xCoord>
					<yCoord>295</yCoord>
					</edgeMap>
					<edgeMap>
					<xCoord>402</xCoord>
					<yCoord>295</yCoord>
					</edgeMap>
					<edgeMap>
					<xCoord>403</xCoord>
					<yCoord>295</yCoord>
					</edgeMap>
					<edgeMap>
					<xCoord>404</xCoord>
					<yCoord>294</yCoord>
					</edgeMap>
					<edgeMap>
					<xCoord>405</xCoord>
					<yCoord>294</yCoord>
					</edgeMap>
					<edgeMap>
					<xCoord>406</xCoord>
					<yCoord>293</yCoord>
					</edgeMap>
					<edgeMap>
					<xCoord>407</xCoord>
					<yCoord>293</yCoord>
					</edgeMap>
					<edgeMap>
					<xCoord>408</xCoord>
					<yCoord>292</yCoord>
					</edgeMap>
					<edgeMap>
					<xCoord>409</xCoord>
					<yCoord>291</yCoord>
					</edgeMap>
					<edgeMap>
					<xCoord>410</xCoord>
					<yCoord>290</yCoord>
					</edgeMap>
					<edgeMap>
					<xCoord>411</xCoord>
					<yCoord>290</yCoord>
					</edgeMap>
					<edgeMap>
					<xCoord>411</xCoord>
					<yCoord>291</yCoord>
					</edgeMap>
					<edgeMap>
					<xCoord>412</xCoord>
					<yCoord>292</yCoord>
					</edgeMap>
					<edgeMap>
					<xCoord>413</xCoord>
					<yCoord>293</yCoord>
					</edgeMap>
					<edgeMap>
					<xCoord>414</xCoord>
					<yCoord>294</yCoord>
					</edgeMap>
					<edgeMap>
					<xCoord>415</xCoord>
					<yCoord>295</yCoord>
					</edgeMap>
					<edgeMap>
					<xCoord>416</xCoord>
					<yCoord>296</yCoord>
					</edgeMap>
					<edgeMap>
					<xCoord>417</xCoord>
					<yCoord>297</yCoord>
					</edgeMap>
					<edgeMap>
					<xCoord>417</xCoord>
					<yCoord>298</yCoord>
					</edgeMap>
					<edgeMap>
					<xCoord>418</xCoord>
					<yCoord>299</yCoord>
					</edgeMap>
					<edgeMap>
					<xCoord>418</xCoord>
					<yCoord>300</yCoord>
					</edgeMap>
					<edgeMap>
					<xCoord>418</xCoord>
					<yCoord>301</yCoord>
					</edgeMap>
					<edgeMap>
					<xCoord>418</xCoord>
					<yCoord>302</yCoord>
					</edgeMap>
					<edgeMap>
					<xCoord>417</xCoord>
					<yCoord>303</yCoord>
					</edgeMap>
					<edgeMap>
					<xCoord>417</xCoord>
					<yCoord>304</yCoord>
					</edgeMap>
					<edgeMap>
					<xCoord>417</xCoord>
					<yCoord>305</yCoord>
					</edgeMap>
					<edgeMap>
					<xCoord>417</xCoord>
					<yCoord>306</yCoord>
					</edgeMap>
					<edgeMap>
					<xCoord>416</xCoord>
					<yCoord>306</yCoord>
					</edgeMap>
					<edgeMap>
					<xCoord>415</xCoord>
					<yCoord>306</yCoord>
					</edgeMap>
					<edgeMap>
					<xCoord>414</xCoord>
					<yCoord>307</yCoord>
					</edgeMap>
					<edgeMap>
					<xCoord>413</xCoord>
					<yCoord>307</yCoord>
					</edgeMap>
					<edgeMap>
					<xCoord>412</xCoord>
					<yCoord>307</yCoord>
					</edgeMap>
					<edgeMap>
					<xCoord>411</xCoord>
					<yCoord>307</yCoord>
					</edgeMap>
					<edgeMap>
					<xCoord>410</xCoord>
					<yCoord>307</yCoord>
					</edgeMap>
					<edgeMap>
					<xCoord>409</xCoord>
					<yCoord>307</yCoord>
					</edgeMap>
					<edgeMap>
					<xCoord>408</xCoord>
					<yCoord>307</yCoord>
					</edgeMap>
					<edgeMap>
					<xCoord>407</xCoord>
					<yCoord>306</yCoord>
					</edgeMap>
					<edgeMap>
					<xCoord>406</xCoord>
					<yCoord>306</yCoord>
					</edgeMap>
					<edgeMap>
					<xCoord>405</xCoord>
					<yCoord>306</yCoord>
					</edgeMap>
					<edgeMap>
					<xCoord>405</xCoord>
					<yCoord>307</yCoord>
					</edgeMap>
					<edgeMap>
					<xCoord>405</xCoord>
					<yCoord>308</yCoord>
					</edgeMap>
					<edgeMap>
					<xCoord>406</xCoord>
					<yCoord>309</yCoord>
					</edgeMap>
					<edgeMap>
					<xCoord>406</xCoord>
					<yCoord>310</yCoord>
					</edgeMap>
					<edgeMap>
					<xCoord>406</xCoord>
					<yCoord>311</yCoord>
					</edgeMap>
					<edgeMap>
					<xCoord>406</xCoord>
					<yCoord>312</yCoord>
					</edgeMap>
					<edgeMap>
					<xCoord>405</xCoord>
					<yCoord>312</yCoord>
					</edgeMap>
					<edgeMap>
					<xCoord>404</xCoord>
					<yCoord>311</yCoord>
					</edgeMap>
					<edgeMap>
					<xCoord>403</xCoord>
					<yCoord>311</yCoord>
					</edgeMap>
					<edgeMap>
					<xCoord>402</xCoord>
					<yCoord>311</yCoord>
					</edgeMap>
					<edgeMap>
					<xCoord>401</xCoord>
					<yCoord>311</yCoord>
					</edgeMap>
					<edgeMap>
					<xCoord>401</xCoord>
					<yCoord>310</yCoord>
					</edgeMap>
				</roi>
				<roi>
					<imageZposition>1457.5</imageZposition>
					<imageSOP_UID>1.3.6.1.4.1.14519.5.2.1.6279.6001.358013547758632752168843774800</imageSOP_UID>
					<inclusion>TRUE</inclusion>
					<edgeMap>
					<xCoord>400</xCoord>
					<yCoord>309</yCoord>
					</edgeMap>
					<edgeMap>
					<xCoord>401</xCoord>
					<yCoord>308</yCoord>
					</edgeMap>
					<edgeMap>
					<xCoord>402</xCoord>
					<yCoord>307</yCoord>
					</edgeMap>
					<edgeMap>
					<xCoord>403</xCoord>
					<yCoord>306</yCoord>
					</edgeMap>
					<edgeMap>
					<xCoord>404</xCoord>
					<yCoord>305</yCoord>
					</edgeMap>
					<edgeMap>
					<xCoord>405</xCoord>
					<yCoord>305</yCoord>
					</edgeMap>
					<edgeMap>
					<xCoord>406</xCoord>
					<yCoord>305</yCoord>
					</edgeMap>
					<edgeMap>
					<xCoord>407</xCoord>
					<yCoord>306</yCoord>
					</edgeMap>
					<edgeMap>
					<xCoord>408</xCoord>
					<yCoord>306</yCoord>
					</edgeMap>
					<edgeMap>
					<xCoord>409</xCoord>
					<yCoord>306</yCoord>
					</edgeMap>
					<edgeMap>
					<xCoord>410</xCoord>
					<yCoord>307</yCoord>
					</edgeMap>
					<edgeMap>
					<xCoord>411</xCoord>
					<yCoord>306</yCoord>
					</edgeMap>
					<edgeMap>
					<xCoord>412</xCoord>
					<yCoord>306</yCoord>
					</edgeMap>
					<edgeMap>
					<xCoord>413</xCoord>
					<yCoord>306</yCoord>
					</edgeMap>
					<edgeMap>
					<xCoord>414</xCoord>
					<yCoord>306</yCoord>
					</edgeMap>
					<edgeMap>
					<xCoord>415</xCoord>
					<yCoord>305</yCoord>
					</edgeMap>
					<edgeMap>
					<xCoord>416</xCoord>
					<yCoord>305</yCoord>
					</edgeMap>
					<edgeMap>
					<xCoord>417</xCoord>
					<yCoord>305</yCoord>
					</edgeMap>
					<edgeMap>
					<xCoord>418</xCoord>
					<yCoord>304</yCoord>
					</edgeMap>
					<edgeMap>
					<xCoord>418</xCoord>
					<yCoord>303</yCoord>
					</edgeMap>
					<edgeMap>
					<xCoord>418</xCoord>
					<yCoord>302</yCoord>
					</edgeMap>
					<edgeMap>
					<xCoord>418</xCoord>
					<yCoord>301</yCoord>
					</edgeMap>
					<edgeMap>
					<xCoord>418</xCoord>
					<yCoord>300</yCoord>
					</edgeMap>
					<edgeMap>
					<xCoord>418</xCoord>
					<yCoord>299</yCoord>
					</edgeMap>
					<edgeMap>
					<xCoord>418</xCoord>
					<yCoord>298</yCoord>
					</edgeMap>
					<edgeMap>
					<xCoord>417</xCoord>
					<yCoord>297</yCoord>
					</edgeMap>
					<edgeMap>
					<xCoord>417</xCoord>
					<yCoord>296</yCoord>
					</edgeMap>
					<edgeMap>
					<xCoord>417</xCoord>
					<yCoord>295</yCoord>
					</edgeMap>
					<edgeMap>
					<xCoord>416</xCoord>
					<yCoord>295</yCoord>
					</edgeMap>
					<edgeMap>
					<xCoord>415</xCoord>
					<yCoord>295</yCoord>
					</edgeMap>
					<edgeMap>
					<xCoord>414</xCoord>
					<yCoord>295</yCoord>
					</edgeMap>
					<edgeMap>
					<xCoord>413</xCoord>
					<yCoord>295</yCoord>
					</edgeMap>
					<edgeMap>
					<xCoord>412</xCoord>
					<yCoord>295</yCoord>
					</edgeMap>
					<edgeMap>
					<xCoord>411</xCoord>
					<yCoord>295</yCoord>
					</edgeMap>
					<edgeMap>
					<xCoord>410</xCoord>
					<yCoord>295</yCoord>
					</edgeMap>
					<edgeMap>
					<xCoord>409</xCoord>
					<yCoord>295</yCoord>
					</edgeMap>
					<edgeMap>
					<xCoord>408</xCoord>
					<yCoord>296</yCoord>
					</edgeMap>
					<edgeMap>
					<xCoord>408</xCoord>
					<yCoord>297</yCoord>
					</edgeMap>
					<edgeMap>
					<xCoord>407</xCoord>
					<yCoord>298</yCoord>
					</edgeMap>
					<edgeMap>
					<xCoord>406</xCoord>
					<yCoord>299</yCoord>
					</edgeMap>
					<edgeMap>
					<xCoord>405</xCoord>
					<yCoord>299</yCoord>
					</edgeMap>
					<edgeMap>
					<xCoord>404</xCoord>
					<yCoord>299</yCoord>
					</edgeMap>
					<edgeMap>
					<xCoord>403</xCoord>
					<yCoord>299</yCoord>
					</edgeMap>
					<edgeMap>
					<xCoord>402</xCoord>
					<yCoord>298</yCoord>
					</edgeMap>
					<edgeMap>
					<xCoord>401</xCoord>
					<yCoord>298</yCoord>
					</edgeMap>
					<edgeMap>
					<xCoord>400</xCoord>
					<yCoord>298</yCoord>
					</edgeMap>
					<edgeMap>
					<xCoord>399</xCoord>
					<yCoord>298</yCoord>
					</edgeMap>
					<edgeMap>
					<xCoord>398</xCoord>
					<yCoord>299</yCoord>
					</edgeMap>
					<edgeMap>
					<xCoord>397</xCoord>
					<yCoord>299</yCoord>
					</edgeMap>
					<edgeMap>
					<xCoord>396</xCoord>
					<yCoord>300</yCoord>
					</edgeMap>
					<edgeMap>
					<xCoord>395</xCoord>
					<yCoord>300</yCoord>
					</edgeMap>
					<edgeMap>
					<xCoord>395</xCoord>
					<yCoord>301</yCoord>
					</edgeMap>
					<edgeMap>
					<xCoord>396</xCoord>
					<yCoord>302</yCoord>
					</edgeMap>
					<edgeMap>
					<xCoord>397</xCoord>
					<yCoord>303</yCoord>
					</edgeMap>
					<edgeMap>
					<xCoord>397</xCoord>
					<yCoord>304</yCoord>
					</edgeMap>
					<edgeMap>
					<xCoord>398</xCoord>
					<yCoord>305</yCoord>
					</edgeMap>
					<edgeMap>
					<xCoord>399</xCoord>
					<yCoord>306</yCoord>
					</edgeMap>
					<edgeMap>
					<xCoord>399</xCoord>
					<yCoord>307</yCoord>
					</edgeMap>
					<edgeMap>
					<xCoord>400</xCoord>
					<yCoord>308</yCoord>
					</edgeMap>
					<edgeMap>
					<xCoord>400</xCoord>
					<yCoord>309</yCoord>
					</edgeMap>
				</roi>
			</unblindedReadNodule>
			<unblindedReadNodule>
				<noduleID>1</noduleID>
				<roi>
					<imageZposition>1370.5</imageZposition>
					<imageSOP_UID>1.3.6.1.4.1.14519.5.2.1.6279.6001.314767913612070208695608986968</imageSOP_UID>
					<inclusion>TRUE</inclusion>
					<edgeMap>
					<xCoord>105</xCoord>
					<yCoord>370</yCoord>
					</edgeMap>
				</roi>
			</unblindedReadNodule>
			<unblindedReadNodule>
				<noduleID>4</noduleID>
				<roi>
					<imageZposition>1484.5</imageZposition>
					<imageSOP_UID>1.3.6.1.4.1.14519.5.2.1.6279.6001.336713293642236893635993765084</imageSOP_UID>
					<inclusion>TRUE</inclusion>
					<edgeMap>
					<xCoord>367</xCoord>
					<yCoord>214</yCoord>
					</edgeMap>
				</roi>
			</unblindedReadNodule>
			<unblindedReadNodule>
				<noduleID>5</noduleID>
				<roi>
					<imageZposition>1457.5</imageZposition>
					<imageSOP_UID>1.3.6.1.4.1.14519.5.2.1.6279.6001.358013547758632752168843774800</imageSOP_UID>
					<inclusion>TRUE</inclusion>
					<edgeMap>
					<xCoord>89</xCoord>
					<yCoord>280</yCoord>
					</edgeMap>
				</roi>
			</unblindedReadNodule>
			<unblindedReadNodule>
				<noduleID>6</noduleID>
				<roi>
					<imageZposition>1523.5</imageZposition>
					<imageSOP_UID>1.3.6.1.4.1.14519.5.2.1.6279.6001.879095471806679316881692964015</imageSOP_UID>
					<inclusion>TRUE</inclusion>
					<edgeMap>
					<xCoord>384</xCoord>
					<yCoord>281</yCoord>
					</edgeMap>
				</roi>
			</unblindedReadNodule>
			<unblindedReadNodule>
				<noduleID>7</noduleID>
				<roi>
					<imageZposition>1370.5</imageZposition>
					<imageSOP_UID>1.3.6.1.4.1.14519.5.2.1.6279.6001.314767913612070208695608986968</imageSOP_UID>
					<inclusion>TRUE</inclusion>
					<edgeMap>
					<xCoord>424</xCoord>
					<yCoord>350</yCoord>
					</edgeMap>
				</roi>
			</unblindedReadNodule>
			<unblindedReadNodule>
				<noduleID>8</noduleID>
				<roi>
					<imageZposition>1517.5</imageZposition>
					<imageSOP_UID>1.3.6.1.4.1.14519.5.2.1.6279.6001.325310006879487871318639852003</imageSOP_UID>
					<inclusion>TRUE</inclusion>
					<edgeMap>
					<xCoord>398</xCoord>
					<yCoord>287</yCoord>
					</edgeMap>
				</roi>
			</unblindedReadNodule>
			<nonNodule>
				<nonNoduleID>2</nonNoduleID>
				<imageZposition>1547.5</imageZposition>
				<imageSOP_UID>1.3.6.1.4.1.14519.5.2.1.6279.6001.495930828419496654713249583129</imageSOP_UID>
				<locus>
					<xCoord>304</xCoord>
					<yCoord>318</yCoord>
				</locus>
			</nonNodule>
			<nonNodule>
				<nonNoduleID>3</nonNoduleID>
				<imageZposition>1520.5</imageZposition>
				<imageSOP_UID>1.3.6.1.4.1.14519.5.2.1.6279.6001.900302745797381528726690168234</imageSOP_UID>
				<locus>
					<xCoord>149</xCoord>
					<yCoord>359</yCoord>
				</locus>
			</nonNodule>
	</readingSession>


</LidcReadMessage>