<?xml version="1.0" encoding="UTF-8"?>
<LidcReadMessage uid="1.3.6.1.4.1.14519.5.2.1.6279.6001.1307390690397.0" xmlns="http://www.nih.gov" xmlns:xsi="http://www.w3.org/2001/XMLSchema-instance" xsi:schemaLocation="http://www.nih.gov  http://troll.rad.med.umich.edu/lidc/LidcReadMessage.xsd">
<ResponseHeader>
<Version>1.8.1</Version>
<MessageId>-1307222651</MessageId>
<DateRequest>2008-05-30</DateRequest>
<TimeRequest>12:06:10</TimeRequest>
<RequestingSite>removed</RequestingSite>
<ServicingSite>removed</ServicingSite>
<TaskDescription>Second unblinded read</TaskDescription>
<CtImageFile>removed</CtImageFile>
<SeriesInstanceUid>1.3.6.1.4.1.14519.5.2.1.6279.6001.436403998650924660479049012235</SeriesInstanceUid>
<DateService>2009-06-05</DateService>
<TimeService>12:19:31</TimeService>
<ResponseDescription>1 - Reading complete</ResponseDescription>
<StudyInstanceUID>1.3.6.1.4.1.14519.5.2.1.6279.6001.229037285595999197108233114060</StudyInstanceUID></ResponseHeader>
<readingSession>
    <annotationVersion>3.12</annotationVersion>
    <servicingRadiologistID>508916691</servicingRadiologistID>
    <unblindedReadNodule>
      <noduleID>Nodule 001</noduleID>
      <roi>
        <imageZposition>-178.000000 </imageZposition>
        <imageSOP_UID>1.3.6.1.4.1.14519.5.2.1.6279.6001.238929979025895202323129450663</imageSOP_UID>
        <inclusion>TRUE</inclusion>
        <edgeMap>
          <xCoord>413</xCoord>
          <yCoord>312</yCoord>
        </edgeMap>
      </roi>
    </unblindedReadNodule>
    <unblindedReadNodule>
      <noduleID>Nodule 002</noduleID>
      <roi>
        <imageZposition>-153.000000 </imageZposition>
        <imageSOP_UID>1.3.6.1.4.1.14519.5.2.1.6279.6001.755590444144218463725605746363</imageSOP_UID>
        <inclusion>TRUE</inclusion>
        <edgeMap>
          <xCoord>107</xCoord>
          <yCoord>192</yCoord>
        </edgeMap>
      </roi>
    </unblindedReadNodule>
    <unblindedReadNodule>
      <noduleID>Nodule 003</noduleID>
      <roi>
        <imageZposition>-215.500000 </imageZposition>
        <imageSOP_UID>1.3.6.1.4.1.14519.5.2.1.6279.6001.288148264013835859254921122680</imageSOP_UID>
        <inclusion>TRUE</inclusion>
        <edgeMap>
          <xCoord>420</xCoord>
          <yCoord>299</yCoord>
        </edgeMap>
      </roi>
    </unblindedReadNodule>
    <nonNodule>
      <nonNoduleID>_Non-nodule 001</nonNoduleID>
      <imageZposition>-70.500000</imageZposition>
      <imageSOP_UID>1.3.6.1.4.1.14519.5.2.1.6279.6001.283241888124348218240792230510</imageSOP_UID>
      <locus>
        <xCoord>386</xCoord>
        <yCoord>246</yCoord>
      </locus>
    </nonNodule>
    <nonNodule>
      <nonNoduleID>_Non-nodule 002</nonNoduleID>
      <imageZposition>-175.500000 </imageZposition>
      <imageSOP_UID>1.3.6.1.4.1.14519.5.2.1.6279.6001.736961358438718088052250378157</imageSOP_UID>
      <locus>
        <xCoord>421</xCoord>
        <yCoord>224</yCoord>
      </locus>
    </nonNodule>
  </readingSession>
<readingSession>
    <annotationVersion>3.12</annotationVersion>
    <servicingRadiologistID>-237113070</servicingRadiologistID>
    <unblindedReadNodule>
      <noduleID>IL057_160175</noduleID>
      <characteristics>
        <subtlety>2</subtlety>
        <internalStructure>1</internalStructure>
        <calcification>6</calcification>
        <sphericity>3</sphericity>
        <margin>3</margin>
        <lobulation>2</lobulation>
        <spiculation>2</spiculation>
        <texture>5</texture>
        <malignancy>3</malignancy>
      </characteristics>
      <roi>
        <imageZposition>-178.0</imageZposition>
        <imageSOP_UID>1.3.6.1.4.1.14519.5.2.1.6279.6001.238929979025895202323129450663</imageSOP_UID>
        <inclusion>TRUE</inclusion>
        <edgeMap>
          <xCoord>412</xCoord>
          <yCoord>316</yCoord>
        </edgeMap>
        <edgeMap>
          <xCoord>413</xCoord>
          <yCoord>315</yCoord>
        </edgeMap>
        <edgeMap>
          <xCoord>414</xCoord>
          <yCoord>315</yCoord>
        </edgeMap>
        <edgeMap>
          <xCoord>415</xCoord>
          <yCoord>315</yCoord>
        </edgeMap>
        <edgeMap>
          <xCoord>416</xCoord>
          <yCoord>314</yCoord>
        </edgeMap>
        <edgeMap>
          <xCoord>417</xCoord>
          <yCoord>313</yCoord>
        </edgeMap>
        <edgeMap>
          <xCoord>417</xCoord>
          <yCoord>312</yCoord>
        </edgeMap>
        <edgeMap>
          <xCoord>417</xCoord>
          <yCoord>311</yCoord>
        </edgeMap>
        <edgeMap>
          <xCoord>417</xCoord>
          <yCoord>310</yCoord>
        </edgeMap>
        <edgeMap>
          <xCoord>417</xCoord>
          <yCoord>309</yCoord>
        </edgeMap>
        <edgeMap>
          <xCoord>417</xCoord>
          <yCoord>308</yCoord>
        </edgeMap>
        <edgeMap>
          <xCoord>416</xCoord>
          <yCoord>307</yCoord>
        </edgeMap>
        <edgeMap>
          <xCoord>415</xCoord>
          <yCoord>306</yCoord>
        </edgeMap>
        <edgeMap>
          <xCoord>414</xCoord>
          <yCoord>307</yCoord>
        </edgeMap>
        <edgeMap>
          <xCoord>413</xCoord>
          <yCoord>307</yCoord>
        </edgeMap>
        <edgeMap>
          <xCoord>412</xCoord>
          <yCoord>307</yCoord>
        </edgeMap>
        <edgeMap>
          <xCoord>411</xCoord>
          <yCoord>307</yCoord>
        </edgeMap>
        <edgeMap>
          <xCoord>410</xCoord>
          <yCoord>308</yCoord>
        </edgeMap>
        <edgeMap>
          <xCoord>409</xCoord>
          <yCoord>309</yCoord>
        </edgeMap>
        <edgeMap>
          <xCoord>409</xCoord>
          <yCoord>310</yCoord>
        </edgeMap>
        <edgeMap>
          <xCoord>409</xCoord>
          <yCoord>311</yCoord>
        </edgeMap>
        <edgeMap>
          <xCoord>409</xCoord>
          <yCoord>312</yCoord>
        </edgeMap>
        <edgeMap>
          <xCoord>409</xCoord>
          <yCoord>313</yCoord>
        </edgeMap>
        <edgeMap>
          <xCoord>410</xCoord>
          <yCoord>314</yCoord>
        </edgeMap>
        <edgeMap>
          <xCoord>411</xCoord>
          <yCoord>315</yCoord>
        </edgeMap>
        <edgeMap>
          <xCoord>412</xCoord>
          <yCoord>316</yCoord>
        </edgeMap>
      </roi>
    </unblindedReadNodule>
  </readingSession>
<readingSession>
<annotationVersion>3.12</annotationVersion>
<servicingRadiologistID>1543195067</servicingRadiologistID>
<unblindedReadNodule>
<noduleID>MI014_20086</noduleID>
<roi>
<imageZposition>-90.5</imageZposition>
<imageSOP_UID>1.3.6.1.4.1.14519.5.2.1.6279.6001.262897135743875376360181685917</imageSOP_UID>
<inclusion>TRUE</inclusion>
<edgeMap>
<xCoord>185</xCoord>
<yCoord>367</yCoord>
</edgeMap>
</roi>
</unblindedReadNodule>
<unblindedReadNodule>
<noduleID>MI014_20087</noduleID>
<roi>
<imageZposition>-28.0</imageZposition>
<imageSOP_UID>1.3.6.1.4.1.14519.5.2.1.6279.6001.236536383729116042613150944495</imageSOP_UID>
<inclusion>TRUE</inclusion>
<edgeMap>
<xCoord>323</xCoord>
<yCoord>363</yCoord>
</edgeMap>
</roi>
</unblindedReadNodule>
<unblindedReadNodule>
<noduleID>MI014_20088</noduleID>
<roi>
<imageZposition>-215.5</imageZposition>
<imageSOP_UID>1.3.6.1.4.1.14519.5.2.1.6279.6001.288148264013835859254921122680</imageSOP_UID>
<inclusion>TRUE</inclusion>
<edgeMap>
<xCoord>420</xCoord>
<yCoord>299</yCoord>
</edgeMap>
</roi>
</unblindedReadNodule>
<unblindedReadNodule>
<noduleID>MI014_20089</noduleID>
<roi>
<imageZposition>-73.0</imageZposition>
<imageSOP_UID>1.3.6.1.4.1.14519.5.2.1.6279.6001.183605626494084446930016378662</imageSOP_UID>
<inclusion>TRUE</inclusion>
<edgeMap>
<xCoord>338</xCoord>
<yCoord>343</yCoord>
</edgeMap>
</roi>
</unblindedReadNodule>
<unblindedReadNodule>
<noduleID>MI014_20092</noduleID>
<characteristics>
<subtlety>5</subtlety>
<internalStructure>1</internalStructure>
<calcification>6</calcification>
<sphericity>4</sphericity>
<margin>1</margin>
<lobulation>1</lobulation>
<spiculation>1</spiculation>
<texture>3</texture>
<malignancy>2</malignancy>
</characteristics>
<roi>
<imageZposition>-175.5</imageZposition>
<imageSOP_UID>1.3.6.1.4.1.14519.5.2.1.6279.6001.736961358438718088052250378157</imageSOP_UID>
<inclusion>TRUE</inclusion>
<edgeMap>
<xCoord>414</xCoord>
<yCoord>312</yCoord>
</edgeMap>
<edgeMap>
<xCoord>414</xCoord>
<yCoord>311</yCoord>
</edgeMap>
<edgeMap>
<xCoord>414</xCoord>
<yCoord>310</yCoord>
</edgeMap>
<edgeMap>
<xCoord>413</xCoord>
<yCoord>310</yCoord>
</edgeMap>
<edgeMap>
<xCoord>412</xCoord>
<yCoord>310</yCoord>
</edgeMap>
<edgeMap>
<xCoord>411</xCoord>
<yCoord>310</yCoord>
</edgeMap>
<edgeMap>
<xCoord>410</xCoord>
<yCoord>311</yCoord>
</edgeMap>
<edgeMap>
<xCoord>411</xCoord>
<yCoord>312</yCoord>
</edgeMap>
<edgeMap>
<xCoord>412</xCoord>
<yCoord>312</yCoord>
</edgeMap>
<edgeMap>
<xCoord>413</xCoord>
<yCoord>312</yCoord>
</edgeMap>
<edgeMap>
<xCoord>414</xCoord>
<yCoord>312</yCoord>
</edgeMap>
</roi>
<roi>
<imageZposition>-178.0</imageZposition>
<imageSOP_UID>1.3.6.1.4.1.14519.5.2.1.6279.6001.238929979025895202323129450663</imageSOP_UID>
<inclusion>TRUE</inclusion>
<edgeMap>
<xCoord>417</xCoord>
<yCoord>316</yCoord>
</edgeMap>
<edgeMap>
<xCoord>417</xCoord>
<yCoord>315</yCoord>
</edgeMap>
<edgeMap>
<xCoord>417</xCoord>
<yCoord>314</yCoord>
</edgeMap>
<edgeMap>
<xCoord>418</xCoord>
<yCoord>313</yCoord>
</edgeMap>
<edgeMap>
<xCoord>418</xCoord>
<yCoord>312</yCoord>
</edgeMap>
<edgeMap>
<xCoord>418</xCoord>
<yCoord>311</yCoord>
</edgeMap>
<edgeMap>
<xCoord>418</xCoord>
<yCoord>310</yCoord>
</edgeMap>
<edgeMap>
<xCoord>417</xCoord>
<yCoord>309</yCoord>
</edgeMap>
<edgeMap>
<xCoord>416</xCoord>
<yCoord>308</yCoord>
</edgeMap>
<edgeMap>
<xCoord>415</xCoord>
<yCoord>307</yCoord>
</edgeMap>
<edgeMap>
<xCoord>414</xCoord>
<yCoord>307</yCoord>
</edgeMap>
<edgeMap>
<xCoord>413</xCoord>
<yCoord>307</yCoord>
</edgeMap>
<edgeMap>
<xCoord>412</xCoord>
<yCoord>307</yCoord>
</edgeMap>
<edgeMap>
<xCoord>411</xCoord>
<yCoord>308</yCoord>
</edgeMap>
<edgeMap>
<xCoord>410</xCoord>
<yCoord>308</yCoord>
</edgeMap>
<edgeMap>
<xCoord>410</xCoord>
<yCoord>309</yCoord>
</edgeMap>
<edgeMap>
<xCoord>410</xCoord>
<yCoord>310</yCoord>
</edgeMap>
<edgeMap>
<xCoord>409</xCoord>
<yCoord>311</yCoord>
</edgeMap>
<edgeMap>
<xCoord>409</xCoord>
<yCoord>312</yCoord>
</edgeMap>
<edgeMap>
<xCoord>409</xCoord>
<yCoord>313</yCoord>
</edgeMap>
<edgeMap>
<xCoord>409</xCoord>
<yCoord>314</yCoord>
</edgeMap>
<edgeMap>
<xCoord>410</xCoord>
<yCoord>315</yCoord>
</edgeMap>
<edgeMap>
<xCoord>411</xCoord>
<yCoord>316</yCoord>
</edgeMap>
<edgeMap>
<xCoord>412</xCoord>
<yCoord>316</yCoord>
</edgeMap>
<edgeMap>
<xCoord>413</xCoord>
<yCoord>316</yCoord>
</edgeMap>
<edgeMap>
<xCoord>414</xCoord>
<yCoord>316</yCoord>
</edgeMap>
<edgeMap>
<xCoord>415</xCoord>
<yCoord>316</yCoord>
</edgeMap>
<edgeMap>
<xCoord>416</xCoord>
<yCoord>316</yCoord>
</edgeMap>
<edgeMap>
<xCoord>417</xCoord>
<yCoord>316</yCoord>
</edgeMap>
</roi>
<roi>
<imageZposition>-180.5</imageZposition>
<imageSOP_UID>1.3.6.1.4.1.14519.5.2.1.6279.6001.318631364447785821561117804171</imageSOP_UID>
<inclusion>TRUE</inclusion>
<edgeMap>
<xCoord>415</xCoord>
<yCoord>314</yCoord>
</edgeMap>
<edgeMap>
<xCoord>415</xCoord>
<yCoord>313</yCoord>
</edgeMap>
<edgeMap>
<xCoord>415</xCoord>
<yCoord>312</yCoord>
</edgeMap>
<edgeMap>
<xCoord>416</xCoord>
<yCoord>311</yCoord>
</edgeMap>
<edgeMap>
<xCoord>416</xCoord>
<yCoord>310</yCoord>
</edgeMap>
<edgeMap>
<xCoord>415</xCoord>
<yCoord>310</yCoord>
</edgeMap>
<edgeMap>
<xCoord>414</xCoord>
<yCoord>310</yCoord>
</edgeMap>
<edgeMap>
<xCoord>413</xCoord>
<yCoord>310</yCoord>
</edgeMap>
<edgeMap>
<xCoord>412</xCoord>
<yCoord>310</yCoord>
</edgeMap>
<edgeMap>
<xCoord>411</xCoord>
<yCoord>310</yCoord>
</edgeMap>
<edgeMap>
<xCoord>411</xCoord>
<yCoord>311</yCoord>
</edgeMap>
<edgeMap>
<xCoord>411</xCoord>
<yCoord>312</yCoord>
</edgeMap>
<edgeMap>
<xCoord>412</xCoord>
<yCoord>313</yCoord>
</edgeMap>
<edgeMap>
<xCoord>412</xCoord>
<yCoord>314</yCoord>
</edgeMap>
<edgeMap>
<xCoord>413</xCoord>
<yCoord>314</yCoord>
</edgeMap>
<edgeMap>
<xCoord>414</xCoord>
<yCoord>314</yCoord>
</edgeMap>
<edgeMap>
<xCoord>415</xCoord>
<yCoord>314</yCoord>
</edgeMap>
</roi>
</unblindedReadNodule>
<nonNodule>
<nonNoduleID>MI014_20090</nonNoduleID>
<imageZposition>-105.5</imageZposition>
<imageSOP_UID>1.3.6.1.4.1.14519.5.2.1.6279.6001.671193714333177532051559215964</imageSOP_UID>
<locus>
<xCoord>148</xCoord>
<yCoord>206</yCoord>
</locus>
</nonNodule>
<nonNodule>
<nonNoduleID>MI014_20081</nonNoduleID>
<imageZposition>-153.0</imageZposition>
<imageSOP_UID>1.3.6.1.4.1.14519.5.2.1.6279.6001.755590444144218463725605746363</imageSOP_UID>
<locus>
<xCoord>107</xCoord>
<yCoord>193</yCoord>
</locus>
</nonNodule>
<nonNodule>
<nonNoduleID>MI014_20091</nonNoduleID>
<imageZposition>-153.0</imageZposition>
<imageSOP_UID>1.3.6.1.4.1.14519.5.2.1.6279.6001.755590444144218463725605746363</imageSOP_UID>
<locus>
<xCoord>95</xCoord>
<yCoord>286</yCoord>
</locus>
</nonNodule>
<nonNodule>
<nonNoduleID>MI014_20083</nonNoduleID>
<imageZposition>-70.5</imageZposition>
<imageSOP_UID>1.3.6.1.4.1.14519.5.2.1.6279.6001.283241888124348218240792230510</imageSOP_UID>
<locus>
<xCoord>386</xCoord>
<yCoord>246</yCoord>
</locus>
</nonNodule>
<nonNodule>
<nonNoduleID>MI014_20085</nonNoduleID>
<imageZposition>-175.5</imageZposition>
<imageSOP_UID>1.3.6.1.4.1.14519.5.2.1.6279.6001.736961358438718088052250378157</imageSOP_UID>
<locus>
<xCoord>421</xCoord>
<yCoord>224</yCoord>
</locus>
</nonNodule>
</readingSession>
<readingSession>
		<annotationVersion>3.12</annotationVersion>
		<servicingRadiologistID>1843415453</servicingRadiologistID>
			<unblindedReadNodule>
				<noduleID>0</noduleID>
				<roi>
					<imageZposition>-178.0</imageZposition>
					<imageSOP_UID>1.3.6.1.4.1.14519.5.2.1.6279.6001.238929979025895202323129450663</imageSOP_UID>
					<inclusion>TRUE</inclusion>
					<edgeMap>
					<xCoord>414</xCoord>
					<yCoord>312</yCoord>
					</edgeMap>
				</roi>
			</unblindedReadNodule>
			<unblindedReadNodule>
				<noduleID>3</noduleID>
				<roi>
					<imageZposition>-90.5</imageZposition>
					<imageSOP_UID>1.3.6.1.4.1.14519.5.2.1.6279.6001.262897135743875376360181685917</imageSOP_UID>
					<inclusion>TRUE</inclusion>
					<edgeMap>
					<xCoord>184</xCoord>
					<yCoord>368</yCoord>
					</edgeMap>
				</roi>
			</unblindedReadNodule>
			<unblindedReadNodule>
				<noduleID>4</noduleID>
				<roi>
					<imageZposition>-28.0</imageZposition>
					<imageSOP_UID>1.3.6.1.4.1.14519.5.2.1.6279.6001.236536383729116042613150944495</imageSOP_UID>
					<inclusion>TRUE</inclusion>
					<edgeMap>
					<xCoord>323</xCoord>
					<yCoord>362</yCoord>
					</edgeMap>
				</roi>
			</unblindedReadNodule>
			<unblindedReadNodule>
				<noduleID>5</noduleID>
				<roi>
					<imageZposition>-215.5</imageZposition>
					<imageSOP_UID>1.3.6.1.4.1.14519.5.2.1.6279.6001.288148264013835859254921122680</imageSOP_UID>
					<inclusion>TRUE</inclusion>
					<edgeMap>
					<xCoord>420</xCoord>
					<yCoord>299</yCoord>
					</edgeMap>
				</roi>
			</unblindedReadNodule>
			<unblindedReadNodule>
				<noduleID>6</noduleID>
				<roi>
					<imageZposition>-73.0</imageZposition>
					<imageSOP_UID>1.3.6.1.4.1.14519.5.2.1.6279.6001.183605626494084446930016378662</imageSOP_UID>
					<inclusion>TRUE</inclusion>
					<edgeMap>
					<xCoord>336</xCoord>
					<yCoord>343</yCoord>
					</edgeMap>
				</roi>
			</unblindedReadNodule>
			<nonNodule>
				<nonNoduleID>1</nonNoduleID>
				<imageZposition>-153.0</imageZposition>
				<imageSOP_UID>1.3.6.1.4.1.14519.5.2.1.6279.6001.755590444144218463725605746363</imageSOP_UID>
				<locus>
					<xCoord>107</xCoord>
					<yCoord>192</yCoord>
				</locus>
			</nonNodule>
			<nonNodule>
				<nonNoduleID>2</nonNoduleID>
				<imageZposition>-70.5</imageZposition>
				<imageSOP_UID>1.3.6.1.4.1.14519.5.2.1.6279.6001.283241888124348218240792230510</imageSOP_UID>
				<locus>
					<xCoord>387</xCoord>
					<yCoord>246</yCoord>
				</locus>
			</nonNodule>
	</readingSession>
</LidcReadMessage>