<?xml version="1.0" encoding="UTF-8"?>
<LidcReadMessage uid="1.3.6.1.4.1.14519.5.2.1.6279.6001.1307390732418.0" xmlns="http://www.nih.gov" xmlns:xsi="http://www.w3.org/2001/XMLSchema-instance" xsi:schemaLocation="http://www.nih.gov       http://troll.rad.med.umich.edu/lidc/LidcReadMessage.xsd">
  <ResponseHeader>
    <Version>1.8</Version>
    <MessageId>UM1.3.6.1.4.1.9328.50.12.251883</MessageId>
    <DateRequest>2008-07-15</DateRequest>
    <TimeRequest>00:00:00</TimeRequest>
    <RequestingSite>removed</RequestingSite>
    <ServicingSite>removed</ServicingSite>
    <TaskDescription>Second unblinded read</TaskDescription>
    <CtImageFile>removed</CtImageFile>
    <SeriesInstanceUid>1.3.6.1.4.1.14519.5.2.1.6279.6001.255999614855292116767517149228</SeriesInstanceUid>
    <DateService>2008-07-15</DateService>
    <TimeService>00:00:00</TimeService>
    <ResponseDescription>1 - Reading complete</ResponseDescription>
  <StudyInstanceUID>1.3.6.1.4.1.14519.5.2.1.6279.6001.286257039861864871390665013995</StudyInstanceUID></ResponseHeader>
	<readingSession>
		<annotationVersion>3.12</annotationVersion>
		<servicingRadiologistID>anon</servicingRadiologistID>
			<unblindedReadNodule>
				<noduleID>0</noduleID>
				<characteristics>
					<subtlety>3</subtlety>
					<internalStructure>1</internalStructure>
					<calcification>6</calcification>
					<sphericity>5</sphericity>
					<margin>5</margin>
					<lobulation>1</lobulation>
					<spiculation>1</spiculation>
					<texture>5</texture>
					<malignancy>2</malignancy>
				</characteristics>
				<roi>
					<imageZposition>-167.25</imageZposition>
					<imageSOP_UID>1.3.6.1.4.1.14519.5.2.1.6279.6001.286940945265537120006470254278</imageSOP_UID>
					<inclusion>TRUE</inclusion>
					<edgeMap>
					<xCoord>117</xCoord>
					<yCoord>200</yCoord>
					</edgeMap>
					<edgeMap>
					<xCoord>117</xCoord>
					<yCoord>199</yCoord>
					</edgeMap>
					<edgeMap>
					<xCoord>117</xCoord>
					<yCoord>198</yCoord>
					</edgeMap>
					<edgeMap>
					<xCoord>117</xCoord>
					<yCoord>197</yCoord>
					</edgeMap>
					<edgeMap>
					<xCoord>118</xCoord>
					<yCoord>196</yCoord>
					</edgeMap>
					<edgeMap>
					<xCoord>118</xCoord>
					<yCoord>195</yCoord>
					</edgeMap>
					<edgeMap>
					<xCoord>119</xCoord>
					<yCoord>195</yCoord>
					</edgeMap>
					<edgeMap>
					<xCoord>120</xCoord>
					<yCoord>194</yCoord>
					</edgeMap>
					<edgeMap>
					<xCoord>121</xCoord>
					<yCoord>194</yCoord>
					</edgeMap>
					<edgeMap>
					<xCoord>122</xCoord>
					<yCoord>195</yCoord>
					</edgeMap>
					<edgeMap>
					<xCoord>123</xCoord>
					<yCoord>195</yCoord>
					</edgeMap>
					<edgeMap>
					<xCoord>124</xCoord>
					<yCoord>196</yCoord>
					</edgeMap>
					<edgeMap>
					<xCoord>124</xCoord>
					<yCoord>197</yCoord>
					</edgeMap>
					<edgeMap>
					<xCoord>125</xCoord>
					<yCoord>198</yCoord>
					</edgeMap>
					<edgeMap>
					<xCoord>126</xCoord>
					<yCoord>198</yCoord>
					</edgeMap>
					<edgeMap>
					<xCoord>125</xCoord>
					<yCoord>199</yCoord>
					</edgeMap>
					<edgeMap>
					<xCoord>124</xCoord>
					<yCoord>200</yCoord>
					</edgeMap>
					<edgeMap>
					<xCoord>123</xCoord>
					<yCoord>201</yCoord>
					</edgeMap>
					<edgeMap>
					<xCoord>122</xCoord>
					<yCoord>201</yCoord>
					</edgeMap>
					<edgeMap>
					<xCoord>121</xCoord>
					<yCoord>202</yCoord>
					</edgeMap>
					<edgeMap>
					<xCoord>120</xCoord>
					<yCoord>202</yCoord>
					</edgeMap>
					<edgeMap>
					<xCoord>119</xCoord>
					<yCoord>202</yCoord>
					</edgeMap>
					<edgeMap>
					<xCoord>118</xCoord>
					<yCoord>201</yCoord>
					</edgeMap>
					<edgeMap>
					<xCoord>117</xCoord>
					<yCoord>200</yCoord>
					</edgeMap>
				</roi>
				<roi>
					<imageZposition>-169.75</imageZposition>
					<imageSOP_UID>1.3.6.1.4.1.14519.5.2.1.6279.6001.416117993405399669748437775377</imageSOP_UID>
					<inclusion>TRUE</inclusion>
					<edgeMap>
					<xCoord>114</xCoord>
					<yCoord>200</yCoord>
					</edgeMap>
					<edgeMap>
					<xCoord>113</xCoord>
					<yCoord>199</yCoord>
					</edgeMap>
					<edgeMap>
					<xCoord>113</xCoord>
					<yCoord>198</yCoord>
					</edgeMap>
					<edgeMap>
					<xCoord>112</xCoord>
					<yCoord>197</yCoord>
					</edgeMap>
					<edgeMap>
					<xCoord>112</xCoord>
					<yCoord>196</yCoord>
					</edgeMap>
					<edgeMap>
					<xCoord>112</xCoord>
					<yCoord>195</yCoord>
					</edgeMap>
					<edgeMap>
					<xCoord>112</xCoord>
					<yCoord>194</yCoord>
					</edgeMap>
					<edgeMap>
					<xCoord>112</xCoord>
					<yCoord>193</yCoord>
					</edgeMap>
					<edgeMap>
					<xCoord>112</xCoord>
					<yCoord>192</yCoord>
					</edgeMap>
					<edgeMap>
					<xCoord>112</xCoord>
					<yCoord>191</yCoord>
					</edgeMap>
					<edgeMap>
					<xCoord>112</xCoord>
					<yCoord>190</yCoord>
					</edgeMap>
					<edgeMap>
					<xCoord>113</xCoord>
					<yCoord>189</yCoord>
					</edgeMap>
					<edgeMap>
					<xCoord>114</xCoord>
					<yCoord>189</yCoord>
					</edgeMap>
					<edgeMap>
					<xCoord>115</xCoord>
					<yCoord>189</yCoord>
					</edgeMap>
					<edgeMap>
					<xCoord>116</xCoord>
					<yCoord>188</yCoord>
					</edgeMap>
					<edgeMap>
					<xCoord>117</xCoord>
					<yCoord>188</yCoord>
					</edgeMap>
					<edgeMap>
					<xCoord>118</xCoord>
					<yCoord>188</yCoord>
					</edgeMap>
					<edgeMap>
					<xCoord>119</xCoord>
					<yCoord>188</yCoord>
					</edgeMap>
					<edgeMap>
					<xCoord>120</xCoord>
					<yCoord>188</yCoord>
					</edgeMap>
					<edgeMap>
					<xCoord>121</xCoord>
					<yCoord>189</yCoord>
					</edgeMap>
					<edgeMap>
					<xCoord>122</xCoord>
					<yCoord>189</yCoord>
					</edgeMap>
					<edgeMap>
					<xCoord>123</xCoord>
					<yCoord>190</yCoord>
					</edgeMap>
					<edgeMap>
					<xCoord>123</xCoord>
					<yCoord>191</yCoord>
					</edgeMap>
					<edgeMap>
					<xCoord>124</xCoord>
					<yCoord>192</yCoord>
					</edgeMap>
					<edgeMap>
					<xCoord>125</xCoord>
					<yCoord>192</yCoord>
					</edgeMap>
					<edgeMap>
					<xCoord>125</xCoord>
					<yCoord>193</yCoord>
					</edgeMap>
					<edgeMap>
					<xCoord>125</xCoord>
					<yCoord>194</yCoord>
					</edgeMap>
					<edgeMap>
					<xCoord>125</xCoord>
					<yCoord>195</yCoord>
					</edgeMap>
					<edgeMap>
					<xCoord>125</xCoord>
					<yCoord>196</yCoord>
					</edgeMap>
					<edgeMap>
					<xCoord>126</xCoord>
					<yCoord>196</yCoord>
					</edgeMap>
					<edgeMap>
					<xCoord>125</xCoord>
					<yCoord>197</yCoord>
					</edgeMap>
					<edgeMap>
					<xCoord>125</xCoord>
					<yCoord>198</yCoord>
					</edgeMap>
					<edgeMap>
					<xCoord>125</xCoord>
					<yCoord>199</yCoord>
					</edgeMap>
					<edgeMap>
					<xCoord>125</xCoord>
					<yCoord>200</yCoord>
					</edgeMap>
					<edgeMap>
					<xCoord>125</xCoord>
					<yCoord>201</yCoord>
					</edgeMap>
					<edgeMap>
					<xCoord>125</xCoord>
					<yCoord>202</yCoord>
					</edgeMap>
					<edgeMap>
					<xCoord>125</xCoord>
					<yCoord>203</yCoord>
					</edgeMap>
					<edgeMap>
					<xCoord>124</xCoord>
					<yCoord>204</yCoord>
					</edgeMap>
					<edgeMap>
					<xCoord>123</xCoord>
					<yCoord>205</yCoord>
					</edgeMap>
					<edgeMap>
					<xCoord>122</xCoord>
					<yCoord>205</yCoord>
					</edgeMap>
					<edgeMap>
					<xCoord>121</xCoord>
					<yCoord>205</yCoord>
					</edgeMap>
					<edgeMap>
					<xCoord>120</xCoord>
					<yCoord>205</yCoord>
					</edgeMap>
					<edgeMap>
					<xCoord>119</xCoord>
					<yCoord>204</yCoord>
					</edgeMap>
					<edgeMap>
					<xCoord>118</xCoord>
					<yCoord>203</yCoord>
					</edgeMap>
					<edgeMap>
					<xCoord>117</xCoord>
					<yCoord>202</yCoord>
					</edgeMap>
					<edgeMap>
					<xCoord>116</xCoord>
					<yCoord>202</yCoord>
					</edgeMap>
					<edgeMap>
					<xCoord>115</xCoord>
					<yCoord>201</yCoord>
					</edgeMap>
					<edgeMap>
					<xCoord>114</xCoord>
					<yCoord>200</yCoord>
					</edgeMap>
				</roi>
				<roi>
					<imageZposition>-172.25</imageZposition>
					<imageSOP_UID>1.3.6.1.4.1.14519.5.2.1.6279.6001.913968921464371668570906411693</imageSOP_UID>
					<inclusion>TRUE</inclusion>
					<edgeMap>
					<xCoord>113</xCoord>
					<yCoord>202</yCoord>
					</edgeMap>
					<edgeMap>
					<xCoord>112</xCoord>
					<yCoord>201</yCoord>
					</edgeMap>
					<edgeMap>
					<xCoord>112</xCoord>
					<yCoord>200</yCoord>
					</edgeMap>
					<edgeMap>
					<xCoord>111</xCoord>
					<yCoord>199</yCoord>
					</edgeMap>
					<edgeMap>
					<xCoord>111</xCoord>
					<yCoord>198</yCoord>
					</edgeMap>
					<edgeMap>
					<xCoord>111</xCoord>
					<yCoord>197</yCoord>
					</edgeMap>
					<edgeMap>
					<xCoord>111</xCoord>
					<yCoord>196</yCoord>
					</edgeMap>
					<edgeMap>
					<xCoord>111</xCoord>
					<yCoord>195</yCoord>
					</edgeMap>
					<edgeMap>
					<xCoord>111</xCoord>
					<yCoord>194</yCoord>
					</edgeMap>
					<edgeMap>
					<xCoord>111</xCoord>
					<yCoord>193</yCoord>
					</edgeMap>
					<edgeMap>
					<xCoord>112</xCoord>
					<yCoord>192</yCoord>
					</edgeMap>
					<edgeMap>
					<xCoord>112</xCoord>
					<yCoord>191</yCoord>
					</edgeMap>
					<edgeMap>
					<xCoord>113</xCoord>
					<yCoord>190</yCoord>
					</edgeMap>
					<edgeMap>
					<xCoord>114</xCoord>
					<yCoord>190</yCoord>
					</edgeMap>
					<edgeMap>
					<xCoord>115</xCoord>
					<yCoord>190</yCoord>
					</edgeMap>
					<edgeMap>
					<xCoord>115</xCoord>
					<yCoord>189</yCoord>
					</edgeMap>
					<edgeMap>
					<xCoord>116</xCoord>
					<yCoord>189</yCoord>
					</edgeMap>
					<edgeMap>
					<xCoord>117</xCoord>
					<yCoord>189</yCoord>
					</edgeMap>
					<edgeMap>
					<xCoord>118</xCoord>
					<yCoord>189</yCoord>
					</edgeMap>
					<edgeMap>
					<xCoord>119</xCoord>
					<yCoord>189</yCoord>
					</edgeMap>
					<edgeMap>
					<xCoord>120</xCoord>
					<yCoord>189</yCoord>
					</edgeMap>
					<edgeMap>
					<xCoord>121</xCoord>
					<yCoord>189</yCoord>
					</edgeMap>
					<edgeMap>
					<xCoord>122</xCoord>
					<yCoord>189</yCoord>
					</edgeMap>
					<edgeMap>
					<xCoord>123</xCoord>
					<yCoord>190</yCoord>
					</edgeMap>
					<edgeMap>
					<xCoord>124</xCoord>
					<yCoord>190</yCoord>
					</edgeMap>
					<edgeMap>
					<xCoord>125</xCoord>
					<yCoord>190</yCoord>
					</edgeMap>
					<edgeMap>
					<xCoord>126</xCoord>
					<yCoord>191</yCoord>
					</edgeMap>
					<edgeMap>
					<xCoord>127</xCoord>
					<yCoord>192</yCoord>
					</edgeMap>
					<edgeMap>
					<xCoord>127</xCoord>
					<yCoord>193</yCoord>
					</edgeMap>
					<edgeMap>
					<xCoord>127</xCoord>
					<yCoord>194</yCoord>
					</edgeMap>
					<edgeMap>
					<xCoord>127</xCoord>
					<yCoord>195</yCoord>
					</edgeMap>
					<edgeMap>
					<xCoord>127</xCoord>
					<yCoord>196</yCoord>
					</edgeMap>
					<edgeMap>
					<xCoord>127</xCoord>
					<yCoord>197</yCoord>
					</edgeMap>
					<edgeMap>
					<xCoord>127</xCoord>
					<yCoord>198</yCoord>
					</edgeMap>
					<edgeMap>
					<xCoord>127</xCoord>
					<yCoord>199</yCoord>
					</edgeMap>
					<edgeMap>
					<xCoord>126</xCoord>
					<yCoord>200</yCoord>
					</edgeMap>
					<edgeMap>
					<xCoord>126</xCoord>
					<yCoord>201</yCoord>
					</edgeMap>
					<edgeMap>
					<xCoord>125</xCoord>
					<yCoord>202</yCoord>
					</edgeMap>
					<edgeMap>
					<xCoord>124</xCoord>
					<yCoord>203</yCoord>
					</edgeMap>
					<edgeMap>
					<xCoord>123</xCoord>
					<yCoord>203</yCoord>
					</edgeMap>
					<edgeMap>
					<xCoord>122</xCoord>
					<yCoord>204</yCoord>
					</edgeMap>
					<edgeMap>
					<xCoord>121</xCoord>
					<yCoord>204</yCoord>
					</edgeMap>
					<edgeMap>
					<xCoord>120</xCoord>
					<yCoord>204</yCoord>
					</edgeMap>
					<edgeMap>
					<xCoord>119</xCoord>
					<yCoord>205</yCoord>
					</edgeMap>
					<edgeMap>
					<xCoord>118</xCoord>
					<yCoord>206</yCoord>
					</edgeMap>
					<edgeMap>
					<xCoord>118</xCoord>
					<yCoord>207</yCoord>
					</edgeMap>
					<edgeMap>
					<xCoord>117</xCoord>
					<yCoord>206</yCoord>
					</edgeMap>
					<edgeMap>
					<xCoord>116</xCoord>
					<yCoord>206</yCoord>
					</edgeMap>
					<edgeMap>
					<xCoord>115</xCoord>
					<yCoord>205</yCoord>
					</edgeMap>
					<edgeMap>
					<xCoord>114</xCoord>
					<yCoord>204</yCoord>
					</edgeMap>
					<edgeMap>
					<xCoord>114</xCoord>
					<yCoord>203</yCoord>
					</edgeMap>
					<edgeMap>
					<xCoord>113</xCoord>
					<yCoord>202</yCoord>
					</edgeMap>
				</roi>
				<roi>
					<imageZposition>-174.75</imageZposition>
					<imageSOP_UID>1.3.6.1.4.1.14519.5.2.1.6279.6001.363281228296238493725616237477</imageSOP_UID>
					<inclusion>TRUE</inclusion>
					<edgeMap>
					<xCoord>112</xCoord>
					<yCoord>197</yCoord>
					</edgeMap>
					<edgeMap>
					<xCoord>111</xCoord>
					<yCoord>196</yCoord>
					</edgeMap>
					<edgeMap>
					<xCoord>111</xCoord>
					<yCoord>195</yCoord>
					</edgeMap>
					<edgeMap>
					<xCoord>111</xCoord>
					<yCoord>194</yCoord>
					</edgeMap>
					<edgeMap>
					<xCoord>111</xCoord>
					<yCoord>193</yCoord>
					</edgeMap>
					<edgeMap>
					<xCoord>111</xCoord>
					<yCoord>192</yCoord>
					</edgeMap>
					<edgeMap>
					<xCoord>111</xCoord>
					<yCoord>191</yCoord>
					</edgeMap>
					<edgeMap>
					<xCoord>112</xCoord>
					<yCoord>190</yCoord>
					</edgeMap>
					<edgeMap>
					<xCoord>112</xCoord>
					<yCoord>189</yCoord>
					</edgeMap>
					<edgeMap>
					<xCoord>113</xCoord>
					<yCoord>189</yCoord>
					</edgeMap>
					<edgeMap>
					<xCoord>114</xCoord>
					<yCoord>188</yCoord>
					</edgeMap>
					<edgeMap>
					<xCoord>115</xCoord>
					<yCoord>188</yCoord>
					</edgeMap>
					<edgeMap>
					<xCoord>116</xCoord>
					<yCoord>188</yCoord>
					</edgeMap>
					<edgeMap>
					<xCoord>116</xCoord>
					<yCoord>187</yCoord>
					</edgeMap>
					<edgeMap>
					<xCoord>117</xCoord>
					<yCoord>187</yCoord>
					</edgeMap>
					<edgeMap>
					<xCoord>118</xCoord>
					<yCoord>187</yCoord>
					</edgeMap>
					<edgeMap>
					<xCoord>119</xCoord>
					<yCoord>187</yCoord>
					</edgeMap>
					<edgeMap>
					<xCoord>120</xCoord>
					<yCoord>187</yCoord>
					</edgeMap>
					<edgeMap>
					<xCoord>121</xCoord>
					<yCoord>188</yCoord>
					</edgeMap>
					<edgeMap>
					<xCoord>122</xCoord>
					<yCoord>188</yCoord>
					</edgeMap>
					<edgeMap>
					<xCoord>123</xCoord>
					<yCoord>189</yCoord>
					</edgeMap>
					<edgeMap>
					<xCoord>123</xCoord>
					<yCoord>188</yCoord>
					</edgeMap>
					<edgeMap>
					<xCoord>124</xCoord>
					<yCoord>189</yCoord>
					</edgeMap>
					<edgeMap>
					<xCoord>125</xCoord>
					<yCoord>190</yCoord>
					</edgeMap>
					<edgeMap>
					<xCoord>126</xCoord>
					<yCoord>191</yCoord>
					</edgeMap>
					<edgeMap>
					<xCoord>126</xCoord>
					<yCoord>192</yCoord>
					</edgeMap>
					<edgeMap>
					<xCoord>126</xCoord>
					<yCoord>193</yCoord>
					</edgeMap>
					<edgeMap>
					<xCoord>127</xCoord>
					<yCoord>194</yCoord>
					</edgeMap>
					<edgeMap>
					<xCoord>127</xCoord>
					<yCoord>195</yCoord>
					</edgeMap>
					<edgeMap>
					<xCoord>127</xCoord>
					<yCoord>196</yCoord>
					</edgeMap>
					<edgeMap>
					<xCoord>127</xCoord>
					<yCoord>197</yCoord>
					</edgeMap>
					<edgeMap>
					<xCoord>127</xCoord>
					<yCoord>198</yCoord>
					</edgeMap>
					<edgeMap>
					<xCoord>126</xCoord>
					<yCoord>199</yCoord>
					</edgeMap>
					<edgeMap>
					<xCoord>126</xCoord>
					<yCoord>200</yCoord>
					</edgeMap>
					<edgeMap>
					<xCoord>125</xCoord>
					<yCoord>201</yCoord>
					</edgeMap>
					<edgeMap>
					<xCoord>124</xCoord>
					<yCoord>202</yCoord>
					</edgeMap>
					<edgeMap>
					<xCoord>123</xCoord>
					<yCoord>203</yCoord>
					</edgeMap>
					<edgeMap>
					<xCoord>122</xCoord>
					<yCoord>204</yCoord>
					</edgeMap>
					<edgeMap>
					<xCoord>121</xCoord>
					<yCoord>205</yCoord>
					</edgeMap>
					<edgeMap>
					<xCoord>120</xCoord>
					<yCoord>205</yCoord>
					</edgeMap>
					<edgeMap>
					<xCoord>119</xCoord>
					<yCoord>206</yCoord>
					</edgeMap>
					<edgeMap>
					<xCoord>118</xCoord>
					<yCoord>206</yCoord>
					</edgeMap>
					<edgeMap>
					<xCoord>117</xCoord>
					<yCoord>206</yCoord>
					</edgeMap>
					<edgeMap>
					<xCoord>116</xCoord>
					<yCoord>205</yCoord>
					</edgeMap>
					<edgeMap>
					<xCoord>115</xCoord>
					<yCoord>204</yCoord>
					</edgeMap>
					<edgeMap>
					<xCoord>114</xCoord>
					<yCoord>204</yCoord>
					</edgeMap>
					<edgeMap>
					<xCoord>113</xCoord>
					<yCoord>204</yCoord>
					</edgeMap>
					<edgeMap>
					<xCoord>112</xCoord>
					<yCoord>203</yCoord>
					</edgeMap>
					<edgeMap>
					<xCoord>112</xCoord>
					<yCoord>202</yCoord>
					</edgeMap>
					<edgeMap>
					<xCoord>112</xCoord>
					<yCoord>201</yCoord>
					</edgeMap>
					<edgeMap>
					<xCoord>112</xCoord>
					<yCoord>200</yCoord>
					</edgeMap>
					<edgeMap>
					<xCoord>112</xCoord>
					<yCoord>199</yCoord>
					</edgeMap>
					<edgeMap>
					<xCoord>112</xCoord>
					<yCoord>198</yCoord>
					</edgeMap>
					<edgeMap>
					<xCoord>112</xCoord>
					<yCoord>197</yCoord>
					</edgeMap>
				</roi>
				<roi>
					<imageZposition>-177.25</imageZposition>
					<imageSOP_UID>1.3.6.1.4.1.14519.5.2.1.6279.6001.959115833328999889068295727419</imageSOP_UID>
					<inclusion>TRUE</inclusion>
					<edgeMap>
					<xCoord>113</xCoord>
					<yCoord>201</yCoord>
					</edgeMap>
					<edgeMap>
					<xCoord>113</xCoord>
					<yCoord>200</yCoord>
					</edgeMap>
					<edgeMap>
					<xCoord>113</xCoord>
					<yCoord>199</yCoord>
					</edgeMap>
					<edgeMap>
					<xCoord>112</xCoord>
					<yCoord>198</yCoord>
					</edgeMap>
					<edgeMap>
					<xCoord>112</xCoord>
					<yCoord>197</yCoord>
					</edgeMap>
					<edgeMap>
					<xCoord>112</xCoord>
					<yCoord>196</yCoord>
					</edgeMap>
					<edgeMap>
					<xCoord>112</xCoord>
					<yCoord>195</yCoord>
					</edgeMap>
					<edgeMap>
					<xCoord>112</xCoord>
					<yCoord>194</yCoord>
					</edgeMap>
					<edgeMap>
					<xCoord>112</xCoord>
					<yCoord>193</yCoord>
					</edgeMap>
					<edgeMap>
					<xCoord>113</xCoord>
					<yCoord>193</yCoord>
					</edgeMap>
					<edgeMap>
					<xCoord>113</xCoord>
					<yCoord>192</yCoord>
					</edgeMap>
					<edgeMap>
					<xCoord>113</xCoord>
					<yCoord>191</yCoord>
					</edgeMap>
					<edgeMap>
					<xCoord>113</xCoord>
					<yCoord>190</yCoord>
					</edgeMap>
					<edgeMap>
					<xCoord>113</xCoord>
					<yCoord>189</yCoord>
					</edgeMap>
					<edgeMap>
					<xCoord>114</xCoord>
					<yCoord>188</yCoord>
					</edgeMap>
					<edgeMap>
					<xCoord>115</xCoord>
					<yCoord>187</yCoord>
					</edgeMap>
					<edgeMap>
					<xCoord>116</xCoord>
					<yCoord>187</yCoord>
					</edgeMap>
					<edgeMap>
					<xCoord>117</xCoord>
					<yCoord>187</yCoord>
					</edgeMap>
					<edgeMap>
					<xCoord>118</xCoord>
					<yCoord>186</yCoord>
					</edgeMap>
					<edgeMap>
					<xCoord>119</xCoord>
					<yCoord>187</yCoord>
					</edgeMap>
					<edgeMap>
					<xCoord>120</xCoord>
					<yCoord>188</yCoord>
					</edgeMap>
					<edgeMap>
					<xCoord>120</xCoord>
					<yCoord>189</yCoord>
					</edgeMap>
					<edgeMap>
					<xCoord>121</xCoord>
					<yCoord>189</yCoord>
					</edgeMap>
					<edgeMap>
					<xCoord>122</xCoord>
					<yCoord>189</yCoord>
					</edgeMap>
					<edgeMap>
					<xCoord>123</xCoord>
					<yCoord>189</yCoord>
					</edgeMap>
					<edgeMap>
					<xCoord>123</xCoord>
					<yCoord>190</yCoord>
					</edgeMap>
					<edgeMap>
					<xCoord>124</xCoord>
					<yCoord>191</yCoord>
					</edgeMap>
					<edgeMap>
					<xCoord>124</xCoord>
					<yCoord>192</yCoord>
					</edgeMap>
					<edgeMap>
					<xCoord>124</xCoord>
					<yCoord>193</yCoord>
					</edgeMap>
					<edgeMap>
					<xCoord>125</xCoord>
					<yCoord>194</yCoord>
					</edgeMap>
					<edgeMap>
					<xCoord>125</xCoord>
					<yCoord>195</yCoord>
					</edgeMap>
					<edgeMap>
					<xCoord>125</xCoord>
					<yCoord>196</yCoord>
					</edgeMap>
					<edgeMap>
					<xCoord>125</xCoord>
					<yCoord>197</yCoord>
					</edgeMap>
					<edgeMap>
					<xCoord>125</xCoord>
					<yCoord>198</yCoord>
					</edgeMap>
					<edgeMap>
					<xCoord>125</xCoord>
					<yCoord>199</yCoord>
					</edgeMap>
					<edgeMap>
					<xCoord>124</xCoord>
					<yCoord>200</yCoord>
					</edgeMap>
					<edgeMap>
					<xCoord>123</xCoord>
					<yCoord>201</yCoord>
					</edgeMap>
					<edgeMap>
					<xCoord>123</xCoord>
					<yCoord>202</yCoord>
					</edgeMap>
					<edgeMap>
					<xCoord>122</xCoord>
					<yCoord>203</yCoord>
					</edgeMap>
					<edgeMap>
					<xCoord>121</xCoord>
					<yCoord>204</yCoord>
					</edgeMap>
					<edgeMap>
					<xCoord>120</xCoord>
					<yCoord>205</yCoord>
					</edgeMap>
					<edgeMap>
					<xCoord>119</xCoord>
					<yCoord>205</yCoord>
					</edgeMap>
					<edgeMap>
					<xCoord>118</xCoord>
					<yCoord>205</yCoord>
					</edgeMap>
					<edgeMap>
					<xCoord>117</xCoord>
					<yCoord>205</yCoord>
					</edgeMap>
					<edgeMap>
					<xCoord>116</xCoord>
					<yCoord>205</yCoord>
					</edgeMap>
					<edgeMap>
					<xCoord>116</xCoord>
					<yCoord>204</yCoord>
					</edgeMap>
					<edgeMap>
					<xCoord>115</xCoord>
					<yCoord>204</yCoord>
					</edgeMap>
					<edgeMap>
					<xCoord>114</xCoord>
					<yCoord>204</yCoord>
					</edgeMap>
					<edgeMap>
					<xCoord>114</xCoord>
					<yCoord>203</yCoord>
					</edgeMap>
					<edgeMap>
					<xCoord>114</xCoord>
					<yCoord>202</yCoord>
					</edgeMap>
					<edgeMap>
					<xCoord>113</xCoord>
					<yCoord>201</yCoord>
					</edgeMap>
				</roi>
				<roi>
					<imageZposition>-179.75</imageZposition>
					<imageSOP_UID>1.3.6.1.4.1.14519.5.2.1.6279.6001.175385564716768343340337230432</imageSOP_UID>
					<inclusion>TRUE</inclusion>
					<edgeMap>
					<xCoord>114</xCoord>
					<yCoord>198</yCoord>
					</edgeMap>
					<edgeMap>
					<xCoord>113</xCoord>
					<yCoord>197</yCoord>
					</edgeMap>
					<edgeMap>
					<xCoord>113</xCoord>
					<yCoord>196</yCoord>
					</edgeMap>
					<edgeMap>
					<xCoord>113</xCoord>
					<yCoord>195</yCoord>
					</edgeMap>
					<edgeMap>
					<xCoord>113</xCoord>
					<yCoord>194</yCoord>
					</edgeMap>
					<edgeMap>
					<xCoord>114</xCoord>
					<yCoord>193</yCoord>
					</edgeMap>
					<edgeMap>
					<xCoord>114</xCoord>
					<yCoord>192</yCoord>
					</edgeMap>
					<edgeMap>
					<xCoord>115</xCoord>
					<yCoord>192</yCoord>
					</edgeMap>
					<edgeMap>
					<xCoord>116</xCoord>
					<yCoord>191</yCoord>
					</edgeMap>
					<edgeMap>
					<xCoord>117</xCoord>
					<yCoord>191</yCoord>
					</edgeMap>
					<edgeMap>
					<xCoord>118</xCoord>
					<yCoord>191</yCoord>
					</edgeMap>
					<edgeMap>
					<xCoord>119</xCoord>
					<yCoord>191</yCoord>
					</edgeMap>
					<edgeMap>
					<xCoord>120</xCoord>
					<yCoord>191</yCoord>
					</edgeMap>
					<edgeMap>
					<xCoord>121</xCoord>
					<yCoord>192</yCoord>
					</edgeMap>
					<edgeMap>
					<xCoord>122</xCoord>
					<yCoord>192</yCoord>
					</edgeMap>
					<edgeMap>
					<xCoord>123</xCoord>
					<yCoord>193</yCoord>
					</edgeMap>
					<edgeMap>
					<xCoord>124</xCoord>
					<yCoord>193</yCoord>
					</edgeMap>
					<edgeMap>
					<xCoord>124</xCoord>
					<yCoord>194</yCoord>
					</edgeMap>
					<edgeMap>
					<xCoord>125</xCoord>
					<yCoord>195</yCoord>
					</edgeMap>
					<edgeMap>
					<xCoord>125</xCoord>
					<yCoord>196</yCoord>
					</edgeMap>
					<edgeMap>
					<xCoord>125</xCoord>
					<yCoord>197</yCoord>
					</edgeMap>
					<edgeMap>
					<xCoord>125</xCoord>
					<yCoord>198</yCoord>
					</edgeMap>
					<edgeMap>
					<xCoord>125</xCoord>
					<yCoord>199</yCoord>
					</edgeMap>
					<edgeMap>
					<xCoord>124</xCoord>
					<yCoord>200</yCoord>
					</edgeMap>
					<edgeMap>
					<xCoord>123</xCoord>
					<yCoord>201</yCoord>
					</edgeMap>
					<edgeMap>
					<xCoord>122</xCoord>
					<yCoord>202</yCoord>
					</edgeMap>
					<edgeMap>
					<xCoord>121</xCoord>
					<yCoord>203</yCoord>
					</edgeMap>
					<edgeMap>
					<xCoord>120</xCoord>
					<yCoord>203</yCoord>
					</edgeMap>
					<edgeMap>
					<xCoord>119</xCoord>
					<yCoord>203</yCoord>
					</edgeMap>
					<edgeMap>
					<xCoord>118</xCoord>
					<yCoord>202</yCoord>
					</edgeMap>
					<edgeMap>
					<xCoord>117</xCoord>
					<yCoord>202</yCoord>
					</edgeMap>
					<edgeMap>
					<xCoord>116</xCoord>
					<yCoord>202</yCoord>
					</edgeMap>
					<edgeMap>
					<xCoord>116</xCoord>
					<yCoord>201</yCoord>
					</edgeMap>
					<edgeMap>
					<xCoord>116</xCoord>
					<yCoord>200</yCoord>
					</edgeMap>
					<edgeMap>
					<xCoord>115</xCoord>
					<yCoord>199</yCoord>
					</edgeMap>
					<edgeMap>
					<xCoord>114</xCoord>
					<yCoord>198</yCoord>
					</edgeMap>
				</roi>
			</unblindedReadNodule>
			<unblindedReadNodule>
				<noduleID>1</noduleID>
				<characteristics>
					<subtlety>5</subtlety>
					<internalStructure>1</internalStructure>
					<calcification>3</calcification>
					<sphericity>5</sphericity>
					<margin>5</margin>
					<lobulation>1</lobulation>
					<spiculation>1</spiculation>
					<texture>5</texture>
					<malignancy>1</malignancy>
				</characteristics>
				<roi>
					<imageZposition>-177.25</imageZposition>
					<imageSOP_UID>1.3.6.1.4.1.14519.5.2.1.6279.6001.959115833328999889068295727419</imageSOP_UID>
					<inclusion>TRUE</inclusion>
					<edgeMap>
					<xCoord>117</xCoord>
					<yCoord>216</yCoord>
					</edgeMap>
					<edgeMap>
					<xCoord>117</xCoord>
					<yCoord>215</yCoord>
					</edgeMap>
					<edgeMap>
					<xCoord>117</xCoord>
					<yCoord>214</yCoord>
					</edgeMap>
					<edgeMap>
					<xCoord>118</xCoord>
					<yCoord>214</yCoord>
					</edgeMap>
					<edgeMap>
					<xCoord>119</xCoord>
					<yCoord>215</yCoord>
					</edgeMap>
					<edgeMap>
					<xCoord>119</xCoord>
					<yCoord>216</yCoord>
					</edgeMap>
					<edgeMap>
					<xCoord>120</xCoord>
					<yCoord>216</yCoord>
					</edgeMap>
					<edgeMap>
					<xCoord>118</xCoord>
					<yCoord>216</yCoord>
					</edgeMap>
					<edgeMap>
					<xCoord>117</xCoord>
					<yCoord>216</yCoord>
					</edgeMap>
				</roi>
				<roi>
					<imageZposition>-179.75</imageZposition>
					<imageSOP_UID>1.3.6.1.4.1.14519.5.2.1.6279.6001.175385564716768343340337230432</imageSOP_UID>
					<inclusion>TRUE</inclusion>
					<edgeMap>
					<xCoord>115</xCoord>
					<yCoord>217</yCoord>
					</edgeMap>
					<edgeMap>
					<xCoord>115</xCoord>
					<yCoord>216</yCoord>
					</edgeMap>
					<edgeMap>
					<xCoord>114</xCoord>
					<yCoord>215</yCoord>
					</edgeMap>
					<edgeMap>
					<xCoord>115</xCoord>
					<yCoord>214</yCoord>
					</edgeMap>
					<edgeMap>
					<xCoord>115</xCoord>
					<yCoord>213</yCoord>
					</edgeMap>
					<edgeMap>
					<xCoord>116</xCoord>
					<yCoord>212</yCoord>
					</edgeMap>
					<edgeMap>
					<xCoord>117</xCoord>
					<yCoord>212</yCoord>
					</edgeMap>
					<edgeMap>
					<xCoord>118</xCoord>
					<yCoord>212</yCoord>
					</edgeMap>
					<edgeMap>
					<xCoord>119</xCoord>
					<yCoord>213</yCoord>
					</edgeMap>
					<edgeMap>
					<xCoord>120</xCoord>
					<yCoord>213</yCoord>
					</edgeMap>
					<edgeMap>
					<xCoord>121</xCoord>
					<yCoord>214</yCoord>
					</edgeMap>
					<edgeMap>
					<xCoord>122</xCoord>
					<yCoord>215</yCoord>
					</edgeMap>
					<edgeMap>
					<xCoord>122</xCoord>
					<yCoord>216</yCoord>
					</edgeMap>
					<edgeMap>
					<xCoord>121</xCoord>
					<yCoord>217</yCoord>
					</edgeMap>
					<edgeMap>
					<xCoord>120</xCoord>
					<yCoord>218</yCoord>
					</edgeMap>
					<edgeMap>
					<xCoord>119</xCoord>
					<yCoord>219</yCoord>
					</edgeMap>
					<edgeMap>
					<xCoord>118</xCoord>
					<yCoord>218</yCoord>
					</edgeMap>
					<edgeMap>
					<xCoord>117</xCoord>
					<yCoord>218</yCoord>
					</edgeMap>
					<edgeMap>
					<xCoord>116</xCoord>
					<yCoord>217</yCoord>
					</edgeMap>
					<edgeMap>
					<xCoord>115</xCoord>
					<yCoord>217</yCoord>
					</edgeMap>
				</roi>
				<roi>
					<imageZposition>-182.25</imageZposition>
					<imageSOP_UID>1.3.6.1.4.1.14519.5.2.1.6279.6001.332479409753668804795515764271</imageSOP_UID>
					<inclusion>TRUE</inclusion>
					<edgeMap>
					<xCoord>116</xCoord>
					<yCoord>218</yCoord>
					</edgeMap>
					<edgeMap>
					<xCoord>116</xCoord>
					<yCoord>217</yCoord>
					</edgeMap>
					<edgeMap>
					<xCoord>116</xCoord>
					<yCoord>216</yCoord>
					</edgeMap>
					<edgeMap>
					<xCoord>116</xCoord>
					<yCoord>215</yCoord>
					</edgeMap>
					<edgeMap>
					<xCoord>116</xCoord>
					<yCoord>214</yCoord>
					</edgeMap>
					<edgeMap>
					<xCoord>117</xCoord>
					<yCoord>213</yCoord>
					</edgeMap>
					<edgeMap>
					<xCoord>118</xCoord>
					<yCoord>213</yCoord>
					</edgeMap>
					<edgeMap>
					<xCoord>119</xCoord>
					<yCoord>213</yCoord>
					</edgeMap>
					<edgeMap>
					<xCoord>120</xCoord>
					<yCoord>213</yCoord>
					</edgeMap>
					<edgeMap>
					<xCoord>121</xCoord>
					<yCoord>214</yCoord>
					</edgeMap>
					<edgeMap>
					<xCoord>121</xCoord>
					<yCoord>215</yCoord>
					</edgeMap>
					<edgeMap>
					<xCoord>122</xCoord>
					<yCoord>215</yCoord>
					</edgeMap>
					<edgeMap>
					<xCoord>122</xCoord>
					<yCoord>216</yCoord>
					</edgeMap>
					<edgeMap>
					<xCoord>121</xCoord>
					<yCoord>217</yCoord>
					</edgeMap>
					<edgeMap>
					<xCoord>120</xCoord>
					<yCoord>218</yCoord>
					</edgeMap>
					<edgeMap>
					<xCoord>119</xCoord>
					<yCoord>218</yCoord>
					</edgeMap>
					<edgeMap>
					<xCoord>118</xCoord>
					<yCoord>218</yCoord>
					</edgeMap>
					<edgeMap>
					<xCoord>117</xCoord>
					<yCoord>218</yCoord>
					</edgeMap>
					<edgeMap>
					<xCoord>116</xCoord>
					<yCoord>218</yCoord>
					</edgeMap>
				</roi>
			</unblindedReadNodule>
			<nonNodule>
				<nonNoduleID>2</nonNoduleID>
				<imageZposition>-32.25</imageZposition>
				<imageSOP_UID>1.3.6.1.4.1.14519.5.2.1.6279.6001.102876383364223566384803436406</imageSOP_UID>
				<locus>
					<xCoord>318</xCoord>
					<yCoord>282</yCoord>
				</locus>
			</nonNodule>
			<nonNodule>
				<nonNoduleID>3</nonNoduleID>
				<imageZposition>-289.75</imageZposition>
				<imageSOP_UID>1.3.6.1.4.1.14519.5.2.1.6279.6001.230881518851015094214739939163</imageSOP_UID>
				<locus>
					<xCoord>98</xCoord>
					<yCoord>320</yCoord>
				</locus>
			</nonNodule>
	</readingSession>
<readingSession>
<annotationVersion>3.12</annotationVersion>
<servicingRadiologistID>anon</servicingRadiologistID>
<unblindedReadNodule>
<noduleID>115547</noduleID>
<characteristics>
<subtlety>5</subtlety>
<internalStructure>1</internalStructure>
<calcification>6</calcification>
<sphericity>4</sphericity>
<margin>4</margin>
<lobulation>3</lobulation>
<spiculation>2</spiculation>
<texture>5</texture>
<malignancy>4</malignancy>
</characteristics>
<roi>
<imageZposition>-167.25</imageZposition>
<imageSOP_UID>1.3.6.1.4.1.14519.5.2.1.6279.6001.286940945265537120006470254278</imageSOP_UID>
<inclusion>TRUE</inclusion>
<edgeMap>
<xCoord>122</xCoord>
<yCoord>202</yCoord>
</edgeMap>
<edgeMap>
<xCoord>123</xCoord>
<yCoord>201</yCoord>
</edgeMap>
<edgeMap>
<xCoord>123</xCoord>
<yCoord>200</yCoord>
</edgeMap>
<edgeMap>
<xCoord>124</xCoord>
<yCoord>199</yCoord>
</edgeMap>
<edgeMap>
<xCoord>124</xCoord>
<yCoord>198</yCoord>
</edgeMap>
<edgeMap>
<xCoord>124</xCoord>
<yCoord>197</yCoord>
</edgeMap>
<edgeMap>
<xCoord>123</xCoord>
<yCoord>196</yCoord>
</edgeMap>
<edgeMap>
<xCoord>122</xCoord>
<yCoord>195</yCoord>
</edgeMap>
<edgeMap>
<xCoord>121</xCoord>
<yCoord>195</yCoord>
</edgeMap>
<edgeMap>
<xCoord>120</xCoord>
<yCoord>194</yCoord>
</edgeMap>
<edgeMap>
<xCoord>119</xCoord>
<yCoord>195</yCoord>
</edgeMap>
<edgeMap>
<xCoord>118</xCoord>
<yCoord>196</yCoord>
</edgeMap>
<edgeMap>
<xCoord>118</xCoord>
<yCoord>197</yCoord>
</edgeMap>
<edgeMap>
<xCoord>118</xCoord>
<yCoord>198</yCoord>
</edgeMap>
<edgeMap>
<xCoord>119</xCoord>
<yCoord>199</yCoord>
</edgeMap>
<edgeMap>
<xCoord>119</xCoord>
<yCoord>200</yCoord>
</edgeMap>
<edgeMap>
<xCoord>119</xCoord>
<yCoord>201</yCoord>
</edgeMap>
<edgeMap>
<xCoord>120</xCoord>
<yCoord>202</yCoord>
</edgeMap>
<edgeMap>
<xCoord>121</xCoord>
<yCoord>202</yCoord>
</edgeMap>
<edgeMap>
<xCoord>122</xCoord>
<yCoord>202</yCoord>
</edgeMap>
</roi>
<roi>
<imageZposition>-169.75</imageZposition>
<imageSOP_UID>1.3.6.1.4.1.14519.5.2.1.6279.6001.416117993405399669748437775377</imageSOP_UID>
<inclusion>TRUE</inclusion>
<edgeMap>
<xCoord>122</xCoord>
<yCoord>206</yCoord>
</edgeMap>
<edgeMap>
<xCoord>123</xCoord>
<yCoord>205</yCoord>
</edgeMap>
<edgeMap>
<xCoord>124</xCoord>
<yCoord>204</yCoord>
</edgeMap>
<edgeMap>
<xCoord>124</xCoord>
<yCoord>203</yCoord>
</edgeMap>
<edgeMap>
<xCoord>124</xCoord>
<yCoord>202</yCoord>
</edgeMap>
<edgeMap>
<xCoord>125</xCoord>
<yCoord>201</yCoord>
</edgeMap>
<edgeMap>
<xCoord>126</xCoord>
<yCoord>200</yCoord>
</edgeMap>
<edgeMap>
<xCoord>126</xCoord>
<yCoord>199</yCoord>
</edgeMap>
<edgeMap>
<xCoord>126</xCoord>
<yCoord>198</yCoord>
</edgeMap>
<edgeMap>
<xCoord>126</xCoord>
<yCoord>197</yCoord>
</edgeMap>
<edgeMap>
<xCoord>126</xCoord>
<yCoord>196</yCoord>
</edgeMap>
<edgeMap>
<xCoord>125</xCoord>
<yCoord>195</yCoord>
</edgeMap>
<edgeMap>
<xCoord>124</xCoord>
<yCoord>194</yCoord>
</edgeMap>
<edgeMap>
<xCoord>123</xCoord>
<yCoord>193</yCoord>
</edgeMap>
<edgeMap>
<xCoord>122</xCoord>
<yCoord>192</yCoord>
</edgeMap>
<edgeMap>
<xCoord>121</xCoord>
<yCoord>191</yCoord>
</edgeMap>
<edgeMap>
<xCoord>120</xCoord>
<yCoord>191</yCoord>
</edgeMap>
<edgeMap>
<xCoord>119</xCoord>
<yCoord>190</yCoord>
</edgeMap>
<edgeMap>
<xCoord>118</xCoord>
<yCoord>189</yCoord>
</edgeMap>
<edgeMap>
<xCoord>117</xCoord>
<yCoord>189</yCoord>
</edgeMap>
<edgeMap>
<xCoord>116</xCoord>
<yCoord>190</yCoord>
</edgeMap>
<edgeMap>
<xCoord>115</xCoord>
<yCoord>191</yCoord>
</edgeMap>
<edgeMap>
<xCoord>114</xCoord>
<yCoord>192</yCoord>
</edgeMap>
<edgeMap>
<xCoord>113</xCoord>
<yCoord>193</yCoord>
</edgeMap>
<edgeMap>
<xCoord>113</xCoord>
<yCoord>194</yCoord>
</edgeMap>
<edgeMap>
<xCoord>113</xCoord>
<yCoord>195</yCoord>
</edgeMap>
<edgeMap>
<xCoord>113</xCoord>
<yCoord>196</yCoord>
</edgeMap>
<edgeMap>
<xCoord>114</xCoord>
<yCoord>197</yCoord>
</edgeMap>
<edgeMap>
<xCoord>114</xCoord>
<yCoord>198</yCoord>
</edgeMap>
<edgeMap>
<xCoord>115</xCoord>
<yCoord>199</yCoord>
</edgeMap>
<edgeMap>
<xCoord>116</xCoord>
<yCoord>200</yCoord>
</edgeMap>
<edgeMap>
<xCoord>116</xCoord>
<yCoord>201</yCoord>
</edgeMap>
<edgeMap>
<xCoord>117</xCoord>
<yCoord>202</yCoord>
</edgeMap>
<edgeMap>
<xCoord>118</xCoord>
<yCoord>203</yCoord>
</edgeMap>
<edgeMap>
<xCoord>119</xCoord>
<yCoord>204</yCoord>
</edgeMap>
<edgeMap>
<xCoord>120</xCoord>
<yCoord>205</yCoord>
</edgeMap>
<edgeMap>
<xCoord>121</xCoord>
<yCoord>206</yCoord>
</edgeMap>
<edgeMap>
<xCoord>122</xCoord>
<yCoord>206</yCoord>
</edgeMap>
</roi>
<roi>
<imageZposition>-172.25</imageZposition>
<imageSOP_UID>1.3.6.1.4.1.14519.5.2.1.6279.6001.913968921464371668570906411693</imageSOP_UID>
<inclusion>TRUE</inclusion>
<edgeMap>
<xCoord>121</xCoord>
<yCoord>205</yCoord>
</edgeMap>
<edgeMap>
<xCoord>122</xCoord>
<yCoord>204</yCoord>
</edgeMap>
<edgeMap>
<xCoord>123</xCoord>
<yCoord>203</yCoord>
</edgeMap>
<edgeMap>
<xCoord>124</xCoord>
<yCoord>202</yCoord>
</edgeMap>
<edgeMap>
<xCoord>125</xCoord>
<yCoord>201</yCoord>
</edgeMap>
<edgeMap>
<xCoord>126</xCoord>
<yCoord>200</yCoord>
</edgeMap>
<edgeMap>
<xCoord>126</xCoord>
<yCoord>199</yCoord>
</edgeMap>
<edgeMap>
<xCoord>127</xCoord>
<yCoord>198</yCoord>
</edgeMap>
<edgeMap>
<xCoord>127</xCoord>
<yCoord>197</yCoord>
</edgeMap>
<edgeMap>
<xCoord>127</xCoord>
<yCoord>196</yCoord>
</edgeMap>
<edgeMap>
<xCoord>127</xCoord>
<yCoord>195</yCoord>
</edgeMap>
<edgeMap>
<xCoord>126</xCoord>
<yCoord>194</yCoord>
</edgeMap>
<edgeMap>
<xCoord>126</xCoord>
<yCoord>193</yCoord>
</edgeMap>
<edgeMap>
<xCoord>125</xCoord>
<yCoord>192</yCoord>
</edgeMap>
<edgeMap>
<xCoord>125</xCoord>
<yCoord>191</yCoord>
</edgeMap>
<edgeMap>
<xCoord>124</xCoord>
<yCoord>190</yCoord>
</edgeMap>
<edgeMap>
<xCoord>123</xCoord>
<yCoord>189</yCoord>
</edgeMap>
<edgeMap>
<xCoord>122</xCoord>
<yCoord>189</yCoord>
</edgeMap>
<edgeMap>
<xCoord>121</xCoord>
<yCoord>189</yCoord>
</edgeMap>
<edgeMap>
<xCoord>120</xCoord>
<yCoord>189</yCoord>
</edgeMap>
<edgeMap>
<xCoord>119</xCoord>
<yCoord>189</yCoord>
</edgeMap>
<edgeMap>
<xCoord>118</xCoord>
<yCoord>189</yCoord>
</edgeMap>
<edgeMap>
<xCoord>117</xCoord>
<yCoord>189</yCoord>
</edgeMap>
<edgeMap>
<xCoord>116</xCoord>
<yCoord>189</yCoord>
</edgeMap>
<edgeMap>
<xCoord>115</xCoord>
<yCoord>189</yCoord>
</edgeMap>
<edgeMap>
<xCoord>114</xCoord>
<yCoord>190</yCoord>
</edgeMap>
<edgeMap>
<xCoord>113</xCoord>
<yCoord>191</yCoord>
</edgeMap>
<edgeMap>
<xCoord>112</xCoord>
<yCoord>192</yCoord>
</edgeMap>
<edgeMap>
<xCoord>112</xCoord>
<yCoord>193</yCoord>
</edgeMap>
<edgeMap>
<xCoord>112</xCoord>
<yCoord>194</yCoord>
</edgeMap>
<edgeMap>
<xCoord>112</xCoord>
<yCoord>195</yCoord>
</edgeMap>
<edgeMap>
<xCoord>112</xCoord>
<yCoord>196</yCoord>
</edgeMap>
<edgeMap>
<xCoord>112</xCoord>
<yCoord>197</yCoord>
</edgeMap>
<edgeMap>
<xCoord>112</xCoord>
<yCoord>198</yCoord>
</edgeMap>
<edgeMap>
<xCoord>113</xCoord>
<yCoord>199</yCoord>
</edgeMap>
<edgeMap>
<xCoord>113</xCoord>
<yCoord>200</yCoord>
</edgeMap>
<edgeMap>
<xCoord>114</xCoord>
<yCoord>201</yCoord>
</edgeMap>
<edgeMap>
<xCoord>115</xCoord>
<yCoord>202</yCoord>
</edgeMap>
<edgeMap>
<xCoord>115</xCoord>
<yCoord>203</yCoord>
</edgeMap>
<edgeMap>
<xCoord>116</xCoord>
<yCoord>204</yCoord>
</edgeMap>
<edgeMap>
<xCoord>117</xCoord>
<yCoord>204</yCoord>
</edgeMap>
<edgeMap>
<xCoord>118</xCoord>
<yCoord>205</yCoord>
</edgeMap>
<edgeMap>
<xCoord>119</xCoord>
<yCoord>205</yCoord>
</edgeMap>
<edgeMap>
<xCoord>120</xCoord>
<yCoord>205</yCoord>
</edgeMap>
<edgeMap>
<xCoord>121</xCoord>
<yCoord>205</yCoord>
</edgeMap>
</roi>
<roi>
<imageZposition>-174.75</imageZposition>
<imageSOP_UID>1.3.6.1.4.1.14519.5.2.1.6279.6001.363281228296238493725616237477</imageSOP_UID>
<inclusion>TRUE</inclusion>
<edgeMap>
<xCoord>119</xCoord>
<yCoord>206</yCoord>
</edgeMap>
<edgeMap>
<xCoord>120</xCoord>
<yCoord>205</yCoord>
</edgeMap>
<edgeMap>
<xCoord>121</xCoord>
<yCoord>205</yCoord>
</edgeMap>
<edgeMap>
<xCoord>122</xCoord>
<yCoord>204</yCoord>
</edgeMap>
<edgeMap>
<xCoord>123</xCoord>
<yCoord>203</yCoord>
</edgeMap>
<edgeMap>
<xCoord>124</xCoord>
<yCoord>202</yCoord>
</edgeMap>
<edgeMap>
<xCoord>125</xCoord>
<yCoord>201</yCoord>
</edgeMap>
<edgeMap>
<xCoord>125</xCoord>
<yCoord>200</yCoord>
</edgeMap>
<edgeMap>
<xCoord>126</xCoord>
<yCoord>199</yCoord>
</edgeMap>
<edgeMap>
<xCoord>126</xCoord>
<yCoord>198</yCoord>
</edgeMap>
<edgeMap>
<xCoord>126</xCoord>
<yCoord>197</yCoord>
</edgeMap>
<edgeMap>
<xCoord>126</xCoord>
<yCoord>196</yCoord>
</edgeMap>
<edgeMap>
<xCoord>126</xCoord>
<yCoord>195</yCoord>
</edgeMap>
<edgeMap>
<xCoord>126</xCoord>
<yCoord>194</yCoord>
</edgeMap>
<edgeMap>
<xCoord>126</xCoord>
<yCoord>193</yCoord>
</edgeMap>
<edgeMap>
<xCoord>126</xCoord>
<yCoord>192</yCoord>
</edgeMap>
<edgeMap>
<xCoord>125</xCoord>
<yCoord>191</yCoord>
</edgeMap>
<edgeMap>
<xCoord>124</xCoord>
<yCoord>190</yCoord>
</edgeMap>
<edgeMap>
<xCoord>123</xCoord>
<yCoord>189</yCoord>
</edgeMap>
<edgeMap>
<xCoord>122</xCoord>
<yCoord>189</yCoord>
</edgeMap>
<edgeMap>
<xCoord>121</xCoord>
<yCoord>188</yCoord>
</edgeMap>
<edgeMap>
<xCoord>120</xCoord>
<yCoord>188</yCoord>
</edgeMap>
<edgeMap>
<xCoord>119</xCoord>
<yCoord>188</yCoord>
</edgeMap>
<edgeMap>
<xCoord>118</xCoord>
<yCoord>188</yCoord>
</edgeMap>
<edgeMap>
<xCoord>117</xCoord>
<yCoord>188</yCoord>
</edgeMap>
<edgeMap>
<xCoord>116</xCoord>
<yCoord>188</yCoord>
</edgeMap>
<edgeMap>
<xCoord>115</xCoord>
<yCoord>189</yCoord>
</edgeMap>
<edgeMap>
<xCoord>114</xCoord>
<yCoord>190</yCoord>
</edgeMap>
<edgeMap>
<xCoord>113</xCoord>
<yCoord>191</yCoord>
</edgeMap>
<edgeMap>
<xCoord>113</xCoord>
<yCoord>192</yCoord>
</edgeMap>
<edgeMap>
<xCoord>112</xCoord>
<yCoord>193</yCoord>
</edgeMap>
<edgeMap>
<xCoord>112</xCoord>
<yCoord>194</yCoord>
</edgeMap>
<edgeMap>
<xCoord>112</xCoord>
<yCoord>195</yCoord>
</edgeMap>
<edgeMap>
<xCoord>112</xCoord>
<yCoord>196</yCoord>
</edgeMap>
<edgeMap>
<xCoord>112</xCoord>
<yCoord>197</yCoord>
</edgeMap>
<edgeMap>
<xCoord>113</xCoord>
<yCoord>198</yCoord>
</edgeMap>
<edgeMap>
<xCoord>113</xCoord>
<yCoord>199</yCoord>
</edgeMap>
<edgeMap>
<xCoord>113</xCoord>
<yCoord>200</yCoord>
</edgeMap>
<edgeMap>
<xCoord>113</xCoord>
<yCoord>201</yCoord>
</edgeMap>
<edgeMap>
<xCoord>113</xCoord>
<yCoord>202</yCoord>
</edgeMap>
<edgeMap>
<xCoord>114</xCoord>
<yCoord>203</yCoord>
</edgeMap>
<edgeMap>
<xCoord>115</xCoord>
<yCoord>204</yCoord>
</edgeMap>
<edgeMap>
<xCoord>116</xCoord>
<yCoord>205</yCoord>
</edgeMap>
<edgeMap>
<xCoord>117</xCoord>
<yCoord>205</yCoord>
</edgeMap>
<edgeMap>
<xCoord>118</xCoord>
<yCoord>206</yCoord>
</edgeMap>
<edgeMap>
<xCoord>119</xCoord>
<yCoord>206</yCoord>
</edgeMap>
</roi>
<roi>
<imageZposition>-177.25</imageZposition>
<imageSOP_UID>1.3.6.1.4.1.14519.5.2.1.6279.6001.959115833328999889068295727419</imageSOP_UID>
<inclusion>TRUE</inclusion>
<edgeMap>
<xCoord>120</xCoord>
<yCoord>204</yCoord>
</edgeMap>
<edgeMap>
<xCoord>121</xCoord>
<yCoord>203</yCoord>
</edgeMap>
<edgeMap>
<xCoord>122</xCoord>
<yCoord>202</yCoord>
</edgeMap>
<edgeMap>
<xCoord>123</xCoord>
<yCoord>201</yCoord>
</edgeMap>
<edgeMap>
<xCoord>124</xCoord>
<yCoord>200</yCoord>
</edgeMap>
<edgeMap>
<xCoord>125</xCoord>
<yCoord>199</yCoord>
</edgeMap>
<edgeMap>
<xCoord>125</xCoord>
<yCoord>198</yCoord>
</edgeMap>
<edgeMap>
<xCoord>125</xCoord>
<yCoord>197</yCoord>
</edgeMap>
<edgeMap>
<xCoord>125</xCoord>
<yCoord>196</yCoord>
</edgeMap>
<edgeMap>
<xCoord>125</xCoord>
<yCoord>195</yCoord>
</edgeMap>
<edgeMap>
<xCoord>125</xCoord>
<yCoord>194</yCoord>
</edgeMap>
<edgeMap>
<xCoord>125</xCoord>
<yCoord>193</yCoord>
</edgeMap>
<edgeMap>
<xCoord>124</xCoord>
<yCoord>192</yCoord>
</edgeMap>
<edgeMap>
<xCoord>123</xCoord>
<yCoord>191</yCoord>
</edgeMap>
<edgeMap>
<xCoord>122</xCoord>
<yCoord>190</yCoord>
</edgeMap>
<edgeMap>
<xCoord>121</xCoord>
<yCoord>190</yCoord>
</edgeMap>
<edgeMap>
<xCoord>120</xCoord>
<yCoord>189</yCoord>
</edgeMap>
<edgeMap>
<xCoord>119</xCoord>
<yCoord>188</yCoord>
</edgeMap>
<edgeMap>
<xCoord>118</xCoord>
<yCoord>187</yCoord>
</edgeMap>
<edgeMap>
<xCoord>117</xCoord>
<yCoord>187</yCoord>
</edgeMap>
<edgeMap>
<xCoord>116</xCoord>
<yCoord>187</yCoord>
</edgeMap>
<edgeMap>
<xCoord>115</xCoord>
<yCoord>188</yCoord>
</edgeMap>
<edgeMap>
<xCoord>114</xCoord>
<yCoord>189</yCoord>
</edgeMap>
<edgeMap>
<xCoord>114</xCoord>
<yCoord>190</yCoord>
</edgeMap>
<edgeMap>
<xCoord>114</xCoord>
<yCoord>191</yCoord>
</edgeMap>
<edgeMap>
<xCoord>113</xCoord>
<yCoord>192</yCoord>
</edgeMap>
<edgeMap>
<xCoord>113</xCoord>
<yCoord>193</yCoord>
</edgeMap>
<edgeMap>
<xCoord>113</xCoord>
<yCoord>194</yCoord>
</edgeMap>
<edgeMap>
<xCoord>114</xCoord>
<yCoord>195</yCoord>
</edgeMap>
<edgeMap>
<xCoord>114</xCoord>
<yCoord>196</yCoord>
</edgeMap>
<edgeMap>
<xCoord>114</xCoord>
<yCoord>197</yCoord>
</edgeMap>
<edgeMap>
<xCoord>114</xCoord>
<yCoord>198</yCoord>
</edgeMap>
<edgeMap>
<xCoord>114</xCoord>
<yCoord>199</yCoord>
</edgeMap>
<edgeMap>
<xCoord>114</xCoord>
<yCoord>200</yCoord>
</edgeMap>
<edgeMap>
<xCoord>114</xCoord>
<yCoord>201</yCoord>
</edgeMap>
<edgeMap>
<xCoord>115</xCoord>
<yCoord>202</yCoord>
</edgeMap>
<edgeMap>
<xCoord>116</xCoord>
<yCoord>203</yCoord>
</edgeMap>
<edgeMap>
<xCoord>117</xCoord>
<yCoord>203</yCoord>
</edgeMap>
<edgeMap>
<xCoord>118</xCoord>
<yCoord>204</yCoord>
</edgeMap>
<edgeMap>
<xCoord>119</xCoord>
<yCoord>204</yCoord>
</edgeMap>
<edgeMap>
<xCoord>120</xCoord>
<yCoord>204</yCoord>
</edgeMap>
</roi>
<roi>
<imageZposition>-179.75</imageZposition>
<imageSOP_UID>1.3.6.1.4.1.14519.5.2.1.6279.6001.175385564716768343340337230432</imageSOP_UID>
<inclusion>TRUE</inclusion>
<edgeMap>
<xCoord>121</xCoord>
<yCoord>202</yCoord>
</edgeMap>
<edgeMap>
<xCoord>122</xCoord>
<yCoord>201</yCoord>
</edgeMap>
<edgeMap>
<xCoord>123</xCoord>
<yCoord>200</yCoord>
</edgeMap>
<edgeMap>
<xCoord>124</xCoord>
<yCoord>199</yCoord>
</edgeMap>
<edgeMap>
<xCoord>124</xCoord>
<yCoord>198</yCoord>
</edgeMap>
<edgeMap>
<xCoord>124</xCoord>
<yCoord>197</yCoord>
</edgeMap>
<edgeMap>
<xCoord>124</xCoord>
<yCoord>196</yCoord>
</edgeMap>
<edgeMap>
<xCoord>124</xCoord>
<yCoord>195</yCoord>
</edgeMap>
<edgeMap>
<xCoord>123</xCoord>
<yCoord>194</yCoord>
</edgeMap>
<edgeMap>
<xCoord>122</xCoord>
<yCoord>193</yCoord>
</edgeMap>
<edgeMap>
<xCoord>121</xCoord>
<yCoord>192</yCoord>
</edgeMap>
<edgeMap>
<xCoord>120</xCoord>
<yCoord>192</yCoord>
</edgeMap>
<edgeMap>
<xCoord>119</xCoord>
<yCoord>191</yCoord>
</edgeMap>
<edgeMap>
<xCoord>118</xCoord>
<yCoord>191</yCoord>
</edgeMap>
<edgeMap>
<xCoord>117</xCoord>
<yCoord>191</yCoord>
</edgeMap>
<edgeMap>
<xCoord>116</xCoord>
<yCoord>192</yCoord>
</edgeMap>
<edgeMap>
<xCoord>115</xCoord>
<yCoord>193</yCoord>
</edgeMap>
<edgeMap>
<xCoord>115</xCoord>
<yCoord>194</yCoord>
</edgeMap>
<edgeMap>
<xCoord>115</xCoord>
<yCoord>195</yCoord>
</edgeMap>
<edgeMap>
<xCoord>115</xCoord>
<yCoord>196</yCoord>
</edgeMap>
<edgeMap>
<xCoord>115</xCoord>
<yCoord>197</yCoord>
</edgeMap>
<edgeMap>
<xCoord>116</xCoord>
<yCoord>198</yCoord>
</edgeMap>
<edgeMap>
<xCoord>116</xCoord>
<yCoord>199</yCoord>
</edgeMap>
<edgeMap>
<xCoord>116</xCoord>
<yCoord>200</yCoord>
</edgeMap>
<edgeMap>
<xCoord>117</xCoord>
<yCoord>201</yCoord>
</edgeMap>
<edgeMap>
<xCoord>118</xCoord>
<yCoord>202</yCoord>
</edgeMap>
<edgeMap>
<xCoord>119</xCoord>
<yCoord>202</yCoord>
</edgeMap>
<edgeMap>
<xCoord>120</xCoord>
<yCoord>202</yCoord>
</edgeMap>
<edgeMap>
<xCoord>121</xCoord>
<yCoord>202</yCoord>
</edgeMap>
</roi>
</unblindedReadNodule>
<unblindedReadNodule>
<noduleID>115550</noduleID>
<characteristics>
<subtlety>4</subtlety>
<internalStructure>1</internalStructure>
<calcification>3</calcification>
<sphericity>3</sphericity>
<margin>5</margin>
<lobulation>1</lobulation>
<spiculation>1</spiculation>
<texture>5</texture>
<malignancy>1</malignancy>
</characteristics>
<roi>
<imageZposition>-179.75</imageZposition>
<imageSOP_UID>1.3.6.1.4.1.14519.5.2.1.6279.6001.175385564716768343340337230432</imageSOP_UID>
<inclusion>TRUE</inclusion>
<edgeMap>
<xCoord>119</xCoord>
<yCoord>219</yCoord>
</edgeMap>
<edgeMap>
<xCoord>120</xCoord>
<yCoord>218</yCoord>
</edgeMap>
<edgeMap>
<xCoord>121</xCoord>
<yCoord>217</yCoord>
</edgeMap>
<edgeMap>
<xCoord>121</xCoord>
<yCoord>216</yCoord>
</edgeMap>
<edgeMap>
<xCoord>121</xCoord>
<yCoord>215</yCoord>
</edgeMap>
<edgeMap>
<xCoord>121</xCoord>
<yCoord>214</yCoord>
</edgeMap>
<edgeMap>
<xCoord>120</xCoord>
<yCoord>213</yCoord>
</edgeMap>
<edgeMap>
<xCoord>119</xCoord>
<yCoord>213</yCoord>
</edgeMap>
<edgeMap>
<xCoord>118</xCoord>
<yCoord>213</yCoord>
</edgeMap>
<edgeMap>
<xCoord>117</xCoord>
<yCoord>213</yCoord>
</edgeMap>
<edgeMap>
<xCoord>116</xCoord>
<yCoord>214</yCoord>
</edgeMap>
<edgeMap>
<xCoord>116</xCoord>
<yCoord>215</yCoord>
</edgeMap>
<edgeMap>
<xCoord>116</xCoord>
<yCoord>216</yCoord>
</edgeMap>
<edgeMap>
<xCoord>116</xCoord>
<yCoord>217</yCoord>
</edgeMap>
<edgeMap>
<xCoord>117</xCoord>
<yCoord>218</yCoord>
</edgeMap>
<edgeMap>
<xCoord>118</xCoord>
<yCoord>218</yCoord>
</edgeMap>
<edgeMap>
<xCoord>119</xCoord>
<yCoord>219</yCoord>
</edgeMap>
</roi>
<roi>
<imageZposition>-182.25</imageZposition>
<imageSOP_UID>1.3.6.1.4.1.14519.5.2.1.6279.6001.332479409753668804795515764271</imageSOP_UID>
<inclusion>TRUE</inclusion>
<edgeMap>
<xCoord>120</xCoord>
<yCoord>218</yCoord>
</edgeMap>
<edgeMap>
<xCoord>121</xCoord>
<yCoord>217</yCoord>
</edgeMap>
<edgeMap>
<xCoord>122</xCoord>
<yCoord>216</yCoord>
</edgeMap>
<edgeMap>
<xCoord>122</xCoord>
<yCoord>215</yCoord>
</edgeMap>
<edgeMap>
<xCoord>121</xCoord>
<yCoord>214</yCoord>
</edgeMap>
<edgeMap>
<xCoord>120</xCoord>
<yCoord>213</yCoord>
</edgeMap>
<edgeMap>
<xCoord>119</xCoord>
<yCoord>213</yCoord>
</edgeMap>
<edgeMap>
<xCoord>118</xCoord>
<yCoord>213</yCoord>
</edgeMap>
<edgeMap>
<xCoord>117</xCoord>
<yCoord>214</yCoord>
</edgeMap>
<edgeMap>
<xCoord>116</xCoord>
<yCoord>215</yCoord>
</edgeMap>
<edgeMap>
<xCoord>116</xCoord>
<yCoord>216</yCoord>
</edgeMap>
<edgeMap>
<xCoord>116</xCoord>
<yCoord>217</yCoord>
</edgeMap>
<edgeMap>
<xCoord>117</xCoord>
<yCoord>218</yCoord>
</edgeMap>
<edgeMap>
<xCoord>118</xCoord>
<yCoord>218</yCoord>
</edgeMap>
<edgeMap>
<xCoord>119</xCoord>
<yCoord>218</yCoord>
</edgeMap>
<edgeMap>
<xCoord>120</xCoord>
<yCoord>218</yCoord>
</edgeMap>
</roi>
</unblindedReadNodule>
</readingSession>
  <readingSession>
    <annotationVersion>3.12</annotationVersion>
    <servicingRadiologistID>anon</servicingRadiologistID>
    <unblindedReadNodule>
      <noduleID>128753</noduleID>
      <characteristics>
        <subtlety>5</subtlety>
        <internalStructure>1</internalStructure>
        <calcification>6</calcification>
        <sphericity>4</sphericity>
        <margin>5</margin>
        <lobulation>2</lobulation>
        <spiculation>1</spiculation>
        <texture>5</texture>
        <malignancy>4</malignancy>
      </characteristics>
      <roi>
        <imageZposition>-169.75</imageZposition>
        <imageSOP_UID>1.3.6.1.4.1.14519.5.2.1.6279.6001.416117993405399669748437775377</imageSOP_UID>
        <inclusion>TRUE</inclusion>
        <edgeMap>
          <xCoord>124</xCoord>
          <yCoord>203</yCoord>
        </edgeMap>
        <edgeMap>
          <xCoord>124</xCoord>
          <yCoord>202</yCoord>
        </edgeMap>
        <edgeMap>
          <xCoord>124</xCoord>
          <yCoord>201</yCoord>
        </edgeMap>
        <edgeMap>
          <xCoord>125</xCoord>
          <yCoord>200</yCoord>
        </edgeMap>
        <edgeMap>
          <xCoord>125</xCoord>
          <yCoord>199</yCoord>
        </edgeMap>
        <edgeMap>
          <xCoord>125</xCoord>
          <yCoord>198</yCoord>
        </edgeMap>
        <edgeMap>
          <xCoord>125</xCoord>
          <yCoord>197</yCoord>
        </edgeMap>
        <edgeMap>
          <xCoord>125</xCoord>
          <yCoord>196</yCoord>
        </edgeMap>
        <edgeMap>
          <xCoord>125</xCoord>
          <yCoord>195</yCoord>
        </edgeMap>
        <edgeMap>
          <xCoord>124</xCoord>
          <yCoord>194</yCoord>
        </edgeMap>
        <edgeMap>
          <xCoord>124</xCoord>
          <yCoord>193</yCoord>
        </edgeMap>
        <edgeMap>
          <xCoord>123</xCoord>
          <yCoord>192</yCoord>
        </edgeMap>
        <edgeMap>
          <xCoord>122</xCoord>
          <yCoord>191</yCoord>
        </edgeMap>
        <edgeMap>
          <xCoord>121</xCoord>
          <yCoord>191</yCoord>
        </edgeMap>
        <edgeMap>
          <xCoord>120</xCoord>
          <yCoord>191</yCoord>
        </edgeMap>
        <edgeMap>
          <xCoord>119</xCoord>
          <yCoord>191</yCoord>
        </edgeMap>
        <edgeMap>
          <xCoord>118</xCoord>
          <yCoord>191</yCoord>
        </edgeMap>
        <edgeMap>
          <xCoord>117</xCoord>
          <yCoord>191</yCoord>
        </edgeMap>
        <edgeMap>
          <xCoord>116</xCoord>
          <yCoord>191</yCoord>
        </edgeMap>
        <edgeMap>
          <xCoord>115</xCoord>
          <yCoord>191</yCoord>
        </edgeMap>
        <edgeMap>
          <xCoord>114</xCoord>
          <yCoord>192</yCoord>
        </edgeMap>
        <edgeMap>
          <xCoord>113</xCoord>
          <yCoord>193</yCoord>
        </edgeMap>
        <edgeMap>
          <xCoord>113</xCoord>
          <yCoord>194</yCoord>
        </edgeMap>
        <edgeMap>
          <xCoord>113</xCoord>
          <yCoord>195</yCoord>
        </edgeMap>
        <edgeMap>
          <xCoord>113</xCoord>
          <yCoord>196</yCoord>
        </edgeMap>
        <edgeMap>
          <xCoord>113</xCoord>
          <yCoord>197</yCoord>
        </edgeMap>
        <edgeMap>
          <xCoord>114</xCoord>
          <yCoord>198</yCoord>
        </edgeMap>
        <edgeMap>
          <xCoord>115</xCoord>
          <yCoord>199</yCoord>
        </edgeMap>
        <edgeMap>
          <xCoord>116</xCoord>
          <yCoord>200</yCoord>
        </edgeMap>
        <edgeMap>
          <xCoord>117</xCoord>
          <yCoord>201</yCoord>
        </edgeMap>
        <edgeMap>
          <xCoord>118</xCoord>
          <yCoord>201</yCoord>
        </edgeMap>
        <edgeMap>
          <xCoord>119</xCoord>
          <yCoord>202</yCoord>
        </edgeMap>
        <edgeMap>
          <xCoord>120</xCoord>
          <yCoord>202</yCoord>
        </edgeMap>
        <edgeMap>
          <xCoord>121</xCoord>
          <yCoord>203</yCoord>
        </edgeMap>
        <edgeMap>
          <xCoord>122</xCoord>
          <yCoord>203</yCoord>
        </edgeMap>
        <edgeMap>
          <xCoord>123</xCoord>
          <yCoord>203</yCoord>
        </edgeMap>
        <edgeMap>
          <xCoord>124</xCoord>
          <yCoord>203</yCoord>
        </edgeMap>
      </roi>
      <roi>
        <imageZposition>-172.25</imageZposition>
        <imageSOP_UID>1.3.6.1.4.1.14519.5.2.1.6279.6001.913968921464371668570906411693</imageSOP_UID>
        <inclusion>TRUE</inclusion>
        <edgeMap>
          <xCoord>124</xCoord>
          <yCoord>203</yCoord>
        </edgeMap>
        <edgeMap>
          <xCoord>125</xCoord>
          <yCoord>202</yCoord>
        </edgeMap>
        <edgeMap>
          <xCoord>125</xCoord>
          <yCoord>201</yCoord>
        </edgeMap>
        <edgeMap>
          <xCoord>125</xCoord>
          <yCoord>200</yCoord>
        </edgeMap>
        <edgeMap>
          <xCoord>125</xCoord>
          <yCoord>199</yCoord>
        </edgeMap>
        <edgeMap>
          <xCoord>125</xCoord>
          <yCoord>198</yCoord>
        </edgeMap>
        <edgeMap>
          <xCoord>125</xCoord>
          <yCoord>197</yCoord>
        </edgeMap>
        <edgeMap>
          <xCoord>125</xCoord>
          <yCoord>196</yCoord>
        </edgeMap>
        <edgeMap>
          <xCoord>125</xCoord>
          <yCoord>195</yCoord>
        </edgeMap>
        <edgeMap>
          <xCoord>125</xCoord>
          <yCoord>194</yCoord>
        </edgeMap>
        <edgeMap>
          <xCoord>125</xCoord>
          <yCoord>193</yCoord>
        </edgeMap>
        <edgeMap>
          <xCoord>124</xCoord>
          <yCoord>192</yCoord>
        </edgeMap>
        <edgeMap>
          <xCoord>124</xCoord>
          <yCoord>191</yCoord>
        </edgeMap>
        <edgeMap>
          <xCoord>123</xCoord>
          <yCoord>191</yCoord>
        </edgeMap>
        <edgeMap>
          <xCoord>122</xCoord>
          <yCoord>190</yCoord>
        </edgeMap>
        <edgeMap>
          <xCoord>121</xCoord>
          <yCoord>190</yCoord>
        </edgeMap>
        <edgeMap>
          <xCoord>120</xCoord>
          <yCoord>189</yCoord>
        </edgeMap>
        <edgeMap>
          <xCoord>119</xCoord>
          <yCoord>189</yCoord>
        </edgeMap>
        <edgeMap>
          <xCoord>118</xCoord>
          <yCoord>189</yCoord>
        </edgeMap>
        <edgeMap>
          <xCoord>117</xCoord>
          <yCoord>189</yCoord>
        </edgeMap>
        <edgeMap>
          <xCoord>116</xCoord>
          <yCoord>189</yCoord>
        </edgeMap>
        <edgeMap>
          <xCoord>115</xCoord>
          <yCoord>189</yCoord>
        </edgeMap>
        <edgeMap>
          <xCoord>114</xCoord>
          <yCoord>189</yCoord>
        </edgeMap>
        <edgeMap>
          <xCoord>113</xCoord>
          <yCoord>189</yCoord>
        </edgeMap>
        <edgeMap>
          <xCoord>112</xCoord>
          <yCoord>189</yCoord>
        </edgeMap>
        <edgeMap>
          <xCoord>112</xCoord>
          <yCoord>190</yCoord>
        </edgeMap>
        <edgeMap>
          <xCoord>111</xCoord>
          <yCoord>191</yCoord>
        </edgeMap>
        <edgeMap>
          <xCoord>111</xCoord>
          <yCoord>192</yCoord>
        </edgeMap>
        <edgeMap>
          <xCoord>111</xCoord>
          <yCoord>193</yCoord>
        </edgeMap>
        <edgeMap>
          <xCoord>111</xCoord>
          <yCoord>194</yCoord>
        </edgeMap>
        <edgeMap>
          <xCoord>111</xCoord>
          <yCoord>195</yCoord>
        </edgeMap>
        <edgeMap>
          <xCoord>111</xCoord>
          <yCoord>196</yCoord>
        </edgeMap>
        <edgeMap>
          <xCoord>111</xCoord>
          <yCoord>197</yCoord>
        </edgeMap>
        <edgeMap>
          <xCoord>111</xCoord>
          <yCoord>198</yCoord>
        </edgeMap>
        <edgeMap>
          <xCoord>112</xCoord>
          <yCoord>199</yCoord>
        </edgeMap>
        <edgeMap>
          <xCoord>113</xCoord>
          <yCoord>200</yCoord>
        </edgeMap>
        <edgeMap>
          <xCoord>114</xCoord>
          <yCoord>200</yCoord>
        </edgeMap>
        <edgeMap>
          <xCoord>115</xCoord>
          <yCoord>201</yCoord>
        </edgeMap>
        <edgeMap>
          <xCoord>115</xCoord>
          <yCoord>202</yCoord>
        </edgeMap>
        <edgeMap>
          <xCoord>116</xCoord>
          <yCoord>202</yCoord>
        </edgeMap>
        <edgeMap>
          <xCoord>117</xCoord>
          <yCoord>202</yCoord>
        </edgeMap>
        <edgeMap>
          <xCoord>118</xCoord>
          <yCoord>202</yCoord>
        </edgeMap>
        <edgeMap>
          <xCoord>119</xCoord>
          <yCoord>202</yCoord>
        </edgeMap>
        <edgeMap>
          <xCoord>120</xCoord>
          <yCoord>203</yCoord>
        </edgeMap>
        <edgeMap>
          <xCoord>121</xCoord>
          <yCoord>203</yCoord>
        </edgeMap>
        <edgeMap>
          <xCoord>122</xCoord>
          <yCoord>203</yCoord>
        </edgeMap>
        <edgeMap>
          <xCoord>123</xCoord>
          <yCoord>203</yCoord>
        </edgeMap>
        <edgeMap>
          <xCoord>124</xCoord>
          <yCoord>203</yCoord>
        </edgeMap>
      </roi>
      <roi>
        <imageZposition>-174.75</imageZposition>
        <imageSOP_UID>1.3.6.1.4.1.14519.5.2.1.6279.6001.363281228296238493725616237477</imageSOP_UID>
        <inclusion>TRUE</inclusion>
        <edgeMap>
          <xCoord>120</xCoord>
          <yCoord>205</yCoord>
        </edgeMap>
        <edgeMap>
          <xCoord>121</xCoord>
          <yCoord>204</yCoord>
        </edgeMap>
        <edgeMap>
          <xCoord>122</xCoord>
          <yCoord>203</yCoord>
        </edgeMap>
        <edgeMap>
          <xCoord>123</xCoord>
          <yCoord>202</yCoord>
        </edgeMap>
        <edgeMap>
          <xCoord>123</xCoord>
          <yCoord>201</yCoord>
        </edgeMap>
        <edgeMap>
          <xCoord>124</xCoord>
          <yCoord>200</yCoord>
        </edgeMap>
        <edgeMap>
          <xCoord>124</xCoord>
          <yCoord>199</yCoord>
        </edgeMap>
        <edgeMap>
          <xCoord>125</xCoord>
          <yCoord>198</yCoord>
        </edgeMap>
        <edgeMap>
          <xCoord>125</xCoord>
          <yCoord>197</yCoord>
        </edgeMap>
        <edgeMap>
          <xCoord>126</xCoord>
          <yCoord>196</yCoord>
        </edgeMap>
        <edgeMap>
          <xCoord>126</xCoord>
          <yCoord>195</yCoord>
        </edgeMap>
        <edgeMap>
          <xCoord>126</xCoord>
          <yCoord>194</yCoord>
        </edgeMap>
        <edgeMap>
          <xCoord>126</xCoord>
          <yCoord>193</yCoord>
        </edgeMap>
        <edgeMap>
          <xCoord>125</xCoord>
          <yCoord>192</yCoord>
        </edgeMap>
        <edgeMap>
          <xCoord>125</xCoord>
          <yCoord>191</yCoord>
        </edgeMap>
        <edgeMap>
          <xCoord>124</xCoord>
          <yCoord>190</yCoord>
        </edgeMap>
        <edgeMap>
          <xCoord>123</xCoord>
          <yCoord>190</yCoord>
        </edgeMap>
        <edgeMap>
          <xCoord>122</xCoord>
          <yCoord>189</yCoord>
        </edgeMap>
        <edgeMap>
          <xCoord>121</xCoord>
          <yCoord>189</yCoord>
        </edgeMap>
        <edgeMap>
          <xCoord>120</xCoord>
          <yCoord>188</yCoord>
        </edgeMap>
        <edgeMap>
          <xCoord>119</xCoord>
          <yCoord>187</yCoord>
        </edgeMap>
        <edgeMap>
          <xCoord>118</xCoord>
          <yCoord>187</yCoord>
        </edgeMap>
        <edgeMap>
          <xCoord>117</xCoord>
          <yCoord>187</yCoord>
        </edgeMap>
        <edgeMap>
          <xCoord>116</xCoord>
          <yCoord>187</yCoord>
        </edgeMap>
        <edgeMap>
          <xCoord>115</xCoord>
          <yCoord>188</yCoord>
        </edgeMap>
        <edgeMap>
          <xCoord>114</xCoord>
          <yCoord>189</yCoord>
        </edgeMap>
        <edgeMap>
          <xCoord>113</xCoord>
          <yCoord>190</yCoord>
        </edgeMap>
        <edgeMap>
          <xCoord>112</xCoord>
          <yCoord>190</yCoord>
        </edgeMap>
        <edgeMap>
          <xCoord>112</xCoord>
          <yCoord>191</yCoord>
        </edgeMap>
        <edgeMap>
          <xCoord>112</xCoord>
          <yCoord>192</yCoord>
        </edgeMap>
        <edgeMap>
          <xCoord>112</xCoord>
          <yCoord>193</yCoord>
        </edgeMap>
        <edgeMap>
          <xCoord>112</xCoord>
          <yCoord>194</yCoord>
        </edgeMap>
        <edgeMap>
          <xCoord>112</xCoord>
          <yCoord>195</yCoord>
        </edgeMap>
        <edgeMap>
          <xCoord>112</xCoord>
          <yCoord>196</yCoord>
        </edgeMap>
        <edgeMap>
          <xCoord>112</xCoord>
          <yCoord>197</yCoord>
        </edgeMap>
        <edgeMap>
          <xCoord>112</xCoord>
          <yCoord>198</yCoord>
        </edgeMap>
        <edgeMap>
          <xCoord>112</xCoord>
          <yCoord>199</yCoord>
        </edgeMap>
        <edgeMap>
          <xCoord>112</xCoord>
          <yCoord>200</yCoord>
        </edgeMap>
        <edgeMap>
          <xCoord>112</xCoord>
          <yCoord>201</yCoord>
        </edgeMap>
        <edgeMap>
          <xCoord>112</xCoord>
          <yCoord>202</yCoord>
        </edgeMap>
        <edgeMap>
          <xCoord>112</xCoord>
          <yCoord>203</yCoord>
        </edgeMap>
        <edgeMap>
          <xCoord>113</xCoord>
          <yCoord>203</yCoord>
        </edgeMap>
        <edgeMap>
          <xCoord>114</xCoord>
          <yCoord>203</yCoord>
        </edgeMap>
        <edgeMap>
          <xCoord>115</xCoord>
          <yCoord>204</yCoord>
        </edgeMap>
        <edgeMap>
          <xCoord>116</xCoord>
          <yCoord>205</yCoord>
        </edgeMap>
        <edgeMap>
          <xCoord>117</xCoord>
          <yCoord>205</yCoord>
        </edgeMap>
        <edgeMap>
          <xCoord>118</xCoord>
          <yCoord>205</yCoord>
        </edgeMap>
        <edgeMap>
          <xCoord>119</xCoord>
          <yCoord>205</yCoord>
        </edgeMap>
        <edgeMap>
          <xCoord>120</xCoord>
          <yCoord>205</yCoord>
        </edgeMap>
      </roi>
      <roi>
        <imageZposition>-177.25</imageZposition>
        <imageSOP_UID>1.3.6.1.4.1.14519.5.2.1.6279.6001.959115833328999889068295727419</imageSOP_UID>
        <inclusion>TRUE</inclusion>
        <edgeMap>
          <xCoord>120</xCoord>
          <yCoord>204</yCoord>
        </edgeMap>
        <edgeMap>
          <xCoord>121</xCoord>
          <yCoord>203</yCoord>
        </edgeMap>
        <edgeMap>
          <xCoord>122</xCoord>
          <yCoord>202</yCoord>
        </edgeMap>
        <edgeMap>
          <xCoord>123</xCoord>
          <yCoord>201</yCoord>
        </edgeMap>
        <edgeMap>
          <xCoord>124</xCoord>
          <yCoord>200</yCoord>
        </edgeMap>
        <edgeMap>
          <xCoord>125</xCoord>
          <yCoord>199</yCoord>
        </edgeMap>
        <edgeMap>
          <xCoord>125</xCoord>
          <yCoord>198</yCoord>
        </edgeMap>
        <edgeMap>
          <xCoord>125</xCoord>
          <yCoord>197</yCoord>
        </edgeMap>
        <edgeMap>
          <xCoord>125</xCoord>
          <yCoord>196</yCoord>
        </edgeMap>
        <edgeMap>
          <xCoord>125</xCoord>
          <yCoord>195</yCoord>
        </edgeMap>
        <edgeMap>
          <xCoord>125</xCoord>
          <yCoord>194</yCoord>
        </edgeMap>
        <edgeMap>
          <xCoord>125</xCoord>
          <yCoord>193</yCoord>
        </edgeMap>
        <edgeMap>
          <xCoord>124</xCoord>
          <yCoord>192</yCoord>
        </edgeMap>
        <edgeMap>
          <xCoord>123</xCoord>
          <yCoord>191</yCoord>
        </edgeMap>
        <edgeMap>
          <xCoord>122</xCoord>
          <yCoord>190</yCoord>
        </edgeMap>
        <edgeMap>
          <xCoord>121</xCoord>
          <yCoord>190</yCoord>
        </edgeMap>
        <edgeMap>
          <xCoord>120</xCoord>
          <yCoord>189</yCoord>
        </edgeMap>
        <edgeMap>
          <xCoord>119</xCoord>
          <yCoord>188</yCoord>
        </edgeMap>
        <edgeMap>
          <xCoord>118</xCoord>
          <yCoord>187</yCoord>
        </edgeMap>
        <edgeMap>
          <xCoord>117</xCoord>
          <yCoord>187</yCoord>
        </edgeMap>
        <edgeMap>
          <xCoord>116</xCoord>
          <yCoord>187</yCoord>
        </edgeMap>
        <edgeMap>
          <xCoord>115</xCoord>
          <yCoord>188</yCoord>
        </edgeMap>
        <edgeMap>
          <xCoord>114</xCoord>
          <yCoord>189</yCoord>
        </edgeMap>
        <edgeMap>
          <xCoord>114</xCoord>
          <yCoord>190</yCoord>
        </edgeMap>
        <edgeMap>
          <xCoord>114</xCoord>
          <yCoord>191</yCoord>
        </edgeMap>
        <edgeMap>
          <xCoord>113</xCoord>
          <yCoord>192</yCoord>
        </edgeMap>
        <edgeMap>
          <xCoord>113</xCoord>
          <yCoord>193</yCoord>
        </edgeMap>
        <edgeMap>
          <xCoord>113</xCoord>
          <yCoord>194</yCoord>
        </edgeMap>
        <edgeMap>
          <xCoord>114</xCoord>
          <yCoord>195</yCoord>
        </edgeMap>
        <edgeMap>
          <xCoord>114</xCoord>
          <yCoord>196</yCoord>
        </edgeMap>
        <edgeMap>
          <xCoord>114</xCoord>
          <yCoord>197</yCoord>
        </edgeMap>
        <edgeMap>
          <xCoord>114</xCoord>
          <yCoord>198</yCoord>
        </edgeMap>
        <edgeMap>
          <xCoord>114</xCoord>
          <yCoord>199</yCoord>
        </edgeMap>
        <edgeMap>
          <xCoord>114</xCoord>
          <yCoord>200</yCoord>
        </edgeMap>
        <edgeMap>
          <xCoord>114</xCoord>
          <yCoord>201</yCoord>
        </edgeMap>
        <edgeMap>
          <xCoord>115</xCoord>
          <yCoord>202</yCoord>
        </edgeMap>
        <edgeMap>
          <xCoord>116</xCoord>
          <yCoord>203</yCoord>
        </edgeMap>
        <edgeMap>
          <xCoord>117</xCoord>
          <yCoord>203</yCoord>
        </edgeMap>
        <edgeMap>
          <xCoord>118</xCoord>
          <yCoord>204</yCoord>
        </edgeMap>
        <edgeMap>
          <xCoord>119</xCoord>
          <yCoord>204</yCoord>
        </edgeMap>
        <edgeMap>
          <xCoord>120</xCoord>
          <yCoord>204</yCoord>
        </edgeMap>
      </roi>
      <roi>
        <imageZposition>-179.75</imageZposition>
        <imageSOP_UID>1.3.6.1.4.1.14519.5.2.1.6279.6001.175385564716768343340337230432</imageSOP_UID>
        <inclusion>TRUE</inclusion>
        <edgeMap>
          <xCoord>120</xCoord>
          <yCoord>202</yCoord>
        </edgeMap>
        <edgeMap>
          <xCoord>121</xCoord>
          <yCoord>201</yCoord>
        </edgeMap>
        <edgeMap>
          <xCoord>122</xCoord>
          <yCoord>200</yCoord>
        </edgeMap>
        <edgeMap>
          <xCoord>123</xCoord>
          <yCoord>199</yCoord>
        </edgeMap>
        <edgeMap>
          <xCoord>123</xCoord>
          <yCoord>198</yCoord>
        </edgeMap>
        <edgeMap>
          <xCoord>123</xCoord>
          <yCoord>197</yCoord>
        </edgeMap>
        <edgeMap>
          <xCoord>124</xCoord>
          <yCoord>196</yCoord>
        </edgeMap>
        <edgeMap>
          <xCoord>123</xCoord>
          <yCoord>195</yCoord>
        </edgeMap>
        <edgeMap>
          <xCoord>122</xCoord>
          <yCoord>194</yCoord>
        </edgeMap>
        <edgeMap>
          <xCoord>121</xCoord>
          <yCoord>193</yCoord>
        </edgeMap>
        <edgeMap>
          <xCoord>120</xCoord>
          <yCoord>193</yCoord>
        </edgeMap>
        <edgeMap>
          <xCoord>119</xCoord>
          <yCoord>192</yCoord>
        </edgeMap>
        <edgeMap>
          <xCoord>118</xCoord>
          <yCoord>192</yCoord>
        </edgeMap>
        <edgeMap>
          <xCoord>117</xCoord>
          <yCoord>192</yCoord>
        </edgeMap>
        <edgeMap>
          <xCoord>116</xCoord>
          <yCoord>193</yCoord>
        </edgeMap>
        <edgeMap>
          <xCoord>116</xCoord>
          <yCoord>194</yCoord>
        </edgeMap>
        <edgeMap>
          <xCoord>116</xCoord>
          <yCoord>195</yCoord>
        </edgeMap>
        <edgeMap>
          <xCoord>116</xCoord>
          <yCoord>196</yCoord>
        </edgeMap>
        <edgeMap>
          <xCoord>116</xCoord>
          <yCoord>197</yCoord>
        </edgeMap>
        <edgeMap>
          <xCoord>117</xCoord>
          <yCoord>198</yCoord>
        </edgeMap>
        <edgeMap>
          <xCoord>117</xCoord>
          <yCoord>199</yCoord>
        </edgeMap>
        <edgeMap>
          <xCoord>117</xCoord>
          <yCoord>200</yCoord>
        </edgeMap>
        <edgeMap>
          <xCoord>118</xCoord>
          <yCoord>201</yCoord>
        </edgeMap>
        <edgeMap>
          <xCoord>119</xCoord>
          <yCoord>201</yCoord>
        </edgeMap>
        <edgeMap>
          <xCoord>120</xCoord>
          <yCoord>202</yCoord>
        </edgeMap>
      </roi>
    </unblindedReadNodule>
  </readingSession>
  <readingSession>
    <annotationVersion>3.12</annotationVersion>
    <servicingRadiologistID>anon</servicingRadiologistID>
    <unblindedReadNodule>
      <noduleID>Nodule 001</noduleID>
      <characteristics>
        <subtlety>5</subtlety>
        <internalStructure>1</internalStructure>
        <calcification>6</calcification>
        <sphericity>4</sphericity>
        <margin>5</margin>
        <lobulation>1</lobulation>
        <spiculation>1</spiculation>
        <texture>5</texture>
        <malignancy>3</malignancy>
      </characteristics>
      <roi>
        <imageZposition>-179.750000 </imageZposition>
        <imageSOP_UID>1.3.6.1.4.1.14519.5.2.1.6279.6001.175385564716768343340337230432</imageSOP_UID>
        <inclusion>TRUE</inclusion>
        <edgeMap>
          <xCoord>115</xCoord>
          <yCoord>190</yCoord>
        </edgeMap>
        <edgeMap>
          <xCoord>114</xCoord>
          <yCoord>191</yCoord>
        </edgeMap>
        <edgeMap>
          <xCoord>113</xCoord>
          <yCoord>192</yCoord>
        </edgeMap>
        <edgeMap>
          <xCoord>113</xCoord>
          <yCoord>193</yCoord>
        </edgeMap>
        <edgeMap>
          <xCoord>113</xCoord>
          <yCoord>194</yCoord>
        </edgeMap>
        <edgeMap>
          <xCoord>113</xCoord>
          <yCoord>195</yCoord>
        </edgeMap>
        <edgeMap>
          <xCoord>113</xCoord>
          <yCoord>196</yCoord>
        </edgeMap>
        <edgeMap>
          <xCoord>113</xCoord>
          <yCoord>197</yCoord>
        </edgeMap>
        <edgeMap>
          <xCoord>113</xCoord>
          <yCoord>198</yCoord>
        </edgeMap>
        <edgeMap>
          <xCoord>114</xCoord>
          <yCoord>199</yCoord>
        </edgeMap>
        <edgeMap>
          <xCoord>114</xCoord>
          <yCoord>200</yCoord>
        </edgeMap>
        <edgeMap>
          <xCoord>115</xCoord>
          <yCoord>201</yCoord>
        </edgeMap>
        <edgeMap>
          <xCoord>116</xCoord>
          <yCoord>201</yCoord>
        </edgeMap>
        <edgeMap>
          <xCoord>117</xCoord>
          <yCoord>201</yCoord>
        </edgeMap>
        <edgeMap>
          <xCoord>118</xCoord>
          <yCoord>202</yCoord>
        </edgeMap>
        <edgeMap>
          <xCoord>119</xCoord>
          <yCoord>202</yCoord>
        </edgeMap>
        <edgeMap>
          <xCoord>120</xCoord>
          <yCoord>202</yCoord>
        </edgeMap>
        <edgeMap>
          <xCoord>121</xCoord>
          <yCoord>202</yCoord>
        </edgeMap>
        <edgeMap>
          <xCoord>122</xCoord>
          <yCoord>201</yCoord>
        </edgeMap>
        <edgeMap>
          <xCoord>123</xCoord>
          <yCoord>200</yCoord>
        </edgeMap>
        <edgeMap>
          <xCoord>124</xCoord>
          <yCoord>199</yCoord>
        </edgeMap>
        <edgeMap>
          <xCoord>124</xCoord>
          <yCoord>198</yCoord>
        </edgeMap>
        <edgeMap>
          <xCoord>124</xCoord>
          <yCoord>197</yCoord>
        </edgeMap>
        <edgeMap>
          <xCoord>124</xCoord>
          <yCoord>196</yCoord>
        </edgeMap>
        <edgeMap>
          <xCoord>124</xCoord>
          <yCoord>195</yCoord>
        </edgeMap>
        <edgeMap>
          <xCoord>123</xCoord>
          <yCoord>194</yCoord>
        </edgeMap>
        <edgeMap>
          <xCoord>122</xCoord>
          <yCoord>193</yCoord>
        </edgeMap>
        <edgeMap>
          <xCoord>121</xCoord>
          <yCoord>192</yCoord>
        </edgeMap>
        <edgeMap>
          <xCoord>120</xCoord>
          <yCoord>191</yCoord>
        </edgeMap>
        <edgeMap>
          <xCoord>119</xCoord>
          <yCoord>190</yCoord>
        </edgeMap>
        <edgeMap>
          <xCoord>118</xCoord>
          <yCoord>190</yCoord>
        </edgeMap>
        <edgeMap>
          <xCoord>117</xCoord>
          <yCoord>190</yCoord>
        </edgeMap>
        <edgeMap>
          <xCoord>116</xCoord>
          <yCoord>190</yCoord>
        </edgeMap>
        <edgeMap>
          <xCoord>115</xCoord>
          <yCoord>190</yCoord>
        </edgeMap>
      </roi>
      <roi>
        <imageZposition>-177.250000 </imageZposition>
        <imageSOP_UID>1.3.6.1.4.1.14519.5.2.1.6279.6001.959115833328999889068295727419</imageSOP_UID>
        <inclusion>TRUE</inclusion>
        <edgeMap>
          <xCoord>115</xCoord>
          <yCoord>186</yCoord>
        </edgeMap>
        <edgeMap>
          <xCoord>114</xCoord>
          <yCoord>187</yCoord>
        </edgeMap>
        <edgeMap>
          <xCoord>114</xCoord>
          <yCoord>188</yCoord>
        </edgeMap>
        <edgeMap>
          <xCoord>113</xCoord>
          <yCoord>189</yCoord>
        </edgeMap>
        <edgeMap>
          <xCoord>113</xCoord>
          <yCoord>190</yCoord>
        </edgeMap>
        <edgeMap>
          <xCoord>112</xCoord>
          <yCoord>191</yCoord>
        </edgeMap>
        <edgeMap>
          <xCoord>112</xCoord>
          <yCoord>192</yCoord>
        </edgeMap>
        <edgeMap>
          <xCoord>112</xCoord>
          <yCoord>193</yCoord>
        </edgeMap>
        <edgeMap>
          <xCoord>112</xCoord>
          <yCoord>194</yCoord>
        </edgeMap>
        <edgeMap>
          <xCoord>112</xCoord>
          <yCoord>195</yCoord>
        </edgeMap>
        <edgeMap>
          <xCoord>112</xCoord>
          <yCoord>196</yCoord>
        </edgeMap>
        <edgeMap>
          <xCoord>112</xCoord>
          <yCoord>197</yCoord>
        </edgeMap>
        <edgeMap>
          <xCoord>112</xCoord>
          <yCoord>198</yCoord>
        </edgeMap>
        <edgeMap>
          <xCoord>112</xCoord>
          <yCoord>199</yCoord>
        </edgeMap>
        <edgeMap>
          <xCoord>112</xCoord>
          <yCoord>200</yCoord>
        </edgeMap>
        <edgeMap>
          <xCoord>112</xCoord>
          <yCoord>201</yCoord>
        </edgeMap>
        <edgeMap>
          <xCoord>112</xCoord>
          <yCoord>202</yCoord>
        </edgeMap>
        <edgeMap>
          <xCoord>112</xCoord>
          <yCoord>203</yCoord>
        </edgeMap>
        <edgeMap>
          <xCoord>113</xCoord>
          <yCoord>204</yCoord>
        </edgeMap>
        <edgeMap>
          <xCoord>114</xCoord>
          <yCoord>204</yCoord>
        </edgeMap>
        <edgeMap>
          <xCoord>115</xCoord>
          <yCoord>205</yCoord>
        </edgeMap>
        <edgeMap>
          <xCoord>116</xCoord>
          <yCoord>206</yCoord>
        </edgeMap>
        <edgeMap>
          <xCoord>117</xCoord>
          <yCoord>206</yCoord>
        </edgeMap>
        <edgeMap>
          <xCoord>118</xCoord>
          <yCoord>206</yCoord>
        </edgeMap>
        <edgeMap>
          <xCoord>119</xCoord>
          <yCoord>205</yCoord>
        </edgeMap>
        <edgeMap>
          <xCoord>120</xCoord>
          <yCoord>204</yCoord>
        </edgeMap>
        <edgeMap>
          <xCoord>121</xCoord>
          <yCoord>203</yCoord>
        </edgeMap>
        <edgeMap>
          <xCoord>122</xCoord>
          <yCoord>202</yCoord>
        </edgeMap>
        <edgeMap>
          <xCoord>123</xCoord>
          <yCoord>201</yCoord>
        </edgeMap>
        <edgeMap>
          <xCoord>124</xCoord>
          <yCoord>200</yCoord>
        </edgeMap>
        <edgeMap>
          <xCoord>124</xCoord>
          <yCoord>199</yCoord>
        </edgeMap>
        <edgeMap>
          <xCoord>125</xCoord>
          <yCoord>198</yCoord>
        </edgeMap>
        <edgeMap>
          <xCoord>125</xCoord>
          <yCoord>197</yCoord>
        </edgeMap>
        <edgeMap>
          <xCoord>125</xCoord>
          <yCoord>196</yCoord>
        </edgeMap>
        <edgeMap>
          <xCoord>125</xCoord>
          <yCoord>195</yCoord>
        </edgeMap>
        <edgeMap>
          <xCoord>124</xCoord>
          <yCoord>194</yCoord>
        </edgeMap>
        <edgeMap>
          <xCoord>124</xCoord>
          <yCoord>193</yCoord>
        </edgeMap>
        <edgeMap>
          <xCoord>123</xCoord>
          <yCoord>192</yCoord>
        </edgeMap>
        <edgeMap>
          <xCoord>123</xCoord>
          <yCoord>191</yCoord>
        </edgeMap>
        <edgeMap>
          <xCoord>122</xCoord>
          <yCoord>190</yCoord>
        </edgeMap>
        <edgeMap>
          <xCoord>121</xCoord>
          <yCoord>189</yCoord>
        </edgeMap>
        <edgeMap>
          <xCoord>120</xCoord>
          <yCoord>188</yCoord>
        </edgeMap>
        <edgeMap>
          <xCoord>119</xCoord>
          <yCoord>187</yCoord>
        </edgeMap>
        <edgeMap>
          <xCoord>118</xCoord>
          <yCoord>186</yCoord>
        </edgeMap>
        <edgeMap>
          <xCoord>117</xCoord>
          <yCoord>186</yCoord>
        </edgeMap>
        <edgeMap>
          <xCoord>116</xCoord>
          <yCoord>186</yCoord>
        </edgeMap>
        <edgeMap>
          <xCoord>115</xCoord>
          <yCoord>186</yCoord>
        </edgeMap>
      </roi>
      <roi>
        <imageZposition>-174.750000 </imageZposition>
        <imageSOP_UID>1.3.6.1.4.1.14519.5.2.1.6279.6001.363281228296238493725616237477</imageSOP_UID>
        <inclusion>TRUE</inclusion>
        <edgeMap>
          <xCoord>117</xCoord>
          <yCoord>186</yCoord>
        </edgeMap>
        <edgeMap>
          <xCoord>116</xCoord>
          <yCoord>187</yCoord>
        </edgeMap>
        <edgeMap>
          <xCoord>115</xCoord>
          <yCoord>188</yCoord>
        </edgeMap>
        <edgeMap>
          <xCoord>114</xCoord>
          <yCoord>189</yCoord>
        </edgeMap>
        <edgeMap>
          <xCoord>113</xCoord>
          <yCoord>190</yCoord>
        </edgeMap>
        <edgeMap>
          <xCoord>112</xCoord>
          <yCoord>191</yCoord>
        </edgeMap>
        <edgeMap>
          <xCoord>112</xCoord>
          <yCoord>192</yCoord>
        </edgeMap>
        <edgeMap>
          <xCoord>112</xCoord>
          <yCoord>193</yCoord>
        </edgeMap>
        <edgeMap>
          <xCoord>112</xCoord>
          <yCoord>194</yCoord>
        </edgeMap>
        <edgeMap>
          <xCoord>112</xCoord>
          <yCoord>195</yCoord>
        </edgeMap>
        <edgeMap>
          <xCoord>112</xCoord>
          <yCoord>196</yCoord>
        </edgeMap>
        <edgeMap>
          <xCoord>111</xCoord>
          <yCoord>197</yCoord>
        </edgeMap>
        <edgeMap>
          <xCoord>111</xCoord>
          <yCoord>198</yCoord>
        </edgeMap>
        <edgeMap>
          <xCoord>111</xCoord>
          <yCoord>199</yCoord>
        </edgeMap>
        <edgeMap>
          <xCoord>111</xCoord>
          <yCoord>200</yCoord>
        </edgeMap>
        <edgeMap>
          <xCoord>112</xCoord>
          <yCoord>201</yCoord>
        </edgeMap>
        <edgeMap>
          <xCoord>113</xCoord>
          <yCoord>201</yCoord>
        </edgeMap>
        <edgeMap>
          <xCoord>113</xCoord>
          <yCoord>202</yCoord>
        </edgeMap>
        <edgeMap>
          <xCoord>114</xCoord>
          <yCoord>203</yCoord>
        </edgeMap>
        <edgeMap>
          <xCoord>115</xCoord>
          <yCoord>203</yCoord>
        </edgeMap>
        <edgeMap>
          <xCoord>115</xCoord>
          <yCoord>204</yCoord>
        </edgeMap>
        <edgeMap>
          <xCoord>115</xCoord>
          <yCoord>205</yCoord>
        </edgeMap>
        <edgeMap>
          <xCoord>116</xCoord>
          <yCoord>206</yCoord>
        </edgeMap>
        <edgeMap>
          <xCoord>117</xCoord>
          <yCoord>206</yCoord>
        </edgeMap>
        <edgeMap>
          <xCoord>118</xCoord>
          <yCoord>206</yCoord>
        </edgeMap>
        <edgeMap>
          <xCoord>119</xCoord>
          <yCoord>205</yCoord>
        </edgeMap>
        <edgeMap>
          <xCoord>120</xCoord>
          <yCoord>204</yCoord>
        </edgeMap>
        <edgeMap>
          <xCoord>121</xCoord>
          <yCoord>204</yCoord>
        </edgeMap>
        <edgeMap>
          <xCoord>122</xCoord>
          <yCoord>203</yCoord>
        </edgeMap>
        <edgeMap>
          <xCoord>122</xCoord>
          <yCoord>202</yCoord>
        </edgeMap>
        <edgeMap>
          <xCoord>123</xCoord>
          <yCoord>201</yCoord>
        </edgeMap>
        <edgeMap>
          <xCoord>123</xCoord>
          <yCoord>200</yCoord>
        </edgeMap>
        <edgeMap>
          <xCoord>123</xCoord>
          <yCoord>199</yCoord>
        </edgeMap>
        <edgeMap>
          <xCoord>124</xCoord>
          <yCoord>199</yCoord>
        </edgeMap>
        <edgeMap>
          <xCoord>125</xCoord>
          <yCoord>198</yCoord>
        </edgeMap>
        <edgeMap>
          <xCoord>126</xCoord>
          <yCoord>197</yCoord>
        </edgeMap>
        <edgeMap>
          <xCoord>126</xCoord>
          <yCoord>196</yCoord>
        </edgeMap>
        <edgeMap>
          <xCoord>126</xCoord>
          <yCoord>195</yCoord>
        </edgeMap>
        <edgeMap>
          <xCoord>126</xCoord>
          <yCoord>194</yCoord>
        </edgeMap>
        <edgeMap>
          <xCoord>126</xCoord>
          <yCoord>193</yCoord>
        </edgeMap>
        <edgeMap>
          <xCoord>125</xCoord>
          <yCoord>192</yCoord>
        </edgeMap>
        <edgeMap>
          <xCoord>125</xCoord>
          <yCoord>191</yCoord>
        </edgeMap>
        <edgeMap>
          <xCoord>124</xCoord>
          <yCoord>190</yCoord>
        </edgeMap>
        <edgeMap>
          <xCoord>123</xCoord>
          <yCoord>189</yCoord>
        </edgeMap>
        <edgeMap>
          <xCoord>122</xCoord>
          <yCoord>188</yCoord>
        </edgeMap>
        <edgeMap>
          <xCoord>121</xCoord>
          <yCoord>188</yCoord>
        </edgeMap>
        <edgeMap>
          <xCoord>120</xCoord>
          <yCoord>187</yCoord>
        </edgeMap>
        <edgeMap>
          <xCoord>119</xCoord>
          <yCoord>187</yCoord>
        </edgeMap>
        <edgeMap>
          <xCoord>118</xCoord>
          <yCoord>186</yCoord>
        </edgeMap>
        <edgeMap>
          <xCoord>117</xCoord>
          <yCoord>186</yCoord>
        </edgeMap>
      </roi>
      <roi>
        <imageZposition>-172.250000 </imageZposition>
        <imageSOP_UID>1.3.6.1.4.1.14519.5.2.1.6279.6001.913968921464371668570906411693</imageSOP_UID>
        <inclusion>TRUE</inclusion>
        <edgeMap>
          <xCoord>117</xCoord>
          <yCoord>188</yCoord>
        </edgeMap>
        <edgeMap>
          <xCoord>116</xCoord>
          <yCoord>189</yCoord>
        </edgeMap>
        <edgeMap>
          <xCoord>115</xCoord>
          <yCoord>189</yCoord>
        </edgeMap>
        <edgeMap>
          <xCoord>114</xCoord>
          <yCoord>190</yCoord>
        </edgeMap>
        <edgeMap>
          <xCoord>113</xCoord>
          <yCoord>190</yCoord>
        </edgeMap>
        <edgeMap>
          <xCoord>112</xCoord>
          <yCoord>191</yCoord>
        </edgeMap>
        <edgeMap>
          <xCoord>111</xCoord>
          <yCoord>192</yCoord>
        </edgeMap>
        <edgeMap>
          <xCoord>111</xCoord>
          <yCoord>193</yCoord>
        </edgeMap>
        <edgeMap>
          <xCoord>111</xCoord>
          <yCoord>194</yCoord>
        </edgeMap>
        <edgeMap>
          <xCoord>111</xCoord>
          <yCoord>195</yCoord>
        </edgeMap>
        <edgeMap>
          <xCoord>111</xCoord>
          <yCoord>196</yCoord>
        </edgeMap>
        <edgeMap>
          <xCoord>111</xCoord>
          <yCoord>197</yCoord>
        </edgeMap>
        <edgeMap>
          <xCoord>111</xCoord>
          <yCoord>198</yCoord>
        </edgeMap>
        <edgeMap>
          <xCoord>111</xCoord>
          <yCoord>199</yCoord>
        </edgeMap>
        <edgeMap>
          <xCoord>112</xCoord>
          <yCoord>200</yCoord>
        </edgeMap>
        <edgeMap>
          <xCoord>113</xCoord>
          <yCoord>201</yCoord>
        </edgeMap>
        <edgeMap>
          <xCoord>113</xCoord>
          <yCoord>202</yCoord>
        </edgeMap>
        <edgeMap>
          <xCoord>114</xCoord>
          <yCoord>203</yCoord>
        </edgeMap>
        <edgeMap>
          <xCoord>115</xCoord>
          <yCoord>203</yCoord>
        </edgeMap>
        <edgeMap>
          <xCoord>116</xCoord>
          <yCoord>203</yCoord>
        </edgeMap>
        <edgeMap>
          <xCoord>117</xCoord>
          <yCoord>204</yCoord>
        </edgeMap>
        <edgeMap>
          <xCoord>118</xCoord>
          <yCoord>205</yCoord>
        </edgeMap>
        <edgeMap>
          <xCoord>119</xCoord>
          <yCoord>205</yCoord>
        </edgeMap>
        <edgeMap>
          <xCoord>120</xCoord>
          <yCoord>205</yCoord>
        </edgeMap>
        <edgeMap>
          <xCoord>121</xCoord>
          <yCoord>204</yCoord>
        </edgeMap>
        <edgeMap>
          <xCoord>122</xCoord>
          <yCoord>204</yCoord>
        </edgeMap>
        <edgeMap>
          <xCoord>123</xCoord>
          <yCoord>203</yCoord>
        </edgeMap>
        <edgeMap>
          <xCoord>123</xCoord>
          <yCoord>202</yCoord>
        </edgeMap>
        <edgeMap>
          <xCoord>124</xCoord>
          <yCoord>201</yCoord>
        </edgeMap>
        <edgeMap>
          <xCoord>124</xCoord>
          <yCoord>200</yCoord>
        </edgeMap>
        <edgeMap>
          <xCoord>125</xCoord>
          <yCoord>199</yCoord>
        </edgeMap>
        <edgeMap>
          <xCoord>125</xCoord>
          <yCoord>198</yCoord>
        </edgeMap>
        <edgeMap>
          <xCoord>125</xCoord>
          <yCoord>197</yCoord>
        </edgeMap>
        <edgeMap>
          <xCoord>125</xCoord>
          <yCoord>196</yCoord>
        </edgeMap>
        <edgeMap>
          <xCoord>125</xCoord>
          <yCoord>195</yCoord>
        </edgeMap>
        <edgeMap>
          <xCoord>125</xCoord>
          <yCoord>194</yCoord>
        </edgeMap>
        <edgeMap>
          <xCoord>125</xCoord>
          <yCoord>193</yCoord>
        </edgeMap>
        <edgeMap>
          <xCoord>125</xCoord>
          <yCoord>192</yCoord>
        </edgeMap>
        <edgeMap>
          <xCoord>124</xCoord>
          <yCoord>191</yCoord>
        </edgeMap>
        <edgeMap>
          <xCoord>123</xCoord>
          <yCoord>190</yCoord>
        </edgeMap>
        <edgeMap>
          <xCoord>122</xCoord>
          <yCoord>189</yCoord>
        </edgeMap>
        <edgeMap>
          <xCoord>121</xCoord>
          <yCoord>189</yCoord>
        </edgeMap>
        <edgeMap>
          <xCoord>120</xCoord>
          <yCoord>188</yCoord>
        </edgeMap>
        <edgeMap>
          <xCoord>119</xCoord>
          <yCoord>188</yCoord>
        </edgeMap>
        <edgeMap>
          <xCoord>118</xCoord>
          <yCoord>188</yCoord>
        </edgeMap>
        <edgeMap>
          <xCoord>117</xCoord>
          <yCoord>188</yCoord>
        </edgeMap>
      </roi>
      <roi>
        <imageZposition>-169.750000 </imageZposition>
        <imageSOP_UID>1.3.6.1.4.1.14519.5.2.1.6279.6001.416117993405399669748437775377</imageSOP_UID>
        <inclusion>TRUE</inclusion>
        <edgeMap>
          <xCoord>117</xCoord>
          <yCoord>189</yCoord>
        </edgeMap>
        <edgeMap>
          <xCoord>116</xCoord>
          <yCoord>190</yCoord>
        </edgeMap>
        <edgeMap>
          <xCoord>116</xCoord>
          <yCoord>191</yCoord>
        </edgeMap>
        <edgeMap>
          <xCoord>115</xCoord>
          <yCoord>191</yCoord>
        </edgeMap>
        <edgeMap>
          <xCoord>114</xCoord>
          <yCoord>192</yCoord>
        </edgeMap>
        <edgeMap>
          <xCoord>113</xCoord>
          <yCoord>193</yCoord>
        </edgeMap>
        <edgeMap>
          <xCoord>112</xCoord>
          <yCoord>194</yCoord>
        </edgeMap>
        <edgeMap>
          <xCoord>112</xCoord>
          <yCoord>195</yCoord>
        </edgeMap>
        <edgeMap>
          <xCoord>112</xCoord>
          <yCoord>196</yCoord>
        </edgeMap>
        <edgeMap>
          <xCoord>112</xCoord>
          <yCoord>197</yCoord>
        </edgeMap>
        <edgeMap>
          <xCoord>112</xCoord>
          <yCoord>198</yCoord>
        </edgeMap>
        <edgeMap>
          <xCoord>113</xCoord>
          <yCoord>199</yCoord>
        </edgeMap>
        <edgeMap>
          <xCoord>113</xCoord>
          <yCoord>200</yCoord>
        </edgeMap>
        <edgeMap>
          <xCoord>114</xCoord>
          <yCoord>201</yCoord>
        </edgeMap>
        <edgeMap>
          <xCoord>115</xCoord>
          <yCoord>202</yCoord>
        </edgeMap>
        <edgeMap>
          <xCoord>116</xCoord>
          <yCoord>202</yCoord>
        </edgeMap>
        <edgeMap>
          <xCoord>117</xCoord>
          <yCoord>203</yCoord>
        </edgeMap>
        <edgeMap>
          <xCoord>118</xCoord>
          <yCoord>203</yCoord>
        </edgeMap>
        <edgeMap>
          <xCoord>119</xCoord>
          <yCoord>203</yCoord>
        </edgeMap>
        <edgeMap>
          <xCoord>120</xCoord>
          <yCoord>203</yCoord>
        </edgeMap>
        <edgeMap>
          <xCoord>121</xCoord>
          <yCoord>203</yCoord>
        </edgeMap>
        <edgeMap>
          <xCoord>122</xCoord>
          <yCoord>203</yCoord>
        </edgeMap>
        <edgeMap>
          <xCoord>123</xCoord>
          <yCoord>203</yCoord>
        </edgeMap>
        <edgeMap>
          <xCoord>124</xCoord>
          <yCoord>202</yCoord>
        </edgeMap>
        <edgeMap>
          <xCoord>125</xCoord>
          <yCoord>201</yCoord>
        </edgeMap>
        <edgeMap>
          <xCoord>126</xCoord>
          <yCoord>200</yCoord>
        </edgeMap>
        <edgeMap>
          <xCoord>126</xCoord>
          <yCoord>199</yCoord>
        </edgeMap>
        <edgeMap>
          <xCoord>126</xCoord>
          <yCoord>198</yCoord>
        </edgeMap>
        <edgeMap>
          <xCoord>125</xCoord>
          <yCoord>197</yCoord>
        </edgeMap>
        <edgeMap>
          <xCoord>125</xCoord>
          <yCoord>196</yCoord>
        </edgeMap>
        <edgeMap>
          <xCoord>124</xCoord>
          <yCoord>195</yCoord>
        </edgeMap>
        <edgeMap>
          <xCoord>123</xCoord>
          <yCoord>194</yCoord>
        </edgeMap>
        <edgeMap>
          <xCoord>122</xCoord>
          <yCoord>193</yCoord>
        </edgeMap>
        <edgeMap>
          <xCoord>122</xCoord>
          <yCoord>192</yCoord>
        </edgeMap>
        <edgeMap>
          <xCoord>122</xCoord>
          <yCoord>191</yCoord>
        </edgeMap>
        <edgeMap>
          <xCoord>121</xCoord>
          <yCoord>190</yCoord>
        </edgeMap>
        <edgeMap>
          <xCoord>120</xCoord>
          <yCoord>190</yCoord>
        </edgeMap>
        <edgeMap>
          <xCoord>119</xCoord>
          <yCoord>189</yCoord>
        </edgeMap>
        <edgeMap>
          <xCoord>118</xCoord>
          <yCoord>189</yCoord>
        </edgeMap>
        <edgeMap>
          <xCoord>117</xCoord>
          <yCoord>189</yCoord>
        </edgeMap>
      </roi>
    </unblindedReadNodule>
  </readingSession>
</LidcReadMessage>