<?xml version="1.0" encoding="UTF-8"?>
<IdriReadMessage uid="1.3.6.1.4.1.14519.5.2.1.6279.6001.1307985403726.0" xmlns="http://www.nih.gov/idri" xmlns:xsi="http://www.w3.org/2001/XMLSchema-instance" xsi:schemaLocation="http://www.nih.gov/idri  http://troll.rad.med.umich.edu/idri/IdriReadMessage.xsd">
  <ResponseHeader>
    <Version>1.4</Version>
    <MessageId>UM1.3.6.1.4.1.9328.50.12.358673</MessageId>
    <DateRequest>2009-01-06</DateRequest>
    <TimeRequest>16:13:56</TimeRequest>
    <RequestingSite>removed</RequestingSite>
    <ServicingSite>removed</ServicingSite>
    <TaskDescription>CXR read</TaskDescription>
    <CTImageFile>removed</CTImageFile>
    <CTSeriesInstanceUid>1.3.6.1.4.1.14519.5.2.1.6279.6001.295298571102631191572192562523</CTSeriesInstanceUid>
    <CXRImageFile>removed</CXRImageFile>
    <CXRSeriesInstanceUid>1.3.6.1.4.1.14519.5.2.1.6279.6001.211726530738854368916838461373</CXRSeriesInstanceUid>
    <Modality>CXR</Modality>
    <DateService>2010-10-10</DateService>
    <TimeService>12:00:00</TimeService>
    <ResponseDescription>1 - Reading complete</ResponseDescription>
    <ResponseComments></ResponseComments>
  <StudyInstanceUID>1.3.6.1.4.1.14519.5.2.1.6279.6001.168626712539913818926313287855</StudyInstanceUID><SeriesInstanceUID>1.3.6.1.4.1.14519.5.2.1.6279.6001.211726530738854368916838461373</SeriesInstanceUID></ResponseHeader>
  <CXRreadingSession>
    <servicingRadiologistID>anonymous</servicingRadiologistID>
    <unblindedRead>
      <noduleID>Nodule 002</noduleID>
      <characteristics>
        <confidence>3</confidence>
        <subtlety>3</subtlety>
        <obscuration>1</obscuration>
      </characteristics>
      <roi>
        <imageSOP_UID>1.3.6.1.4.1.14519.5.2.1.6279.6001.115450678862289520722403445484</imageSOP_UID>
        <edgeMap>
          <xCoord>445</xCoord>
          <yCoord>1190</yCoord>
        </edgeMap>
      </roi>
    </unblindedRead>
    <unblindedRead>
      <noduleID>Nodule 001</noduleID>
      <characteristics>
        <confidence>1</confidence>
      </characteristics>
      <roi>
        <imageSOP_UID>1.3.6.1.4.1.14519.5.2.1.6279.6001.115450678862289520722403445484</imageSOP_UID>
        <edgeMap>
          <xCoord>1512</xCoord>
          <yCoord>1044</yCoord>
        </edgeMap>
      </roi>
    </unblindedRead>
  </CXRreadingSession>
  <CXRreadingSession>
    <servicingRadiologistID>anonymous</servicingRadiologistID>
    <unblindedRead>
      <noduleID>Nodule 002</noduleID>
      <characteristics>
        <confidence>2</confidence>
        <subtlety>3</subtlety>
        <obscuration>2</obscuration>
        <reason>1</reason>
      </characteristics>
      <roi>
        <imageSOP_UID>1.3.6.1.4.1.14519.5.2.1.6279.6001.115450678862289520722403445484</imageSOP_UID>
        <edgeMap>
          <xCoord>441</xCoord>
          <yCoord>1184</yCoord>
        </edgeMap>
      </roi>
    </unblindedRead>
    <unblindedRead>
      <noduleID>Nodule 001</noduleID>
      <characteristics>
        <confidence>2</confidence>
        <subtlety>1</subtlety>
        <obscuration>2</obscuration>
        <reason>1</reason>
      </characteristics>
      <roi>
        <imageSOP_UID>1.3.6.1.4.1.14519.5.2.1.6279.6001.115450678862289520722403445484</imageSOP_UID>
        <edgeMap>
          <xCoord>1607</xCoord>
          <yCoord>942</yCoord>
        </edgeMap>
      </roi>
    </unblindedRead>
  </CXRreadingSession>
  <CXRreadingSession>
    <servicingRadiologistID>anonymous</servicingRadiologistID>
    <unblindedRead>
      <noduleID>Nodule 001</noduleID>
      <characteristics>
        <confidence>2</confidence>
        <subtlety>2</subtlety>
        <obscuration>2</obscuration>
        <reason>2</reason>
      </characteristics>
      <roi>
        <imageSOP_UID>1.3.6.1.4.1.14519.5.2.1.6279.6001.115450678862289520722403445484</imageSOP_UID>
        <edgeMap>
          <xCoord>1505</xCoord>
          <yCoord>1062</yCoord>
        </edgeMap>
      </roi>
    </unblindedRead>
    <unblindedRead>
      <noduleID>Nodule 002</noduleID>
      <characteristics>
        <confidence>1</confidence>
      </characteristics>
      <roi>
        <imageSOP_UID>1.3.6.1.4.1.14519.5.2.1.6279.6001.115450678862289520722403445484</imageSOP_UID>
        <edgeMap>
          <xCoord>442</xCoord>
          <yCoord>1188</yCoord>
        </edgeMap>
      </roi>
    </unblindedRead>
  </CXRreadingSession>
  <CXRreadingSession>
    <servicingRadiologistID>anonymous</servicingRadiologistID>
    <unblindedRead>
      <noduleID>Nodule 002</noduleID>
      <characteristics>
        <confidence>3</confidence>
        <subtlety>5</subtlety>
        <obscuration>1</obscuration>
      </characteristics>
      <roi>
        <imageSOP_UID>1.3.6.1.4.1.14519.5.2.1.6279.6001.115450678862289520722403445484</imageSOP_UID>
        <edgeMap>
          <xCoord>450</xCoord>
          <yCoord>1189</yCoord>
        </edgeMap>
      </roi>
    </unblindedRead>
    <unblindedRead>
      <noduleID>Nodule 001</noduleID>
      <characteristics>
        <confidence>2</confidence>
        <subtlety>2</subtlety>
        <obscuration>1</obscuration>
      </characteristics>
      <roi>
        <imageSOP_UID>1.3.6.1.4.1.14519.5.2.1.6279.6001.115450678862289520722403445484</imageSOP_UID>
        <edgeMap>
          <xCoord>1477</xCoord>
          <yCoord>914</yCoord>
        </edgeMap>
      </roi>
    </unblindedRead>
  </CXRreadingSession>
</IdriReadMessage>