<?xml version="1.0" encoding="UTF-8"?>
<LidcReadMessage uid="1.3.6.1.4.1.14519.5.2.1.6279.6001.1307390702510.0" xmlns="http://www.nih.gov" xmlns:xsi="http://www.w3.org/2001/XMLSchema-instance" xsi:schemaLocation="http://www.nih.gov       http://troll.rad.med.umich.edu/lidc/LidcReadMessage.xsd">
  <ResponseHeader>
    <Version>1.8</Version>
    <MessageId>UM1.3.6.1.4.1.9328.50.12.292771</MessageId>
    <DateRequest>2009-04-02</DateRequest>
    <TimeRequest>00:00:00</TimeRequest>
    <RequestingSite>removed</RequestingSite>
    <ServicingSite>removed</ServicingSite>
    <TaskDescription>Second unblinded read</TaskDescription>
    <CtImageFile>removed</CtImageFile>
    <SeriesInstanceUid>1.3.6.1.4.1.14519.5.2.1.6279.6001.397202838387416555106806022938</SeriesInstanceUid>
    <DateService>2009-04-02</DateService>
    <TimeService>00:00:00</TimeService>
    <ResponseDescription>1 - Reading complete</ResponseDescription>
  <StudyInstanceUID>1.3.6.1.4.1.14519.5.2.1.6279.6001.267745911637906357699108280139</StudyInstanceUID></ResponseHeader>
  <readingSession>
    <annotationVersion>3.12</annotationVersion>
    <servicingRadiologistID>anon</servicingRadiologistID>
    <unblindedReadNodule>
      <noduleID>160255</noduleID>
      <roi>
        <imageZposition>-118.75</imageZposition>
        <imageSOP_UID>1.3.6.1.4.1.14519.5.2.1.6279.6001.253638934367136122913342894493</imageSOP_UID>
        <inclusion>TRUE</inclusion>
        <edgeMap>
          <xCoord>205</xCoord>
          <yCoord>241</yCoord>
        </edgeMap>
      </roi>
    </unblindedReadNodule>
    <unblindedReadNodule>
      <noduleID>160274</noduleID>
      <roi>
        <imageZposition>-50.0</imageZposition>
        <imageSOP_UID>1.3.6.1.4.1.14519.5.2.1.6279.6001.287516527870856897140902934466</imageSOP_UID>
        <inclusion>TRUE</inclusion>
        <edgeMap>
          <xCoord>147</xCoord>
          <yCoord>338</yCoord>
        </edgeMap>
      </roi>
    </unblindedReadNodule>
    <unblindedReadNodule>
      <noduleID>161758</noduleID>
      <roi>
        <imageZposition>-67.5</imageZposition>
        <imageSOP_UID>1.3.6.1.4.1.14519.5.2.1.6279.6001.332703704303704471496786759650</imageSOP_UID>
        <inclusion>TRUE</inclusion>
        <edgeMap>
          <xCoord>125</xCoord>
          <yCoord>307</yCoord>
        </edgeMap>
      </roi>
    </unblindedReadNodule>
    <nonNodule>
      <nonNoduleID>160250</nonNoduleID>
      <imageZposition>-60.0</imageZposition>
      <imageSOP_UID>1.3.6.1.4.1.14519.5.2.1.6279.6001.278307703712697588605774131196</imageSOP_UID>
      <locus>
        <xCoord>171</xCoord>
        <yCoord>241</yCoord>
      </locus>
    </nonNodule>
    <nonNodule>
      <nonNoduleID>160272</nonNoduleID>
      <imageZposition>-122.5</imageZposition>
      <imageSOP_UID>1.3.6.1.4.1.14519.5.2.1.6279.6001.976115815448037002029593752436</imageSOP_UID>
      <locus>
        <xCoord>177</xCoord>
        <yCoord>311</yCoord>
      </locus>
    </nonNodule>
  </readingSession>
<readingSession>
<annotationVersion>3.12</annotationVersion>
<servicingRadiologistID>anon</servicingRadiologistID>
<unblindedReadNodule>
<noduleID>161990</noduleID>
<roi>
<imageZposition>-67.5</imageZposition>
<imageSOP_UID>1.3.6.1.4.1.14519.5.2.1.6279.6001.332703704303704471496786759650</imageSOP_UID>
<inclusion>TRUE</inclusion>
<edgeMap>
<xCoord>123</xCoord>
<yCoord>306</yCoord>
</edgeMap>
</roi>
</unblindedReadNodule>
<unblindedReadNodule>
<noduleID>161982</noduleID>
<characteristics>
<subtlety>5</subtlety>
<internalStructure>1</internalStructure>
<calcification>6</calcification>
<sphericity>4</sphericity>
<margin>4</margin>
<lobulation>3</lobulation>
<spiculation>2</spiculation>
<texture>5</texture>
<malignancy>3</malignancy>
</characteristics>
<roi>
<imageZposition>-173.75</imageZposition>
<imageSOP_UID>1.3.6.1.4.1.14519.5.2.1.6279.6001.201014592961707687303258452491</imageSOP_UID>
<inclusion>TRUE</inclusion>
<edgeMap>
<xCoord>138</xCoord>
<yCoord>361</yCoord>
</edgeMap>
<edgeMap>
<xCoord>138</xCoord>
<yCoord>360</yCoord>
</edgeMap>
<edgeMap>
<xCoord>139</xCoord>
<yCoord>359</yCoord>
</edgeMap>
<edgeMap>
<xCoord>139</xCoord>
<yCoord>358</yCoord>
</edgeMap>
<edgeMap>
<xCoord>138</xCoord>
<yCoord>357</yCoord>
</edgeMap>
<edgeMap>
<xCoord>138</xCoord>
<yCoord>356</yCoord>
</edgeMap>
<edgeMap>
<xCoord>137</xCoord>
<yCoord>356</yCoord>
</edgeMap>
<edgeMap>
<xCoord>136</xCoord>
<yCoord>356</yCoord>
</edgeMap>
<edgeMap>
<xCoord>135</xCoord>
<yCoord>356</yCoord>
</edgeMap>
<edgeMap>
<xCoord>134</xCoord>
<yCoord>356</yCoord>
</edgeMap>
<edgeMap>
<xCoord>133</xCoord>
<yCoord>356</yCoord>
</edgeMap>
<edgeMap>
<xCoord>132</xCoord>
<yCoord>357</yCoord>
</edgeMap>
<edgeMap>
<xCoord>132</xCoord>
<yCoord>358</yCoord>
</edgeMap>
<edgeMap>
<xCoord>133</xCoord>
<yCoord>359</yCoord>
</edgeMap>
<edgeMap>
<xCoord>134</xCoord>
<yCoord>360</yCoord>
</edgeMap>
<edgeMap>
<xCoord>135</xCoord>
<yCoord>361</yCoord>
</edgeMap>
<edgeMap>
<xCoord>136</xCoord>
<yCoord>361</yCoord>
</edgeMap>
<edgeMap>
<xCoord>137</xCoord>
<yCoord>361</yCoord>
</edgeMap>
<edgeMap>
<xCoord>138</xCoord>
<yCoord>361</yCoord>
</edgeMap>
</roi>
<roi>
<imageZposition>-172.5</imageZposition>
<imageSOP_UID>1.3.6.1.4.1.14519.5.2.1.6279.6001.280597589941515007528271741522</imageSOP_UID>
<inclusion>TRUE</inclusion>
<edgeMap>
<xCoord>131</xCoord>
<yCoord>364</yCoord>
</edgeMap>
<edgeMap>
<xCoord>132</xCoord>
<yCoord>363</yCoord>
</edgeMap>
<edgeMap>
<xCoord>133</xCoord>
<yCoord>363</yCoord>
</edgeMap>
<edgeMap>
<xCoord>134</xCoord>
<yCoord>362</yCoord>
</edgeMap>
<edgeMap>
<xCoord>135</xCoord>
<yCoord>362</yCoord>
</edgeMap>
<edgeMap>
<xCoord>136</xCoord>
<yCoord>361</yCoord>
</edgeMap>
<edgeMap>
<xCoord>137</xCoord>
<yCoord>361</yCoord>
</edgeMap>
<edgeMap>
<xCoord>138</xCoord>
<yCoord>361</yCoord>
</edgeMap>
<edgeMap>
<xCoord>139</xCoord>
<yCoord>360</yCoord>
</edgeMap>
<edgeMap>
<xCoord>139</xCoord>
<yCoord>359</yCoord>
</edgeMap>
<edgeMap>
<xCoord>140</xCoord>
<yCoord>358</yCoord>
</edgeMap>
<edgeMap>
<xCoord>140</xCoord>
<yCoord>357</yCoord>
</edgeMap>
<edgeMap>
<xCoord>139</xCoord>
<yCoord>356</yCoord>
</edgeMap>
<edgeMap>
<xCoord>138</xCoord>
<yCoord>355</yCoord>
</edgeMap>
<edgeMap>
<xCoord>137</xCoord>
<yCoord>355</yCoord>
</edgeMap>
<edgeMap>
<xCoord>136</xCoord>
<yCoord>355</yCoord>
</edgeMap>
<edgeMap>
<xCoord>135</xCoord>
<yCoord>355</yCoord>
</edgeMap>
<edgeMap>
<xCoord>134</xCoord>
<yCoord>355</yCoord>
</edgeMap>
<edgeMap>
<xCoord>133</xCoord>
<yCoord>355</yCoord>
</edgeMap>
<edgeMap>
<xCoord>132</xCoord>
<yCoord>355</yCoord>
</edgeMap>
<edgeMap>
<xCoord>131</xCoord>
<yCoord>355</yCoord>
</edgeMap>
<edgeMap>
<xCoord>131</xCoord>
<yCoord>356</yCoord>
</edgeMap>
<edgeMap>
<xCoord>131</xCoord>
<yCoord>357</yCoord>
</edgeMap>
<edgeMap>
<xCoord>130</xCoord>
<yCoord>358</yCoord>
</edgeMap>
<edgeMap>
<xCoord>129</xCoord>
<yCoord>359</yCoord>
</edgeMap>
<edgeMap>
<xCoord>129</xCoord>
<yCoord>360</yCoord>
</edgeMap>
<edgeMap>
<xCoord>128</xCoord>
<yCoord>361</yCoord>
</edgeMap>
<edgeMap>
<xCoord>128</xCoord>
<yCoord>362</yCoord>
</edgeMap>
<edgeMap>
<xCoord>129</xCoord>
<yCoord>363</yCoord>
</edgeMap>
<edgeMap>
<xCoord>129</xCoord>
<yCoord>364</yCoord>
</edgeMap>
<edgeMap>
<xCoord>130</xCoord>
<yCoord>364</yCoord>
</edgeMap>
<edgeMap>
<xCoord>131</xCoord>
<yCoord>364</yCoord>
</edgeMap>
</roi>
<roi>
<imageZposition>-171.25</imageZposition>
<imageSOP_UID>1.3.6.1.4.1.14519.5.2.1.6279.6001.242213252137668419371914628301</imageSOP_UID>
<inclusion>TRUE</inclusion>
<edgeMap>
<xCoord>137</xCoord>
<yCoord>362</yCoord>
</edgeMap>
<edgeMap>
<xCoord>138</xCoord>
<yCoord>361</yCoord>
</edgeMap>
<edgeMap>
<xCoord>139</xCoord>
<yCoord>360</yCoord>
</edgeMap>
<edgeMap>
<xCoord>140</xCoord>
<yCoord>359</yCoord>
</edgeMap>
<edgeMap>
<xCoord>140</xCoord>
<yCoord>358</yCoord>
</edgeMap>
<edgeMap>
<xCoord>141</xCoord>
<yCoord>357</yCoord>
</edgeMap>
<edgeMap>
<xCoord>140</xCoord>
<yCoord>356</yCoord>
</edgeMap>
<edgeMap>
<xCoord>139</xCoord>
<yCoord>355</yCoord>
</edgeMap>
<edgeMap>
<xCoord>139</xCoord>
<yCoord>354</yCoord>
</edgeMap>
<edgeMap>
<xCoord>139</xCoord>
<yCoord>353</yCoord>
</edgeMap>
<edgeMap>
<xCoord>138</xCoord>
<yCoord>353</yCoord>
</edgeMap>
<edgeMap>
<xCoord>137</xCoord>
<yCoord>353</yCoord>
</edgeMap>
<edgeMap>
<xCoord>136</xCoord>
<yCoord>353</yCoord>
</edgeMap>
<edgeMap>
<xCoord>135</xCoord>
<yCoord>353</yCoord>
</edgeMap>
<edgeMap>
<xCoord>134</xCoord>
<yCoord>353</yCoord>
</edgeMap>
<edgeMap>
<xCoord>133</xCoord>
<yCoord>353</yCoord>
</edgeMap>
<edgeMap>
<xCoord>132</xCoord>
<yCoord>353</yCoord>
</edgeMap>
<edgeMap>
<xCoord>131</xCoord>
<yCoord>353</yCoord>
</edgeMap>
<edgeMap>
<xCoord>130</xCoord>
<yCoord>353</yCoord>
</edgeMap>
<edgeMap>
<xCoord>129</xCoord>
<yCoord>354</yCoord>
</edgeMap>
<edgeMap>
<xCoord>129</xCoord>
<yCoord>355</yCoord>
</edgeMap>
<edgeMap>
<xCoord>130</xCoord>
<yCoord>356</yCoord>
</edgeMap>
<edgeMap>
<xCoord>131</xCoord>
<yCoord>357</yCoord>
</edgeMap>
<edgeMap>
<xCoord>130</xCoord>
<yCoord>358</yCoord>
</edgeMap>
<edgeMap>
<xCoord>130</xCoord>
<yCoord>359</yCoord>
</edgeMap>
<edgeMap>
<xCoord>130</xCoord>
<yCoord>360</yCoord>
</edgeMap>
<edgeMap>
<xCoord>130</xCoord>
<yCoord>361</yCoord>
</edgeMap>
<edgeMap>
<xCoord>131</xCoord>
<yCoord>362</yCoord>
</edgeMap>
<edgeMap>
<xCoord>132</xCoord>
<yCoord>362</yCoord>
</edgeMap>
<edgeMap>
<xCoord>133</xCoord>
<yCoord>362</yCoord>
</edgeMap>
<edgeMap>
<xCoord>134</xCoord>
<yCoord>362</yCoord>
</edgeMap>
<edgeMap>
<xCoord>135</xCoord>
<yCoord>362</yCoord>
</edgeMap>
<edgeMap>
<xCoord>136</xCoord>
<yCoord>362</yCoord>
</edgeMap>
<edgeMap>
<xCoord>137</xCoord>
<yCoord>362</yCoord>
</edgeMap>
</roi>
<roi>
<imageZposition>-170.0</imageZposition>
<imageSOP_UID>1.3.6.1.4.1.14519.5.2.1.6279.6001.252802300034816691458992767772</imageSOP_UID>
<inclusion>TRUE</inclusion>
<edgeMap>
<xCoord>136</xCoord>
<yCoord>363</yCoord>
</edgeMap>
<edgeMap>
<xCoord>137</xCoord>
<yCoord>362</yCoord>
</edgeMap>
<edgeMap>
<xCoord>138</xCoord>
<yCoord>361</yCoord>
</edgeMap>
<edgeMap>
<xCoord>139</xCoord>
<yCoord>360</yCoord>
</edgeMap>
<edgeMap>
<xCoord>140</xCoord>
<yCoord>359</yCoord>
</edgeMap>
<edgeMap>
<xCoord>141</xCoord>
<yCoord>358</yCoord>
</edgeMap>
<edgeMap>
<xCoord>142</xCoord>
<yCoord>357</yCoord>
</edgeMap>
<edgeMap>
<xCoord>143</xCoord>
<yCoord>356</yCoord>
</edgeMap>
<edgeMap>
<xCoord>143</xCoord>
<yCoord>355</yCoord>
</edgeMap>
<edgeMap>
<xCoord>144</xCoord>
<yCoord>354</yCoord>
</edgeMap>
<edgeMap>
<xCoord>145</xCoord>
<yCoord>353</yCoord>
</edgeMap>
<edgeMap>
<xCoord>146</xCoord>
<yCoord>352</yCoord>
</edgeMap>
<edgeMap>
<xCoord>145</xCoord>
<yCoord>351</yCoord>
</edgeMap>
<edgeMap>
<xCoord>144</xCoord>
<yCoord>351</yCoord>
</edgeMap>
<edgeMap>
<xCoord>143</xCoord>
<yCoord>350</yCoord>
</edgeMap>
<edgeMap>
<xCoord>142</xCoord>
<yCoord>350</yCoord>
</edgeMap>
<edgeMap>
<xCoord>141</xCoord>
<yCoord>349</yCoord>
</edgeMap>
<edgeMap>
<xCoord>140</xCoord>
<yCoord>348</yCoord>
</edgeMap>
<edgeMap>
<xCoord>139</xCoord>
<yCoord>348</yCoord>
</edgeMap>
<edgeMap>
<xCoord>139</xCoord>
<yCoord>349</yCoord>
</edgeMap>
<edgeMap>
<xCoord>139</xCoord>
<yCoord>350</yCoord>
</edgeMap>
<edgeMap>
<xCoord>139</xCoord>
<yCoord>351</yCoord>
</edgeMap>
<edgeMap>
<xCoord>138</xCoord>
<yCoord>352</yCoord>
</edgeMap>
<edgeMap>
<xCoord>137</xCoord>
<yCoord>352</yCoord>
</edgeMap>
<edgeMap>
<xCoord>136</xCoord>
<yCoord>352</yCoord>
</edgeMap>
<edgeMap>
<xCoord>135</xCoord>
<yCoord>353</yCoord>
</edgeMap>
<edgeMap>
<xCoord>134</xCoord>
<yCoord>353</yCoord>
</edgeMap>
<edgeMap>
<xCoord>133</xCoord>
<yCoord>353</yCoord>
</edgeMap>
<edgeMap>
<xCoord>132</xCoord>
<yCoord>353</yCoord>
</edgeMap>
<edgeMap>
<xCoord>131</xCoord>
<yCoord>353</yCoord>
</edgeMap>
<edgeMap>
<xCoord>130</xCoord>
<yCoord>353</yCoord>
</edgeMap>
<edgeMap>
<xCoord>129</xCoord>
<yCoord>353</yCoord>
</edgeMap>
<edgeMap>
<xCoord>128</xCoord>
<yCoord>354</yCoord>
</edgeMap>
<edgeMap>
<xCoord>128</xCoord>
<yCoord>355</yCoord>
</edgeMap>
<edgeMap>
<xCoord>129</xCoord>
<yCoord>356</yCoord>
</edgeMap>
<edgeMap>
<xCoord>130</xCoord>
<yCoord>356</yCoord>
</edgeMap>
<edgeMap>
<xCoord>131</xCoord>
<yCoord>357</yCoord>
</edgeMap>
<edgeMap>
<xCoord>131</xCoord>
<yCoord>358</yCoord>
</edgeMap>
<edgeMap>
<xCoord>131</xCoord>
<yCoord>359</yCoord>
</edgeMap>
<edgeMap>
<xCoord>132</xCoord>
<yCoord>360</yCoord>
</edgeMap>
<edgeMap>
<xCoord>133</xCoord>
<yCoord>360</yCoord>
</edgeMap>
<edgeMap>
<xCoord>134</xCoord>
<yCoord>361</yCoord>
</edgeMap>
<edgeMap>
<xCoord>134</xCoord>
<yCoord>362</yCoord>
</edgeMap>
<edgeMap>
<xCoord>135</xCoord>
<yCoord>363</yCoord>
</edgeMap>
<edgeMap>
<xCoord>136</xCoord>
<yCoord>363</yCoord>
</edgeMap>
</roi>
<roi>
<imageZposition>-168.75</imageZposition>
<imageSOP_UID>1.3.6.1.4.1.14519.5.2.1.6279.6001.157031373414762184552790510058</imageSOP_UID>
<inclusion>TRUE</inclusion>
<edgeMap>
<xCoord>138</xCoord>
<yCoord>360</yCoord>
</edgeMap>
<edgeMap>
<xCoord>139</xCoord>
<yCoord>359</yCoord>
</edgeMap>
<edgeMap>
<xCoord>140</xCoord>
<yCoord>358</yCoord>
</edgeMap>
<edgeMap>
<xCoord>140</xCoord>
<yCoord>357</yCoord>
</edgeMap>
<edgeMap>
<xCoord>141</xCoord>
<yCoord>356</yCoord>
</edgeMap>
<edgeMap>
<xCoord>142</xCoord>
<yCoord>355</yCoord>
</edgeMap>
<edgeMap>
<xCoord>141</xCoord>
<yCoord>355</yCoord>
</edgeMap>
<edgeMap>
<xCoord>140</xCoord>
<yCoord>355</yCoord>
</edgeMap>
<edgeMap>
<xCoord>139</xCoord>
<yCoord>355</yCoord>
</edgeMap>
<edgeMap>
<xCoord>138</xCoord>
<yCoord>355</yCoord>
</edgeMap>
<edgeMap>
<xCoord>137</xCoord>
<yCoord>355</yCoord>
</edgeMap>
<edgeMap>
<xCoord>136</xCoord>
<yCoord>355</yCoord>
</edgeMap>
<edgeMap>
<xCoord>135</xCoord>
<yCoord>355</yCoord>
</edgeMap>
<edgeMap>
<xCoord>134</xCoord>
<yCoord>355</yCoord>
</edgeMap>
<edgeMap>
<xCoord>133</xCoord>
<yCoord>354</yCoord>
</edgeMap>
<edgeMap>
<xCoord>132</xCoord>
<yCoord>354</yCoord>
</edgeMap>
<edgeMap>
<xCoord>131</xCoord>
<yCoord>354</yCoord>
</edgeMap>
<edgeMap>
<xCoord>130</xCoord>
<yCoord>355</yCoord>
</edgeMap>
<edgeMap>
<xCoord>129</xCoord>
<yCoord>355</yCoord>
</edgeMap>
<edgeMap>
<xCoord>130</xCoord>
<yCoord>356</yCoord>
</edgeMap>
<edgeMap>
<xCoord>131</xCoord>
<yCoord>357</yCoord>
</edgeMap>
<edgeMap>
<xCoord>132</xCoord>
<yCoord>357</yCoord>
</edgeMap>
<edgeMap>
<xCoord>133</xCoord>
<yCoord>358</yCoord>
</edgeMap>
<edgeMap>
<xCoord>133</xCoord>
<yCoord>359</yCoord>
</edgeMap>
<edgeMap>
<xCoord>134</xCoord>
<yCoord>360</yCoord>
</edgeMap>
<edgeMap>
<xCoord>135</xCoord>
<yCoord>360</yCoord>
</edgeMap>
<edgeMap>
<xCoord>136</xCoord>
<yCoord>360</yCoord>
</edgeMap>
<edgeMap>
<xCoord>137</xCoord>
<yCoord>360</yCoord>
</edgeMap>
<edgeMap>
<xCoord>138</xCoord>
<yCoord>360</yCoord>
</edgeMap>
</roi>
<roi>
<imageZposition>-167.5</imageZposition>
<imageSOP_UID>1.3.6.1.4.1.14519.5.2.1.6279.6001.207677977943456688254426441330</imageSOP_UID>
<inclusion>TRUE</inclusion>
<edgeMap>
<xCoord>136</xCoord>
<yCoord>359</yCoord>
</edgeMap>
<edgeMap>
<xCoord>137</xCoord>
<yCoord>358</yCoord>
</edgeMap>
<edgeMap>
<xCoord>137</xCoord>
<yCoord>357</yCoord>
</edgeMap>
<edgeMap>
<xCoord>136</xCoord>
<yCoord>356</yCoord>
</edgeMap>
<edgeMap>
<xCoord>135</xCoord>
<yCoord>355</yCoord>
</edgeMap>
<edgeMap>
<xCoord>134</xCoord>
<yCoord>355</yCoord>
</edgeMap>
<edgeMap>
<xCoord>133</xCoord>
<yCoord>355</yCoord>
</edgeMap>
<edgeMap>
<xCoord>132</xCoord>
<yCoord>354</yCoord>
</edgeMap>
<edgeMap>
<xCoord>131</xCoord>
<yCoord>354</yCoord>
</edgeMap>
<edgeMap>
<xCoord>130</xCoord>
<yCoord>354</yCoord>
</edgeMap>
<edgeMap>
<xCoord>130</xCoord>
<yCoord>355</yCoord>
</edgeMap>
<edgeMap>
<xCoord>130</xCoord>
<yCoord>356</yCoord>
</edgeMap>
<edgeMap>
<xCoord>131</xCoord>
<yCoord>356</yCoord>
</edgeMap>
<edgeMap>
<xCoord>132</xCoord>
<yCoord>357</yCoord>
</edgeMap>
<edgeMap>
<xCoord>133</xCoord>
<yCoord>358</yCoord>
</edgeMap>
<edgeMap>
<xCoord>134</xCoord>
<yCoord>359</yCoord>
</edgeMap>
<edgeMap>
<xCoord>135</xCoord>
<yCoord>359</yCoord>
</edgeMap>
<edgeMap>
<xCoord>136</xCoord>
<yCoord>359</yCoord>
</edgeMap>
</roi>
</unblindedReadNodule>
<unblindedReadNodule>
<noduleID>161992</noduleID>
<roi>
<imageZposition>-118.75</imageZposition>
<imageSOP_UID>1.3.6.1.4.1.14519.5.2.1.6279.6001.253638934367136122913342894493</imageSOP_UID>
<inclusion>TRUE</inclusion>
<edgeMap>
<xCoord>205</xCoord>
<yCoord>241</yCoord>
</edgeMap>
</roi>
</unblindedReadNodule>
<unblindedReadNodule>
<noduleID>162012</noduleID>
<roi>
<imageZposition>-50.0</imageZposition>
<imageSOP_UID>1.3.6.1.4.1.14519.5.2.1.6279.6001.287516527870856897140902934466</imageSOP_UID>
<inclusion>TRUE</inclusion>
<edgeMap>
<xCoord>147</xCoord>
<yCoord>338</yCoord>
</edgeMap>
</roi>
</unblindedReadNodule>
<unblindedReadNodule>
<noduleID>171442</noduleID>
<characteristics>
<subtlety>5</subtlety>
<internalStructure>1</internalStructure>
<calcification>6</calcification>
<sphericity>3</sphericity>
<margin>3</margin>
<lobulation>3</lobulation>
<spiculation>3</spiculation>
<texture>5</texture>
<malignancy>3</malignancy>
</characteristics>
<roi>
<imageZposition>-61.25</imageZposition>
<imageSOP_UID>1.3.6.1.4.1.14519.5.2.1.6279.6001.156482241602552986264760753317</imageSOP_UID>
<inclusion>TRUE</inclusion>
<edgeMap>
<xCoord>175</xCoord>
<yCoord>245</yCoord>
</edgeMap>
<edgeMap>
<xCoord>176</xCoord>
<yCoord>244</yCoord>
</edgeMap>
<edgeMap>
<xCoord>175</xCoord>
<yCoord>243</yCoord>
</edgeMap>
<edgeMap>
<xCoord>176</xCoord>
<yCoord>242</yCoord>
</edgeMap>
<edgeMap>
<xCoord>176</xCoord>
<yCoord>241</yCoord>
</edgeMap>
<edgeMap>
<xCoord>176</xCoord>
<yCoord>240</yCoord>
</edgeMap>
<edgeMap>
<xCoord>175</xCoord>
<yCoord>239</yCoord>
</edgeMap>
<edgeMap>
<xCoord>175</xCoord>
<yCoord>238</yCoord>
</edgeMap>
<edgeMap>
<xCoord>174</xCoord>
<yCoord>237</yCoord>
</edgeMap>
<edgeMap>
<xCoord>174</xCoord>
<yCoord>236</yCoord>
</edgeMap>
<edgeMap>
<xCoord>173</xCoord>
<yCoord>235</yCoord>
</edgeMap>
<edgeMap>
<xCoord>172</xCoord>
<yCoord>235</yCoord>
</edgeMap>
<edgeMap>
<xCoord>171</xCoord>
<yCoord>236</yCoord>
</edgeMap>
<edgeMap>
<xCoord>170</xCoord>
<yCoord>237</yCoord>
</edgeMap>
<edgeMap>
<xCoord>170</xCoord>
<yCoord>238</yCoord>
</edgeMap>
<edgeMap>
<xCoord>169</xCoord>
<yCoord>239</yCoord>
</edgeMap>
<edgeMap>
<xCoord>169</xCoord>
<yCoord>240</yCoord>
</edgeMap>
<edgeMap>
<xCoord>169</xCoord>
<yCoord>241</yCoord>
</edgeMap>
<edgeMap>
<xCoord>168</xCoord>
<yCoord>242</yCoord>
</edgeMap>
<edgeMap>
<xCoord>169</xCoord>
<yCoord>243</yCoord>
</edgeMap>
<edgeMap>
<xCoord>170</xCoord>
<yCoord>244</yCoord>
</edgeMap>
<edgeMap>
<xCoord>171</xCoord>
<yCoord>244</yCoord>
</edgeMap>
<edgeMap>
<xCoord>172</xCoord>
<yCoord>244</yCoord>
</edgeMap>
<edgeMap>
<xCoord>173</xCoord>
<yCoord>245</yCoord>
</edgeMap>
<edgeMap>
<xCoord>174</xCoord>
<yCoord>245</yCoord>
</edgeMap>
<edgeMap>
<xCoord>175</xCoord>
<yCoord>245</yCoord>
</edgeMap>
</roi>
<roi>
<imageZposition>-60.0</imageZposition>
<imageSOP_UID>1.3.6.1.4.1.14519.5.2.1.6279.6001.278307703712697588605774131196</imageSOP_UID>
<inclusion>TRUE</inclusion>
<edgeMap>
<xCoord>174</xCoord>
<yCoord>243</yCoord>
</edgeMap>
<edgeMap>
<xCoord>175</xCoord>
<yCoord>242</yCoord>
</edgeMap>
<edgeMap>
<xCoord>176</xCoord>
<yCoord>241</yCoord>
</edgeMap>
<edgeMap>
<xCoord>176</xCoord>
<yCoord>240</yCoord>
</edgeMap>
<edgeMap>
<xCoord>175</xCoord>
<yCoord>239</yCoord>
</edgeMap>
<edgeMap>
<xCoord>174</xCoord>
<yCoord>238</yCoord>
</edgeMap>
<edgeMap>
<xCoord>174</xCoord>
<yCoord>237</yCoord>
</edgeMap>
<edgeMap>
<xCoord>173</xCoord>
<yCoord>236</yCoord>
</edgeMap>
<edgeMap>
<xCoord>173</xCoord>
<yCoord>235</yCoord>
</edgeMap>
<edgeMap>
<xCoord>172</xCoord>
<yCoord>235</yCoord>
</edgeMap>
<edgeMap>
<xCoord>171</xCoord>
<yCoord>235</yCoord>
</edgeMap>
<edgeMap>
<xCoord>170</xCoord>
<yCoord>235</yCoord>
</edgeMap>
<edgeMap>
<xCoord>169</xCoord>
<yCoord>236</yCoord>
</edgeMap>
<edgeMap>
<xCoord>169</xCoord>
<yCoord>237</yCoord>
</edgeMap>
<edgeMap>
<xCoord>169</xCoord>
<yCoord>238</yCoord>
</edgeMap>
<edgeMap>
<xCoord>168</xCoord>
<yCoord>239</yCoord>
</edgeMap>
<edgeMap>
<xCoord>167</xCoord>
<yCoord>240</yCoord>
</edgeMap>
<edgeMap>
<xCoord>166</xCoord>
<yCoord>241</yCoord>
</edgeMap>
<edgeMap>
<xCoord>166</xCoord>
<yCoord>242</yCoord>
</edgeMap>
<edgeMap>
<xCoord>167</xCoord>
<yCoord>243</yCoord>
</edgeMap>
<edgeMap>
<xCoord>168</xCoord>
<yCoord>243</yCoord>
</edgeMap>
<edgeMap>
<xCoord>169</xCoord>
<yCoord>243</yCoord>
</edgeMap>
<edgeMap>
<xCoord>170</xCoord>
<yCoord>243</yCoord>
</edgeMap>
<edgeMap>
<xCoord>171</xCoord>
<yCoord>243</yCoord>
</edgeMap>
<edgeMap>
<xCoord>172</xCoord>
<yCoord>243</yCoord>
</edgeMap>
<edgeMap>
<xCoord>173</xCoord>
<yCoord>243</yCoord>
</edgeMap>
<edgeMap>
<xCoord>174</xCoord>
<yCoord>243</yCoord>
</edgeMap>
</roi>
</unblindedReadNodule>
<nonNodule>
<nonNoduleID>162011</nonNoduleID>
<imageZposition>-161.25</imageZposition>
<imageSOP_UID>1.3.6.1.4.1.14519.5.2.1.6279.6001.268213285200251987664318923460</imageSOP_UID>
<locus>
<xCoord>236</xCoord>
<yCoord>342</yCoord>
</locus>
</nonNodule>
<nonNodule>
<nonNoduleID>161994</nonNoduleID>
<imageZposition>-87.5</imageZposition>
<imageSOP_UID>1.3.6.1.4.1.14519.5.2.1.6279.6001.232932686414529728829121758880</imageSOP_UID>
<locus>
<xCoord>220</xCoord>
<yCoord>361</yCoord>
</locus>
</nonNodule>
<nonNodule>
<nonNoduleID>161997</nonNoduleID>
<imageZposition>-167.5</imageZposition>
<imageSOP_UID>1.3.6.1.4.1.14519.5.2.1.6279.6001.207677977943456688254426441330</imageSOP_UID>
<locus>
<xCoord>237</xCoord>
<yCoord>332</yCoord>
</locus>
</nonNodule>
<nonNodule>
<nonNoduleID>161999</nonNoduleID>
<imageZposition>-240.0</imageZposition>
<imageSOP_UID>1.3.6.1.4.1.14519.5.2.1.6279.6001.840830023590504745416729442378</imageSOP_UID>
<locus>
<xCoord>218</xCoord>
<yCoord>358</yCoord>
</locus>
</nonNodule>
<nonNodule>
<nonNoduleID>162002</nonNoduleID>
<imageZposition>-26.25</imageZposition>
<imageSOP_UID>1.3.6.1.4.1.14519.5.2.1.6279.6001.919905172967290858401591102598</imageSOP_UID>
<locus>
<xCoord>190</xCoord>
<yCoord>333</yCoord>
</locus>
</nonNodule>
</readingSession>
  <readingSession>
    <annotationVersion>3.12</annotationVersion>
    <servicingRadiologistID>anon</servicingRadiologistID>
    <unblindedReadNodule>
      <noduleID>Nodule 001</noduleID>
      <characteristics>
        <subtlety>3</subtlety>
        <internalStructure>1</internalStructure>
        <calcification>6</calcification>
        <sphericity>5</sphericity>
        <margin>5</margin>
        <lobulation>1</lobulation>
        <spiculation>1</spiculation>
        <texture>5</texture>
        <malignancy>1</malignancy>
      </characteristics>
      <roi>
        <imageZposition>-67.500000</imageZposition>
        <imageSOP_UID>1.3.6.1.4.1.14519.5.2.1.6279.6001.332703704303704471496786759650</imageSOP_UID>
        <inclusion>TRUE</inclusion>
        <edgeMap>
          <xCoord>125</xCoord>
          <yCoord>302</yCoord>
        </edgeMap>
        <edgeMap>
          <xCoord>124</xCoord>
          <yCoord>303</yCoord>
        </edgeMap>
        <edgeMap>
          <xCoord>123</xCoord>
          <yCoord>303</yCoord>
        </edgeMap>
        <edgeMap>
          <xCoord>122</xCoord>
          <yCoord>304</yCoord>
        </edgeMap>
        <edgeMap>
          <xCoord>121</xCoord>
          <yCoord>305</yCoord>
        </edgeMap>
        <edgeMap>
          <xCoord>121</xCoord>
          <yCoord>306</yCoord>
        </edgeMap>
        <edgeMap>
          <xCoord>121</xCoord>
          <yCoord>307</yCoord>
        </edgeMap>
        <edgeMap>
          <xCoord>121</xCoord>
          <yCoord>308</yCoord>
        </edgeMap>
        <edgeMap>
          <xCoord>122</xCoord>
          <yCoord>309</yCoord>
        </edgeMap>
        <edgeMap>
          <xCoord>123</xCoord>
          <yCoord>310</yCoord>
        </edgeMap>
        <edgeMap>
          <xCoord>124</xCoord>
          <yCoord>310</yCoord>
        </edgeMap>
        <edgeMap>
          <xCoord>125</xCoord>
          <yCoord>309</yCoord>
        </edgeMap>
        <edgeMap>
          <xCoord>126</xCoord>
          <yCoord>308</yCoord>
        </edgeMap>
        <edgeMap>
          <xCoord>126</xCoord>
          <yCoord>307</yCoord>
        </edgeMap>
        <edgeMap>
          <xCoord>127</xCoord>
          <yCoord>306</yCoord>
        </edgeMap>
        <edgeMap>
          <xCoord>127</xCoord>
          <yCoord>305</yCoord>
        </edgeMap>
        <edgeMap>
          <xCoord>127</xCoord>
          <yCoord>304</yCoord>
        </edgeMap>
        <edgeMap>
          <xCoord>127</xCoord>
          <yCoord>303</yCoord>
        </edgeMap>
        <edgeMap>
          <xCoord>126</xCoord>
          <yCoord>302</yCoord>
        </edgeMap>
        <edgeMap>
          <xCoord>125</xCoord>
          <yCoord>302</yCoord>
        </edgeMap>
      </roi>
      <roi>
        <imageZposition>-66.250000</imageZposition>
        <imageSOP_UID>1.3.6.1.4.1.14519.5.2.1.6279.6001.231282622410010411314500935195</imageSOP_UID>
        <inclusion>TRUE</inclusion>
        <edgeMap>
          <xCoord>125</xCoord>
          <yCoord>302</yCoord>
        </edgeMap>
        <edgeMap>
          <xCoord>124</xCoord>
          <yCoord>303</yCoord>
        </edgeMap>
        <edgeMap>
          <xCoord>123</xCoord>
          <yCoord>304</yCoord>
        </edgeMap>
        <edgeMap>
          <xCoord>123</xCoord>
          <yCoord>305</yCoord>
        </edgeMap>
        <edgeMap>
          <xCoord>123</xCoord>
          <yCoord>306</yCoord>
        </edgeMap>
        <edgeMap>
          <xCoord>123</xCoord>
          <yCoord>307</yCoord>
        </edgeMap>
        <edgeMap>
          <xCoord>122</xCoord>
          <yCoord>308</yCoord>
        </edgeMap>
        <edgeMap>
          <xCoord>122</xCoord>
          <yCoord>309</yCoord>
        </edgeMap>
        <edgeMap>
          <xCoord>123</xCoord>
          <yCoord>310</yCoord>
        </edgeMap>
        <edgeMap>
          <xCoord>124</xCoord>
          <yCoord>310</yCoord>
        </edgeMap>
        <edgeMap>
          <xCoord>125</xCoord>
          <yCoord>309</yCoord>
        </edgeMap>
        <edgeMap>
          <xCoord>126</xCoord>
          <yCoord>308</yCoord>
        </edgeMap>
        <edgeMap>
          <xCoord>126</xCoord>
          <yCoord>307</yCoord>
        </edgeMap>
        <edgeMap>
          <xCoord>127</xCoord>
          <yCoord>306</yCoord>
        </edgeMap>
        <edgeMap>
          <xCoord>128</xCoord>
          <yCoord>305</yCoord>
        </edgeMap>
        <edgeMap>
          <xCoord>128</xCoord>
          <yCoord>304</yCoord>
        </edgeMap>
        <edgeMap>
          <xCoord>127</xCoord>
          <yCoord>303</yCoord>
        </edgeMap>
        <edgeMap>
          <xCoord>126</xCoord>
          <yCoord>302</yCoord>
        </edgeMap>
        <edgeMap>
          <xCoord>125</xCoord>
          <yCoord>302</yCoord>
        </edgeMap>
      </roi>
    </unblindedReadNodule>
    <unblindedReadNodule>
      <noduleID>Nodule 002</noduleID>
      <characteristics>
        <subtlety>3</subtlety>
        <internalStructure>1</internalStructure>
        <calcification>6</calcification>
        <sphericity>4</sphericity>
        <margin>5</margin>
        <lobulation>1</lobulation>
        <spiculation>1</spiculation>
        <texture>5</texture>
        <malignancy>1</malignancy>
      </characteristics>
      <roi>
        <imageZposition>-61.250000</imageZposition>
        <imageSOP_UID>1.3.6.1.4.1.14519.5.2.1.6279.6001.156482241602552986264760753317</imageSOP_UID>
        <inclusion>TRUE</inclusion>
        <edgeMap>
          <xCoord>169</xCoord>
          <yCoord>238</yCoord>
        </edgeMap>
        <edgeMap>
          <xCoord>168</xCoord>
          <yCoord>239</yCoord>
        </edgeMap>
        <edgeMap>
          <xCoord>167</xCoord>
          <yCoord>240</yCoord>
        </edgeMap>
        <edgeMap>
          <xCoord>167</xCoord>
          <yCoord>241</yCoord>
        </edgeMap>
        <edgeMap>
          <xCoord>167</xCoord>
          <yCoord>242</yCoord>
        </edgeMap>
        <edgeMap>
          <xCoord>168</xCoord>
          <yCoord>243</yCoord>
        </edgeMap>
        <edgeMap>
          <xCoord>169</xCoord>
          <yCoord>243</yCoord>
        </edgeMap>
        <edgeMap>
          <xCoord>170</xCoord>
          <yCoord>244</yCoord>
        </edgeMap>
        <edgeMap>
          <xCoord>171</xCoord>
          <yCoord>244</yCoord>
        </edgeMap>
        <edgeMap>
          <xCoord>172</xCoord>
          <yCoord>243</yCoord>
        </edgeMap>
        <edgeMap>
          <xCoord>173</xCoord>
          <yCoord>242</yCoord>
        </edgeMap>
        <edgeMap>
          <xCoord>174</xCoord>
          <yCoord>241</yCoord>
        </edgeMap>
        <edgeMap>
          <xCoord>175</xCoord>
          <yCoord>240</yCoord>
        </edgeMap>
        <edgeMap>
          <xCoord>174</xCoord>
          <yCoord>239</yCoord>
        </edgeMap>
        <edgeMap>
          <xCoord>173</xCoord>
          <yCoord>238</yCoord>
        </edgeMap>
        <edgeMap>
          <xCoord>172</xCoord>
          <yCoord>238</yCoord>
        </edgeMap>
        <edgeMap>
          <xCoord>171</xCoord>
          <yCoord>238</yCoord>
        </edgeMap>
        <edgeMap>
          <xCoord>170</xCoord>
          <yCoord>238</yCoord>
        </edgeMap>
        <edgeMap>
          <xCoord>169</xCoord>
          <yCoord>238</yCoord>
        </edgeMap>
      </roi>
      <roi>
        <imageZposition>-60.000000</imageZposition>
        <imageSOP_UID>1.3.6.1.4.1.14519.5.2.1.6279.6001.278307703712697588605774131196</imageSOP_UID>
        <inclusion>TRUE</inclusion>
        <edgeMap>
          <xCoord>170</xCoord>
          <yCoord>238</yCoord>
        </edgeMap>
        <edgeMap>
          <xCoord>169</xCoord>
          <yCoord>239</yCoord>
        </edgeMap>
        <edgeMap>
          <xCoord>168</xCoord>
          <yCoord>239</yCoord>
        </edgeMap>
        <edgeMap>
          <xCoord>167</xCoord>
          <yCoord>240</yCoord>
        </edgeMap>
        <edgeMap>
          <xCoord>167</xCoord>
          <yCoord>241</yCoord>
        </edgeMap>
        <edgeMap>
          <xCoord>167</xCoord>
          <yCoord>242</yCoord>
        </edgeMap>
        <edgeMap>
          <xCoord>167</xCoord>
          <yCoord>243</yCoord>
        </edgeMap>
        <edgeMap>
          <xCoord>168</xCoord>
          <yCoord>244</yCoord>
        </edgeMap>
        <edgeMap>
          <xCoord>169</xCoord>
          <yCoord>244</yCoord>
        </edgeMap>
        <edgeMap>
          <xCoord>170</xCoord>
          <yCoord>244</yCoord>
        </edgeMap>
        <edgeMap>
          <xCoord>171</xCoord>
          <yCoord>244</yCoord>
        </edgeMap>
        <edgeMap>
          <xCoord>172</xCoord>
          <yCoord>244</yCoord>
        </edgeMap>
        <edgeMap>
          <xCoord>173</xCoord>
          <yCoord>243</yCoord>
        </edgeMap>
        <edgeMap>
          <xCoord>174</xCoord>
          <yCoord>242</yCoord>
        </edgeMap>
        <edgeMap>
          <xCoord>175</xCoord>
          <yCoord>241</yCoord>
        </edgeMap>
        <edgeMap>
          <xCoord>175</xCoord>
          <yCoord>240</yCoord>
        </edgeMap>
        <edgeMap>
          <xCoord>175</xCoord>
          <yCoord>239</yCoord>
        </edgeMap>
        <edgeMap>
          <xCoord>174</xCoord>
          <yCoord>238</yCoord>
        </edgeMap>
        <edgeMap>
          <xCoord>173</xCoord>
          <yCoord>238</yCoord>
        </edgeMap>
        <edgeMap>
          <xCoord>172</xCoord>
          <yCoord>238</yCoord>
        </edgeMap>
        <edgeMap>
          <xCoord>171</xCoord>
          <yCoord>238</yCoord>
        </edgeMap>
        <edgeMap>
          <xCoord>170</xCoord>
          <yCoord>238</yCoord>
        </edgeMap>
      </roi>
    </unblindedReadNodule>
    <unblindedReadNodule>
      <noduleID>Nodule 003</noduleID>
      <roi>
        <imageZposition>-50.000000</imageZposition>
        <imageSOP_UID>1.3.6.1.4.1.14519.5.2.1.6279.6001.287516527870856897140902934466</imageSOP_UID>
        <inclusion>TRUE</inclusion>
        <edgeMap>
          <xCoord>147</xCoord>
          <yCoord>338</yCoord>
        </edgeMap>
      </roi>
    </unblindedReadNodule>
    <unblindedReadNodule>
      <noduleID>Nodule 004</noduleID>
      <roi>
        <imageZposition>-118.750000 </imageZposition>
        <imageSOP_UID>1.3.6.1.4.1.14519.5.2.1.6279.6001.253638934367136122913342894493</imageSOP_UID>
        <inclusion>TRUE</inclusion>
        <edgeMap>
          <xCoord>204</xCoord>
          <yCoord>240</yCoord>
        </edgeMap>
      </roi>
    </unblindedReadNodule>
    <nonNodule>
      <nonNoduleID>_Non-nodule 001</nonNoduleID>
      <imageZposition>-191.250000 </imageZposition>
      <imageSOP_UID>1.3.6.1.4.1.14519.5.2.1.6279.6001.778800236300787246810937148326</imageSOP_UID>
      <locus>
        <xCoord>235</xCoord>
        <yCoord>316</yCoord>
      </locus>
    </nonNodule>
    <nonNodule>
      <nonNoduleID>_Non-nodule 002</nonNoduleID>
      <imageZposition>-168.750000 </imageZposition>
      <imageSOP_UID>1.3.6.1.4.1.14519.5.2.1.6279.6001.157031373414762184552790510058</imageSOP_UID>
      <locus>
        <xCoord>137</xCoord>
        <yCoord>356</yCoord>
      </locus>
    </nonNodule>
    <nonNodule>
      <nonNoduleID>_Non-nodule 003</nonNoduleID>
      <imageZposition>-148.750000 </imageZposition>
      <imageSOP_UID>1.3.6.1.4.1.14519.5.2.1.6279.6001.257409561551460183300071071168</imageSOP_UID>
      <locus>
        <xCoord>119</xCoord>
        <yCoord>212</yCoord>
      </locus>
    </nonNodule>
    <nonNodule>
      <nonNoduleID>_Non-nodule 004</nonNoduleID>
      <imageZposition>-26.250000</imageZposition>
      <imageSOP_UID>1.3.6.1.4.1.14519.5.2.1.6279.6001.919905172967290858401591102598</imageSOP_UID>
      <locus>
        <xCoord>190</xCoord>
        <yCoord>333</yCoord>
      </locus>
    </nonNodule>
    <nonNodule>
      <nonNoduleID>_Non-nodule 005</nonNoduleID>
      <imageZposition>-122.500000 </imageZposition>
      <imageSOP_UID>1.3.6.1.4.1.14519.5.2.1.6279.6001.976115815448037002029593752436</imageSOP_UID>
      <locus>
        <xCoord>175</xCoord>
        <yCoord>310</yCoord>
      </locus>
    </nonNodule>
  </readingSession>
	<readingSession>
		<annotationVersion>3.12</annotationVersion>
		<servicingRadiologistID>anon</servicingRadiologistID>
			<unblindedReadNodule>
				<noduleID>0</noduleID>
				<roi>
					<imageZposition>-67.5</imageZposition>
					<imageSOP_UID>1.3.6.1.4.1.14519.5.2.1.6279.6001.332703704303704471496786759650</imageSOP_UID>
					<inclusion>TRUE</inclusion>
					<edgeMap>
					<xCoord>125</xCoord>
					<yCoord>306</yCoord>
					</edgeMap>
				</roi>
			</unblindedReadNodule>
			<unblindedReadNodule>
				<noduleID>3</noduleID>
				<roi>
					<imageZposition>-50.0</imageZposition>
					<imageSOP_UID>1.3.6.1.4.1.14519.5.2.1.6279.6001.287516527870856897140902934466</imageSOP_UID>
					<inclusion>TRUE</inclusion>
					<edgeMap>
					<xCoord>147</xCoord>
					<yCoord>338</yCoord>
					</edgeMap>
				</roi>
			</unblindedReadNodule>
			<unblindedReadNodule>
				<noduleID>5</noduleID>
				<characteristics>
					<subtlety>5</subtlety>
					<internalStructure>1</internalStructure>
					<calcification>6</calcification>
					<sphericity>5</sphericity>
					<margin>4</margin>
					<lobulation>1</lobulation>
					<spiculation>5</spiculation>
					<texture>4</texture>
					<malignancy>4</malignancy>
				</characteristics>
				<roi>
					<imageZposition>-171.25</imageZposition>
					<imageSOP_UID>1.3.6.1.4.1.14519.5.2.1.6279.6001.242213252137668419371914628301</imageSOP_UID>
					<inclusion>TRUE</inclusion>
					<edgeMap>
					<xCoord>130</xCoord>
					<yCoord>356</yCoord>
					</edgeMap>
					<edgeMap>
					<xCoord>130</xCoord>
					<yCoord>357</yCoord>
					</edgeMap>
					<edgeMap>
					<xCoord>130</xCoord>
					<yCoord>358</yCoord>
					</edgeMap>
					<edgeMap>
					<xCoord>130</xCoord>
					<yCoord>359</yCoord>
					</edgeMap>
					<edgeMap>
					<xCoord>129</xCoord>
					<yCoord>360</yCoord>
					</edgeMap>
					<edgeMap>
					<xCoord>129</xCoord>
					<yCoord>361</yCoord>
					</edgeMap>
					<edgeMap>
					<xCoord>128</xCoord>
					<yCoord>361</yCoord>
					</edgeMap>
					<edgeMap>
					<xCoord>127</xCoord>
					<yCoord>362</yCoord>
					</edgeMap>
					<edgeMap>
					<xCoord>126</xCoord>
					<yCoord>362</yCoord>
					</edgeMap>
					<edgeMap>
					<xCoord>125</xCoord>
					<yCoord>362</yCoord>
					</edgeMap>
					<edgeMap>
					<xCoord>124</xCoord>
					<yCoord>363</yCoord>
					</edgeMap>
					<edgeMap>
					<xCoord>124</xCoord>
					<yCoord>364</yCoord>
					</edgeMap>
					<edgeMap>
					<xCoord>125</xCoord>
					<yCoord>364</yCoord>
					</edgeMap>
					<edgeMap>
					<xCoord>126</xCoord>
					<yCoord>364</yCoord>
					</edgeMap>
					<edgeMap>
					<xCoord>127</xCoord>
					<yCoord>364</yCoord>
					</edgeMap>
					<edgeMap>
					<xCoord>128</xCoord>
					<yCoord>364</yCoord>
					</edgeMap>
					<edgeMap>
					<xCoord>129</xCoord>
					<yCoord>364</yCoord>
					</edgeMap>
					<edgeMap>
					<xCoord>130</xCoord>
					<yCoord>363</yCoord>
					</edgeMap>
					<edgeMap>
					<xCoord>131</xCoord>
					<yCoord>363</yCoord>
					</edgeMap>
					<edgeMap>
					<xCoord>132</xCoord>
					<yCoord>363</yCoord>
					</edgeMap>
					<edgeMap>
					<xCoord>133</xCoord>
					<yCoord>363</yCoord>
					</edgeMap>
					<edgeMap>
					<xCoord>134</xCoord>
					<yCoord>363</yCoord>
					</edgeMap>
					<edgeMap>
					<xCoord>135</xCoord>
					<yCoord>363</yCoord>
					</edgeMap>
					<edgeMap>
					<xCoord>136</xCoord>
					<yCoord>362</yCoord>
					</edgeMap>
					<edgeMap>
					<xCoord>137</xCoord>
					<yCoord>362</yCoord>
					</edgeMap>
					<edgeMap>
					<xCoord>138</xCoord>
					<yCoord>361</yCoord>
					</edgeMap>
					<edgeMap>
					<xCoord>139</xCoord>
					<yCoord>360</yCoord>
					</edgeMap>
					<edgeMap>
					<xCoord>140</xCoord>
					<yCoord>360</yCoord>
					</edgeMap>
					<edgeMap>
					<xCoord>140</xCoord>
					<yCoord>359</yCoord>
					</edgeMap>
					<edgeMap>
					<xCoord>140</xCoord>
					<yCoord>358</yCoord>
					</edgeMap>
					<edgeMap>
					<xCoord>140</xCoord>
					<yCoord>357</yCoord>
					</edgeMap>
					<edgeMap>
					<xCoord>140</xCoord>
					<yCoord>356</yCoord>
					</edgeMap>
					<edgeMap>
					<xCoord>139</xCoord>
					<yCoord>357</yCoord>
					</edgeMap>
					<edgeMap>
					<xCoord>138</xCoord>
					<yCoord>358</yCoord>
					</edgeMap>
					<edgeMap>
					<xCoord>137</xCoord>
					<yCoord>358</yCoord>
					</edgeMap>
					<edgeMap>
					<xCoord>136</xCoord>
					<yCoord>358</yCoord>
					</edgeMap>
					<edgeMap>
					<xCoord>135</xCoord>
					<yCoord>357</yCoord>
					</edgeMap>
					<edgeMap>
					<xCoord>134</xCoord>
					<yCoord>357</yCoord>
					</edgeMap>
					<edgeMap>
					<xCoord>133</xCoord>
					<yCoord>357</yCoord>
					</edgeMap>
					<edgeMap>
					<xCoord>132</xCoord>
					<yCoord>357</yCoord>
					</edgeMap>
					<edgeMap>
					<xCoord>131</xCoord>
					<yCoord>356</yCoord>
					</edgeMap>
					<edgeMap>
					<xCoord>130</xCoord>
					<yCoord>356</yCoord>
					</edgeMap>
				</roi>
				<roi>
					<imageZposition>-170.0</imageZposition>
					<imageSOP_UID>1.3.6.1.4.1.14519.5.2.1.6279.6001.252802300034816691458992767772</imageSOP_UID>
					<inclusion>TRUE</inclusion>
					<edgeMap>
					<xCoord>138</xCoord>
					<yCoord>362</yCoord>
					</edgeMap>
					<edgeMap>
					<xCoord>137</xCoord>
					<yCoord>363</yCoord>
					</edgeMap>
					<edgeMap>
					<xCoord>136</xCoord>
					<yCoord>364</yCoord>
					</edgeMap>
					<edgeMap>
					<xCoord>135</xCoord>
					<yCoord>365</yCoord>
					</edgeMap>
					<edgeMap>
					<xCoord>134</xCoord>
					<yCoord>364</yCoord>
					</edgeMap>
					<edgeMap>
					<xCoord>134</xCoord>
					<yCoord>363</yCoord>
					</edgeMap>
					<edgeMap>
					<xCoord>134</xCoord>
					<yCoord>362</yCoord>
					</edgeMap>
					<edgeMap>
					<xCoord>133</xCoord>
					<yCoord>361</yCoord>
					</edgeMap>
					<edgeMap>
					<xCoord>132</xCoord>
					<yCoord>361</yCoord>
					</edgeMap>
					<edgeMap>
					<xCoord>132</xCoord>
					<yCoord>360</yCoord>
					</edgeMap>
					<edgeMap>
					<xCoord>131</xCoord>
					<yCoord>359</yCoord>
					</edgeMap>
					<edgeMap>
					<xCoord>130</xCoord>
					<yCoord>358</yCoord>
					</edgeMap>
					<edgeMap>
					<xCoord>129</xCoord>
					<yCoord>357</yCoord>
					</edgeMap>
					<edgeMap>
					<xCoord>129</xCoord>
					<yCoord>356</yCoord>
					</edgeMap>
					<edgeMap>
					<xCoord>128</xCoord>
					<yCoord>356</yCoord>
					</edgeMap>
					<edgeMap>
					<xCoord>127</xCoord>
					<yCoord>357</yCoord>
					</edgeMap>
					<edgeMap>
					<xCoord>126</xCoord>
					<yCoord>357</yCoord>
					</edgeMap>
					<edgeMap>
					<xCoord>125</xCoord>
					<yCoord>356</yCoord>
					</edgeMap>
					<edgeMap>
					<xCoord>125</xCoord>
					<yCoord>355</yCoord>
					</edgeMap>
					<edgeMap>
					<xCoord>124</xCoord>
					<yCoord>355</yCoord>
					</edgeMap>
					<edgeMap>
					<xCoord>124</xCoord>
					<yCoord>354</yCoord>
					</edgeMap>
					<edgeMap>
					<xCoord>125</xCoord>
					<yCoord>354</yCoord>
					</edgeMap>
					<edgeMap>
					<xCoord>126</xCoord>
					<yCoord>354</yCoord>
					</edgeMap>
					<edgeMap>
					<xCoord>127</xCoord>
					<yCoord>353</yCoord>
					</edgeMap>
					<edgeMap>
					<xCoord>128</xCoord>
					<yCoord>353</yCoord>
					</edgeMap>
					<edgeMap>
					<xCoord>128</xCoord>
					<yCoord>354</yCoord>
					</edgeMap>
					<edgeMap>
					<xCoord>129</xCoord>
					<yCoord>355</yCoord>
					</edgeMap>
					<edgeMap>
					<xCoord>130</xCoord>
					<yCoord>355</yCoord>
					</edgeMap>
					<edgeMap>
					<xCoord>131</xCoord>
					<yCoord>355</yCoord>
					</edgeMap>
					<edgeMap>
					<xCoord>132</xCoord>
					<yCoord>354</yCoord>
					</edgeMap>
					<edgeMap>
					<xCoord>133</xCoord>
					<yCoord>354</yCoord>
					</edgeMap>
					<edgeMap>
					<xCoord>134</xCoord>
					<yCoord>354</yCoord>
					</edgeMap>
					<edgeMap>
					<xCoord>135</xCoord>
					<yCoord>354</yCoord>
					</edgeMap>
					<edgeMap>
					<xCoord>136</xCoord>
					<yCoord>355</yCoord>
					</edgeMap>
					<edgeMap>
					<xCoord>136</xCoord>
					<yCoord>356</yCoord>
					</edgeMap>
					<edgeMap>
					<xCoord>137</xCoord>
					<yCoord>357</yCoord>
					</edgeMap>
					<edgeMap>
					<xCoord>138</xCoord>
					<yCoord>357</yCoord>
					</edgeMap>
					<edgeMap>
					<xCoord>139</xCoord>
					<yCoord>356</yCoord>
					</edgeMap>
					<edgeMap>
					<xCoord>140</xCoord>
					<yCoord>355</yCoord>
					</edgeMap>
					<edgeMap>
					<xCoord>141</xCoord>
					<yCoord>354</yCoord>
					</edgeMap>
					<edgeMap>
					<xCoord>142</xCoord>
					<yCoord>353</yCoord>
					</edgeMap>
					<edgeMap>
					<xCoord>143</xCoord>
					<yCoord>354</yCoord>
					</edgeMap>
					<edgeMap>
					<xCoord>143</xCoord>
					<yCoord>355</yCoord>
					</edgeMap>
					<edgeMap>
					<xCoord>144</xCoord>
					<yCoord>356</yCoord>
					</edgeMap>
					<edgeMap>
					<xCoord>143</xCoord>
					<yCoord>357</yCoord>
					</edgeMap>
					<edgeMap>
					<xCoord>143</xCoord>
					<yCoord>358</yCoord>
					</edgeMap>
					<edgeMap>
					<xCoord>142</xCoord>
					<yCoord>358</yCoord>
					</edgeMap>
					<edgeMap>
					<xCoord>141</xCoord>
					<yCoord>359</yCoord>
					</edgeMap>
					<edgeMap>
					<xCoord>141</xCoord>
					<yCoord>360</yCoord>
					</edgeMap>
					<edgeMap>
					<xCoord>140</xCoord>
					<yCoord>360</yCoord>
					</edgeMap>
					<edgeMap>
					<xCoord>139</xCoord>
					<yCoord>361</yCoord>
					</edgeMap>
					<edgeMap>
					<xCoord>138</xCoord>
					<yCoord>362</yCoord>
					</edgeMap>
				</roi>
				<roi>
					<imageZposition>-168.75</imageZposition>
					<imageSOP_UID>1.3.6.1.4.1.14519.5.2.1.6279.6001.157031373414762184552790510058</imageSOP_UID>
					<inclusion>TRUE</inclusion>
					<edgeMap>
					<xCoord>138</xCoord>
					<yCoord>352</yCoord>
					</edgeMap>
					<edgeMap>
					<xCoord>139</xCoord>
					<yCoord>353</yCoord>
					</edgeMap>
					<edgeMap>
					<xCoord>140</xCoord>
					<yCoord>353</yCoord>
					</edgeMap>
					<edgeMap>
					<xCoord>141</xCoord>
					<yCoord>354</yCoord>
					</edgeMap>
					<edgeMap>
					<xCoord>142</xCoord>
					<yCoord>353</yCoord>
					</edgeMap>
					<edgeMap>
					<xCoord>143</xCoord>
					<yCoord>353</yCoord>
					</edgeMap>
					<edgeMap>
					<xCoord>144</xCoord>
					<yCoord>354</yCoord>
					</edgeMap>
					<edgeMap>
					<xCoord>144</xCoord>
					<yCoord>355</yCoord>
					</edgeMap>
					<edgeMap>
					<xCoord>144</xCoord>
					<yCoord>356</yCoord>
					</edgeMap>
					<edgeMap>
					<xCoord>143</xCoord>
					<yCoord>357</yCoord>
					</edgeMap>
					<edgeMap>
					<xCoord>143</xCoord>
					<yCoord>358</yCoord>
					</edgeMap>
					<edgeMap>
					<xCoord>142</xCoord>
					<yCoord>359</yCoord>
					</edgeMap>
					<edgeMap>
					<xCoord>141</xCoord>
					<yCoord>360</yCoord>
					</edgeMap>
					<edgeMap>
					<xCoord>140</xCoord>
					<yCoord>361</yCoord>
					</edgeMap>
					<edgeMap>
					<xCoord>139</xCoord>
					<yCoord>362</yCoord>
					</edgeMap>
					<edgeMap>
					<xCoord>139</xCoord>
					<yCoord>363</yCoord>
					</edgeMap>
					<edgeMap>
					<xCoord>138</xCoord>
					<yCoord>364</yCoord>
					</edgeMap>
					<edgeMap>
					<xCoord>137</xCoord>
					<yCoord>365</yCoord>
					</edgeMap>
					<edgeMap>
					<xCoord>136</xCoord>
					<yCoord>365</yCoord>
					</edgeMap>
					<edgeMap>
					<xCoord>135</xCoord>
					<yCoord>365</yCoord>
					</edgeMap>
					<edgeMap>
					<xCoord>134</xCoord>
					<yCoord>364</yCoord>
					</edgeMap>
					<edgeMap>
					<xCoord>133</xCoord>
					<yCoord>363</yCoord>
					</edgeMap>
					<edgeMap>
					<xCoord>133</xCoord>
					<yCoord>362</yCoord>
					</edgeMap>
					<edgeMap>
					<xCoord>132</xCoord>
					<yCoord>361</yCoord>
					</edgeMap>
					<edgeMap>
					<xCoord>132</xCoord>
					<yCoord>360</yCoord>
					</edgeMap>
					<edgeMap>
					<xCoord>132</xCoord>
					<yCoord>359</yCoord>
					</edgeMap>
					<edgeMap>
					<xCoord>131</xCoord>
					<yCoord>358</yCoord>
					</edgeMap>
					<edgeMap>
					<xCoord>130</xCoord>
					<yCoord>358</yCoord>
					</edgeMap>
					<edgeMap>
					<xCoord>129</xCoord>
					<yCoord>357</yCoord>
					</edgeMap>
					<edgeMap>
					<xCoord>128</xCoord>
					<yCoord>356</yCoord>
					</edgeMap>
					<edgeMap>
					<xCoord>127</xCoord>
					<yCoord>356</yCoord>
					</edgeMap>
					<edgeMap>
					<xCoord>127</xCoord>
					<yCoord>355</yCoord>
					</edgeMap>
					<edgeMap>
					<xCoord>127</xCoord>
					<yCoord>354</yCoord>
					</edgeMap>
					<edgeMap>
					<xCoord>128</xCoord>
					<yCoord>353</yCoord>
					</edgeMap>
					<edgeMap>
					<xCoord>129</xCoord>
					<yCoord>352</yCoord>
					</edgeMap>
					<edgeMap>
					<xCoord>130</xCoord>
					<yCoord>352</yCoord>
					</edgeMap>
					<edgeMap>
					<xCoord>130</xCoord>
					<yCoord>351</yCoord>
					</edgeMap>
					<edgeMap>
					<xCoord>131</xCoord>
					<yCoord>351</yCoord>
					</edgeMap>
					<edgeMap>
					<xCoord>132</xCoord>
					<yCoord>351</yCoord>
					</edgeMap>
					<edgeMap>
					<xCoord>133</xCoord>
					<yCoord>351</yCoord>
					</edgeMap>
					<edgeMap>
					<xCoord>134</xCoord>
					<yCoord>351</yCoord>
					</edgeMap>
					<edgeMap>
					<xCoord>135</xCoord>
					<yCoord>352</yCoord>
					</edgeMap>
					<edgeMap>
					<xCoord>136</xCoord>
					<yCoord>352</yCoord>
					</edgeMap>
					<edgeMap>
					<xCoord>137</xCoord>
					<yCoord>352</yCoord>
					</edgeMap>
					<edgeMap>
					<xCoord>138</xCoord>
					<yCoord>352</yCoord>
					</edgeMap>
				</roi>
				<roi>
					<imageZposition>-167.5</imageZposition>
					<imageSOP_UID>1.3.6.1.4.1.14519.5.2.1.6279.6001.207677977943456688254426441330</imageSOP_UID>
					<inclusion>TRUE</inclusion>
					<edgeMap>
					<xCoord>129</xCoord>
					<yCoord>352</yCoord>
					</edgeMap>
					<edgeMap>
					<xCoord>130</xCoord>
					<yCoord>352</yCoord>
					</edgeMap>
					<edgeMap>
					<xCoord>131</xCoord>
					<yCoord>353</yCoord>
					</edgeMap>
					<edgeMap>
					<xCoord>132</xCoord>
					<yCoord>353</yCoord>
					</edgeMap>
					<edgeMap>
					<xCoord>133</xCoord>
					<yCoord>353</yCoord>
					</edgeMap>
					<edgeMap>
					<xCoord>134</xCoord>
					<yCoord>353</yCoord>
					</edgeMap>
					<edgeMap>
					<xCoord>135</xCoord>
					<yCoord>353</yCoord>
					</edgeMap>
					<edgeMap>
					<xCoord>136</xCoord>
					<yCoord>353</yCoord>
					</edgeMap>
					<edgeMap>
					<xCoord>137</xCoord>
					<yCoord>352</yCoord>
					</edgeMap>
					<edgeMap>
					<xCoord>138</xCoord>
					<yCoord>352</yCoord>
					</edgeMap>
					<edgeMap>
					<xCoord>139</xCoord>
					<yCoord>352</yCoord>
					</edgeMap>
					<edgeMap>
					<xCoord>140</xCoord>
					<yCoord>351</yCoord>
					</edgeMap>
					<edgeMap>
					<xCoord>141</xCoord>
					<yCoord>351</yCoord>
					</edgeMap>
					<edgeMap>
					<xCoord>142</xCoord>
					<yCoord>351</yCoord>
					</edgeMap>
					<edgeMap>
					<xCoord>143</xCoord>
					<yCoord>351</yCoord>
					</edgeMap>
					<edgeMap>
					<xCoord>144</xCoord>
					<yCoord>352</yCoord>
					</edgeMap>
					<edgeMap>
					<xCoord>145</xCoord>
					<yCoord>353</yCoord>
					</edgeMap>
					<edgeMap>
					<xCoord>146</xCoord>
					<yCoord>354</yCoord>
					</edgeMap>
					<edgeMap>
					<xCoord>145</xCoord>
					<yCoord>355</yCoord>
					</edgeMap>
					<edgeMap>
					<xCoord>144</xCoord>
					<yCoord>356</yCoord>
					</edgeMap>
					<edgeMap>
					<xCoord>143</xCoord>
					<yCoord>356</yCoord>
					</edgeMap>
					<edgeMap>
					<xCoord>142</xCoord>
					<yCoord>357</yCoord>
					</edgeMap>
					<edgeMap>
					<xCoord>141</xCoord>
					<yCoord>357</yCoord>
					</edgeMap>
					<edgeMap>
					<xCoord>140</xCoord>
					<yCoord>358</yCoord>
					</edgeMap>
					<edgeMap>
					<xCoord>139</xCoord>
					<yCoord>358</yCoord>
					</edgeMap>
					<edgeMap>
					<xCoord>139</xCoord>
					<yCoord>359</yCoord>
					</edgeMap>
					<edgeMap>
					<xCoord>139</xCoord>
					<yCoord>360</yCoord>
					</edgeMap>
					<edgeMap>
					<xCoord>139</xCoord>
					<yCoord>361</yCoord>
					</edgeMap>
					<edgeMap>
					<xCoord>139</xCoord>
					<yCoord>362</yCoord>
					</edgeMap>
					<edgeMap>
					<xCoord>139</xCoord>
					<yCoord>363</yCoord>
					</edgeMap>
					<edgeMap>
					<xCoord>140</xCoord>
					<yCoord>363</yCoord>
					</edgeMap>
					<edgeMap>
					<xCoord>139</xCoord>
					<yCoord>364</yCoord>
					</edgeMap>
					<edgeMap>
					<xCoord>138</xCoord>
					<yCoord>364</yCoord>
					</edgeMap>
					<edgeMap>
					<xCoord>137</xCoord>
					<yCoord>365</yCoord>
					</edgeMap>
					<edgeMap>
					<xCoord>136</xCoord>
					<yCoord>365</yCoord>
					</edgeMap>
					<edgeMap>
					<xCoord>135</xCoord>
					<yCoord>366</yCoord>
					</edgeMap>
					<edgeMap>
					<xCoord>134</xCoord>
					<yCoord>365</yCoord>
					</edgeMap>
					<edgeMap>
					<xCoord>133</xCoord>
					<yCoord>365</yCoord>
					</edgeMap>
					<edgeMap>
					<xCoord>132</xCoord>
					<yCoord>364</yCoord>
					</edgeMap>
					<edgeMap>
					<xCoord>131</xCoord>
					<yCoord>364</yCoord>
					</edgeMap>
					<edgeMap>
					<xCoord>130</xCoord>
					<yCoord>363</yCoord>
					</edgeMap>
					<edgeMap>
					<xCoord>129</xCoord>
					<yCoord>363</yCoord>
					</edgeMap>
					<edgeMap>
					<xCoord>129</xCoord>
					<yCoord>362</yCoord>
					</edgeMap>
					<edgeMap>
					<xCoord>130</xCoord>
					<yCoord>362</yCoord>
					</edgeMap>
					<edgeMap>
					<xCoord>131</xCoord>
					<yCoord>361</yCoord>
					</edgeMap>
					<edgeMap>
					<xCoord>132</xCoord>
					<yCoord>361</yCoord>
					</edgeMap>
					<edgeMap>
					<xCoord>132</xCoord>
					<yCoord>360</yCoord>
					</edgeMap>
					<edgeMap>
					<xCoord>132</xCoord>
					<yCoord>359</yCoord>
					</edgeMap>
					<edgeMap>
					<xCoord>131</xCoord>
					<yCoord>359</yCoord>
					</edgeMap>
					<edgeMap>
					<xCoord>130</xCoord>
					<yCoord>358</yCoord>
					</edgeMap>
					<edgeMap>
					<xCoord>129</xCoord>
					<yCoord>358</yCoord>
					</edgeMap>
					<edgeMap>
					<xCoord>128</xCoord>
					<yCoord>357</yCoord>
					</edgeMap>
					<edgeMap>
					<xCoord>128</xCoord>
					<yCoord>356</yCoord>
					</edgeMap>
					<edgeMap>
					<xCoord>127</xCoord>
					<yCoord>355</yCoord>
					</edgeMap>
					<edgeMap>
					<xCoord>126</xCoord>
					<yCoord>354</yCoord>
					</edgeMap>
					<edgeMap>
					<xCoord>126</xCoord>
					<yCoord>353</yCoord>
					</edgeMap>
					<edgeMap>
					<xCoord>126</xCoord>
					<yCoord>352</yCoord>
					</edgeMap>
					<edgeMap>
					<xCoord>126</xCoord>
					<yCoord>351</yCoord>
					</edgeMap>
					<edgeMap>
					<xCoord>126</xCoord>
					<yCoord>350</yCoord>
					</edgeMap>
					<edgeMap>
					<xCoord>127</xCoord>
					<yCoord>350</yCoord>
					</edgeMap>
					<edgeMap>
					<xCoord>127</xCoord>
					<yCoord>349</yCoord>
					</edgeMap>
					<edgeMap>
					<xCoord>128</xCoord>
					<yCoord>350</yCoord>
					</edgeMap>
					<edgeMap>
					<xCoord>129</xCoord>
					<yCoord>351</yCoord>
					</edgeMap>
					<edgeMap>
					<xCoord>129</xCoord>
					<yCoord>352</yCoord>
					</edgeMap>
				</roi>
			</unblindedReadNodule>
			<unblindedReadNodule>
				<noduleID>6</noduleID>
				<roi>
					<imageZposition>-117.5</imageZposition>
					<imageSOP_UID>1.3.6.1.4.1.14519.5.2.1.6279.6001.145318627834135895066428081981</imageSOP_UID>
					<inclusion>TRUE</inclusion>
					<edgeMap>
					<xCoord>205</xCoord>
					<yCoord>241</yCoord>
					</edgeMap>
				</roi>
			</unblindedReadNodule>
			<unblindedReadNodule>
				<noduleID>7</noduleID>
				<roi>
					<imageZposition>-133.75</imageZposition>
					<imageSOP_UID>1.3.6.1.4.1.14519.5.2.1.6279.6001.890032126268349122080356633079</imageSOP_UID>
					<inclusion>TRUE</inclusion>
					<edgeMap>
					<xCoord>158</xCoord>
					<yCoord>208</yCoord>
					</edgeMap>
				</roi>
			</unblindedReadNodule>
			<unblindedReadNodule>
				<noduleID>8</noduleID>
				<roi>
					<imageZposition>-60.0</imageZposition>
					<imageSOP_UID>1.3.6.1.4.1.14519.5.2.1.6279.6001.278307703712697588605774131196</imageSOP_UID>
					<inclusion>TRUE</inclusion>
					<edgeMap>
					<xCoord>171</xCoord>
					<yCoord>240</yCoord>
					</edgeMap>
				</roi>
			</unblindedReadNodule>
			<nonNodule>
				<nonNoduleID>1</nonNoduleID>
				<imageZposition>-22.5</imageZposition>
				<imageSOP_UID>1.3.6.1.4.1.14519.5.2.1.6279.6001.343307074872466420670181467311</imageSOP_UID>
				<locus>
					<xCoord>212</xCoord>
					<yCoord>317</yCoord>
				</locus>
			</nonNodule>
			<nonNodule>
				<nonNoduleID>2</nonNoduleID>
				<imageZposition>-26.25</imageZposition>
				<imageSOP_UID>1.3.6.1.4.1.14519.5.2.1.6279.6001.919905172967290858401591102598</imageSOP_UID>
				<locus>
					<xCoord>191</xCoord>
					<yCoord>334</yCoord>
				</locus>
			</nonNodule>
			<nonNodule>
				<nonNoduleID>4</nonNoduleID>
				<imageZposition>-55.0</imageZposition>
				<imageSOP_UID>1.3.6.1.4.1.14519.5.2.1.6279.6001.572774471629470631698210333256</imageSOP_UID>
				<locus>
					<xCoord>179</xCoord>
					<yCoord>359</yCoord>
				</locus>
			</nonNodule>
			<nonNodule>
				<nonNoduleID>9</nonNoduleID>
				<imageZposition>-87.5</imageZposition>
				<imageSOP_UID>1.3.6.1.4.1.14519.5.2.1.6279.6001.232932686414529728829121758880</imageSOP_UID>
				<locus>
					<xCoord>220</xCoord>
					<yCoord>361</yCoord>
				</locus>
			</nonNodule>
			<nonNodule>
				<nonNoduleID>10</nonNoduleID>
				<imageZposition>-148.75</imageZposition>
				<imageSOP_UID>1.3.6.1.4.1.14519.5.2.1.6279.6001.257409561551460183300071071168</imageSOP_UID>
				<locus>
					<xCoord>120</xCoord>
					<yCoord>214</yCoord>
				</locus>
			</nonNodule>
			<nonNodule>
				<nonNoduleID>11</nonNoduleID>
				<imageZposition>-167.5</imageZposition>
				<imageSOP_UID>1.3.6.1.4.1.14519.5.2.1.6279.6001.207677977943456688254426441330</imageSOP_UID>
				<locus>
					<xCoord>237</xCoord>
					<yCoord>332</yCoord>
				</locus>
			</nonNodule>
			<nonNodule>
				<nonNoduleID>12</nonNoduleID>
				<imageZposition>-205.0</imageZposition>
				<imageSOP_UID>1.3.6.1.4.1.14519.5.2.1.6279.6001.720711338301756696888538570294</imageSOP_UID>
				<locus>
					<xCoord>233</xCoord>
					<yCoord>326</yCoord>
				</locus>
			</nonNodule>
			<nonNodule>
				<nonNoduleID>13</nonNoduleID>
				<imageZposition>-240.0</imageZposition>
				<imageSOP_UID>1.3.6.1.4.1.14519.5.2.1.6279.6001.840830023590504745416729442378</imageSOP_UID>
				<locus>
					<xCoord>218</xCoord>
					<yCoord>358</yCoord>
				</locus>
			</nonNodule>
	</readingSession>
</LidcReadMessage>