<?xml version="1.0" encoding="UTF-8"?>
<LidcReadMessage uid="1.3.6.1.4.1.14519.5.2.1.6279.6001.1307390705996.0" xmlns="http://www.nih.gov" xmlns:xsi="http://www.w3.org/2001/XMLSchema-instance" xsi:schemaLocation="http://www.nih.gov  http://troll.rad.med.umich.edu/lidc/LidcReadMessage.xsd">
<ResponseHeader>
	<Version>1.8</Version>
	<MessageId>NIH151</MessageId>
        <DateRequest>2006-02-16</DateRequest>
        <TimeRequest>00:00:00</TimeRequest>
	<RequestingSite>removed</RequestingSite>
	<ServicingSite>removed</ServicingSite>
	<TaskDescription>Second unblinded read</TaskDescription>
	<CtImageFile>removed</CtImageFile>
	<SeriesInstanceUid>1.3.6.1.4.1.14519.5.2.1.6279.6001.160586340600816116143631200450</SeriesInstanceUid>
	<DateService>2008-08-08</DateService>
	<TimeService>09:54:20</TimeService>
<ResponseDescription>1 - Reading complete</ResponseDescription>
<StudyInstanceUID>1.3.6.1.4.1.14519.5.2.1.6279.6001.128882236014679059490275573019</StudyInstanceUID></ResponseHeader>
<readingSession>
<annotationVersion>3.12</annotationVersion>
<servicingRadiologistID>anon</servicingRadiologistID>
<unblindedReadNodule>
<noduleID>1561</noduleID>
<characteristics>
<subtlety>4</subtlety>
<internalStructure>1</internalStructure>
<calcification>6</calcification>
<sphericity>2</sphericity>
<margin>1</margin>
<lobulation>3</lobulation>
<spiculation>3</spiculation>
<texture>5</texture>
<malignancy>5</malignancy>
</characteristics>
<roi>
<imageZposition>-75.75</imageZposition>
<imageSOP_UID>1.3.6.1.4.1.14519.5.2.1.6279.6001.103595291464264746926072939477</imageSOP_UID>
<inclusion>TRUE</inclusion>
<edgeMap>
<xCoord>146</xCoord>
<yCoord>309</yCoord>
</edgeMap>
<edgeMap>
<xCoord>147</xCoord>
<yCoord>308</yCoord>
</edgeMap>
<edgeMap>
<xCoord>148</xCoord>
<yCoord>308</yCoord>
</edgeMap>
<edgeMap>
<xCoord>149</xCoord>
<yCoord>308</yCoord>
</edgeMap>
<edgeMap>
<xCoord>150</xCoord>
<yCoord>308</yCoord>
</edgeMap>
<edgeMap>
<xCoord>151</xCoord>
<yCoord>307</yCoord>
</edgeMap>
<edgeMap>
<xCoord>152</xCoord>
<yCoord>307</yCoord>
</edgeMap>
<edgeMap>
<xCoord>153</xCoord>
<yCoord>306</yCoord>
</edgeMap>
<edgeMap>
<xCoord>154</xCoord>
<yCoord>305</yCoord>
</edgeMap>
<edgeMap>
<xCoord>153</xCoord>
<yCoord>304</yCoord>
</edgeMap>
<edgeMap>
<xCoord>152</xCoord>
<yCoord>303</yCoord>
</edgeMap>
<edgeMap>
<xCoord>152</xCoord>
<yCoord>302</yCoord>
</edgeMap>
<edgeMap>
<xCoord>151</xCoord>
<yCoord>301</yCoord>
</edgeMap>
<edgeMap>
<xCoord>150</xCoord>
<yCoord>301</yCoord>
</edgeMap>
<edgeMap>
<xCoord>149</xCoord>
<yCoord>301</yCoord>
</edgeMap>
<edgeMap>
<xCoord>148</xCoord>
<yCoord>301</yCoord>
</edgeMap>
<edgeMap>
<xCoord>147</xCoord>
<yCoord>300</yCoord>
</edgeMap>
<edgeMap>
<xCoord>146</xCoord>
<yCoord>300</yCoord>
</edgeMap>
<edgeMap>
<xCoord>145</xCoord>
<yCoord>300</yCoord>
</edgeMap>
<edgeMap>
<xCoord>144</xCoord>
<yCoord>299</yCoord>
</edgeMap>
<edgeMap>
<xCoord>145</xCoord>
<yCoord>298</yCoord>
</edgeMap>
<edgeMap>
<xCoord>146</xCoord>
<yCoord>297</yCoord>
</edgeMap>
<edgeMap>
<xCoord>147</xCoord>
<yCoord>297</yCoord>
</edgeMap>
<edgeMap>
<xCoord>148</xCoord>
<yCoord>298</yCoord>
</edgeMap>
<edgeMap>
<xCoord>149</xCoord>
<yCoord>298</yCoord>
</edgeMap>
<edgeMap>
<xCoord>150</xCoord>
<yCoord>297</yCoord>
</edgeMap>
<edgeMap>
<xCoord>149</xCoord>
<yCoord>297</yCoord>
</edgeMap>
<edgeMap>
<xCoord>148</xCoord>
<yCoord>296</yCoord>
</edgeMap>
<edgeMap>
<xCoord>147</xCoord>
<yCoord>295</yCoord>
</edgeMap>
<edgeMap>
<xCoord>147</xCoord>
<yCoord>294</yCoord>
</edgeMap>
<edgeMap>
<xCoord>147</xCoord>
<yCoord>293</yCoord>
</edgeMap>
<edgeMap>
<xCoord>146</xCoord>
<yCoord>293</yCoord>
</edgeMap>
<edgeMap>
<xCoord>145</xCoord>
<yCoord>293</yCoord>
</edgeMap>
<edgeMap>
<xCoord>144</xCoord>
<yCoord>294</yCoord>
</edgeMap>
<edgeMap>
<xCoord>144</xCoord>
<yCoord>295</yCoord>
</edgeMap>
<edgeMap>
<xCoord>143</xCoord>
<yCoord>296</yCoord>
</edgeMap>
<edgeMap>
<xCoord>142</xCoord>
<yCoord>297</yCoord>
</edgeMap>
<edgeMap>
<xCoord>141</xCoord>
<yCoord>298</yCoord>
</edgeMap>
<edgeMap>
<xCoord>140</xCoord>
<yCoord>298</yCoord>
</edgeMap>
<edgeMap>
<xCoord>141</xCoord>
<yCoord>299</yCoord>
</edgeMap>
<edgeMap>
<xCoord>141</xCoord>
<yCoord>300</yCoord>
</edgeMap>
<edgeMap>
<xCoord>140</xCoord>
<yCoord>301</yCoord>
</edgeMap>
<edgeMap>
<xCoord>140</xCoord>
<yCoord>302</yCoord>
</edgeMap>
<edgeMap>
<xCoord>139</xCoord>
<yCoord>303</yCoord>
</edgeMap>
<edgeMap>
<xCoord>140</xCoord>
<yCoord>302</yCoord>
</edgeMap>
<edgeMap>
<xCoord>141</xCoord>
<yCoord>303</yCoord>
</edgeMap>
<edgeMap>
<xCoord>142</xCoord>
<yCoord>304</yCoord>
</edgeMap>
<edgeMap>
<xCoord>143</xCoord>
<yCoord>305</yCoord>
</edgeMap>
<edgeMap>
<xCoord>143</xCoord>
<yCoord>306</yCoord>
</edgeMap>
<edgeMap>
<xCoord>142</xCoord>
<yCoord>307</yCoord>
</edgeMap>
<edgeMap>
<xCoord>141</xCoord>
<yCoord>307</yCoord>
</edgeMap>
<edgeMap>
<xCoord>142</xCoord>
<yCoord>308</yCoord>
</edgeMap>
<edgeMap>
<xCoord>143</xCoord>
<yCoord>309</yCoord>
</edgeMap>
<edgeMap>
<xCoord>144</xCoord>
<yCoord>309</yCoord>
</edgeMap>
<edgeMap>
<xCoord>145</xCoord>
<yCoord>309</yCoord>
</edgeMap>
<edgeMap>
<xCoord>146</xCoord>
<yCoord>309</yCoord>
</edgeMap>
</roi>
<roi>
<imageZposition>-78.25</imageZposition>
<imageSOP_UID>1.3.6.1.4.1.14519.5.2.1.6279.6001.312079076009591249911997288192</imageSOP_UID>
<inclusion>TRUE</inclusion>
<edgeMap>
<xCoord>140</xCoord>
<yCoord>312</yCoord>
</edgeMap>
<edgeMap>
<xCoord>141</xCoord>
<yCoord>311</yCoord>
</edgeMap>
<edgeMap>
<xCoord>142</xCoord>
<yCoord>311</yCoord>
</edgeMap>
<edgeMap>
<xCoord>143</xCoord>
<yCoord>310</yCoord>
</edgeMap>
<edgeMap>
<xCoord>144</xCoord>
<yCoord>309</yCoord>
</edgeMap>
<edgeMap>
<xCoord>145</xCoord>
<yCoord>309</yCoord>
</edgeMap>
<edgeMap>
<xCoord>146</xCoord>
<yCoord>308</yCoord>
</edgeMap>
<edgeMap>
<xCoord>147</xCoord>
<yCoord>309</yCoord>
</edgeMap>
<edgeMap>
<xCoord>148</xCoord>
<yCoord>309</yCoord>
</edgeMap>
<edgeMap>
<xCoord>149</xCoord>
<yCoord>309</yCoord>
</edgeMap>
<edgeMap>
<xCoord>150</xCoord>
<yCoord>309</yCoord>
</edgeMap>
<edgeMap>
<xCoord>151</xCoord>
<yCoord>309</yCoord>
</edgeMap>
<edgeMap>
<xCoord>152</xCoord>
<yCoord>309</yCoord>
</edgeMap>
<edgeMap>
<xCoord>153</xCoord>
<yCoord>309</yCoord>
</edgeMap>
<edgeMap>
<xCoord>154</xCoord>
<yCoord>308</yCoord>
</edgeMap>
<edgeMap>
<xCoord>154</xCoord>
<yCoord>307</yCoord>
</edgeMap>
<edgeMap>
<xCoord>154</xCoord>
<yCoord>306</yCoord>
</edgeMap>
<edgeMap>
<xCoord>154</xCoord>
<yCoord>305</yCoord>
</edgeMap>
<edgeMap>
<xCoord>153</xCoord>
<yCoord>304</yCoord>
</edgeMap>
<edgeMap>
<xCoord>152</xCoord>
<yCoord>303</yCoord>
</edgeMap>
<edgeMap>
<xCoord>153</xCoord>
<yCoord>302</yCoord>
</edgeMap>
<edgeMap>
<xCoord>152</xCoord>
<yCoord>301</yCoord>
</edgeMap>
<edgeMap>
<xCoord>151</xCoord>
<yCoord>300</yCoord>
</edgeMap>
<edgeMap>
<xCoord>150</xCoord>
<yCoord>300</yCoord>
</edgeMap>
<edgeMap>
<xCoord>149</xCoord>
<yCoord>300</yCoord>
</edgeMap>
<edgeMap>
<xCoord>148</xCoord>
<yCoord>299</yCoord>
</edgeMap>
<edgeMap>
<xCoord>147</xCoord>
<yCoord>299</yCoord>
</edgeMap>
<edgeMap>
<xCoord>146</xCoord>
<yCoord>299</yCoord>
</edgeMap>
<edgeMap>
<xCoord>145</xCoord>
<yCoord>298</yCoord>
</edgeMap>
<edgeMap>
<xCoord>144</xCoord>
<yCoord>298</yCoord>
</edgeMap>
<edgeMap>
<xCoord>143</xCoord>
<yCoord>298</yCoord>
</edgeMap>
<edgeMap>
<xCoord>142</xCoord>
<yCoord>298</yCoord>
</edgeMap>
<edgeMap>
<xCoord>141</xCoord>
<yCoord>298</yCoord>
</edgeMap>
<edgeMap>
<xCoord>140</xCoord>
<yCoord>298</yCoord>
</edgeMap>
<edgeMap>
<xCoord>140</xCoord>
<yCoord>299</yCoord>
</edgeMap>
<edgeMap>
<xCoord>140</xCoord>
<yCoord>300</yCoord>
</edgeMap>
<edgeMap>
<xCoord>140</xCoord>
<yCoord>301</yCoord>
</edgeMap>
<edgeMap>
<xCoord>141</xCoord>
<yCoord>302</yCoord>
</edgeMap>
<edgeMap>
<xCoord>142</xCoord>
<yCoord>303</yCoord>
</edgeMap>
<edgeMap>
<xCoord>142</xCoord>
<yCoord>304</yCoord>
</edgeMap>
<edgeMap>
<xCoord>141</xCoord>
<yCoord>305</yCoord>
</edgeMap>
<edgeMap>
<xCoord>140</xCoord>
<yCoord>306</yCoord>
</edgeMap>
<edgeMap>
<xCoord>139</xCoord>
<yCoord>306</yCoord>
</edgeMap>
<edgeMap>
<xCoord>139</xCoord>
<yCoord>307</yCoord>
</edgeMap>
<edgeMap>
<xCoord>138</xCoord>
<yCoord>308</yCoord>
</edgeMap>
<edgeMap>
<xCoord>137</xCoord>
<yCoord>309</yCoord>
</edgeMap>
<edgeMap>
<xCoord>137</xCoord>
<yCoord>310</yCoord>
</edgeMap>
<edgeMap>
<xCoord>138</xCoord>
<yCoord>311</yCoord>
</edgeMap>
<edgeMap>
<xCoord>139</xCoord>
<yCoord>312</yCoord>
</edgeMap>
<edgeMap>
<xCoord>140</xCoord>
<yCoord>312</yCoord>
</edgeMap>
</roi>
<roi>
<imageZposition>-80.75</imageZposition>
<imageSOP_UID>1.3.6.1.4.1.14519.5.2.1.6279.6001.295880275320057252833108799319</imageSOP_UID>
<inclusion>TRUE</inclusion>
<edgeMap>
<xCoord>154</xCoord>
<yCoord>309</yCoord>
</edgeMap>
<edgeMap>
<xCoord>154</xCoord>
<yCoord>308</yCoord>
</edgeMap>
<edgeMap>
<xCoord>155</xCoord>
<yCoord>307</yCoord>
</edgeMap>
<edgeMap>
<xCoord>156</xCoord>
<yCoord>307</yCoord>
</edgeMap>
<edgeMap>
<xCoord>157</xCoord>
<yCoord>307</yCoord>
</edgeMap>
<edgeMap>
<xCoord>157</xCoord>
<yCoord>306</yCoord>
</edgeMap>
<edgeMap>
<xCoord>157</xCoord>
<yCoord>305</yCoord>
</edgeMap>
<edgeMap>
<xCoord>156</xCoord>
<yCoord>305</yCoord>
</edgeMap>
<edgeMap>
<xCoord>155</xCoord>
<yCoord>305</yCoord>
</edgeMap>
<edgeMap>
<xCoord>154</xCoord>
<yCoord>304</yCoord>
</edgeMap>
<edgeMap>
<xCoord>153</xCoord>
<yCoord>304</yCoord>
</edgeMap>
<edgeMap>
<xCoord>152</xCoord>
<yCoord>303</yCoord>
</edgeMap>
<edgeMap>
<xCoord>152</xCoord>
<yCoord>302</yCoord>
</edgeMap>
<edgeMap>
<xCoord>152</xCoord>
<yCoord>301</yCoord>
</edgeMap>
<edgeMap>
<xCoord>152</xCoord>
<yCoord>300</yCoord>
</edgeMap>
<edgeMap>
<xCoord>151</xCoord>
<yCoord>300</yCoord>
</edgeMap>
<edgeMap>
<xCoord>150</xCoord>
<yCoord>300</yCoord>
</edgeMap>
<edgeMap>
<xCoord>149</xCoord>
<yCoord>299</yCoord>
</edgeMap>
<edgeMap>
<xCoord>149</xCoord>
<yCoord>298</yCoord>
</edgeMap>
<edgeMap>
<xCoord>148</xCoord>
<yCoord>297</yCoord>
</edgeMap>
<edgeMap>
<xCoord>147</xCoord>
<yCoord>296</yCoord>
</edgeMap>
<edgeMap>
<xCoord>146</xCoord>
<yCoord>296</yCoord>
</edgeMap>
<edgeMap>
<xCoord>145</xCoord>
<yCoord>296</yCoord>
</edgeMap>
<edgeMap>
<xCoord>144</xCoord>
<yCoord>296</yCoord>
</edgeMap>
<edgeMap>
<xCoord>143</xCoord>
<yCoord>296</yCoord>
</edgeMap>
<edgeMap>
<xCoord>142</xCoord>
<yCoord>297</yCoord>
</edgeMap>
<edgeMap>
<xCoord>141</xCoord>
<yCoord>297</yCoord>
</edgeMap>
<edgeMap>
<xCoord>140</xCoord>
<yCoord>297</yCoord>
</edgeMap>
<edgeMap>
<xCoord>139</xCoord>
<yCoord>298</yCoord>
</edgeMap>
<edgeMap>
<xCoord>138</xCoord>
<yCoord>297</yCoord>
</edgeMap>
<edgeMap>
<xCoord>139</xCoord>
<yCoord>298</yCoord>
</edgeMap>
<edgeMap>
<xCoord>140</xCoord>
<yCoord>299</yCoord>
</edgeMap>
<edgeMap>
<xCoord>140</xCoord>
<yCoord>300</yCoord>
</edgeMap>
<edgeMap>
<xCoord>141</xCoord>
<yCoord>301</yCoord>
</edgeMap>
<edgeMap>
<xCoord>142</xCoord>
<yCoord>302</yCoord>
</edgeMap>
<edgeMap>
<xCoord>143</xCoord>
<yCoord>303</yCoord>
</edgeMap>
<edgeMap>
<xCoord>143</xCoord>
<yCoord>304</yCoord>
</edgeMap>
<edgeMap>
<xCoord>143</xCoord>
<yCoord>305</yCoord>
</edgeMap>
<edgeMap>
<xCoord>144</xCoord>
<yCoord>305</yCoord>
</edgeMap>
<edgeMap>
<xCoord>145</xCoord>
<yCoord>305</yCoord>
</edgeMap>
<edgeMap>
<xCoord>146</xCoord>
<yCoord>306</yCoord>
</edgeMap>
<edgeMap>
<xCoord>147</xCoord>
<yCoord>307</yCoord>
</edgeMap>
<edgeMap>
<xCoord>146</xCoord>
<yCoord>308</yCoord>
</edgeMap>
<edgeMap>
<xCoord>147</xCoord>
<yCoord>307</yCoord>
</edgeMap>
<edgeMap>
<xCoord>148</xCoord>
<yCoord>306</yCoord>
</edgeMap>
<edgeMap>
<xCoord>149</xCoord>
<yCoord>306</yCoord>
</edgeMap>
<edgeMap>
<xCoord>150</xCoord>
<yCoord>307</yCoord>
</edgeMap>
<edgeMap>
<xCoord>150</xCoord>
<yCoord>308</yCoord>
</edgeMap>
<edgeMap>
<xCoord>151</xCoord>
<yCoord>308</yCoord>
</edgeMap>
<edgeMap>
<xCoord>152</xCoord>
<yCoord>309</yCoord>
</edgeMap>
<edgeMap>
<xCoord>153</xCoord>
<yCoord>309</yCoord>
</edgeMap>
<edgeMap>
<xCoord>154</xCoord>
<yCoord>309</yCoord>
</edgeMap>
</roi>
<roi>
<imageZposition>-83.25</imageZposition>
<imageSOP_UID>1.3.6.1.4.1.14519.5.2.1.6279.6001.314550272994872306369644757935</imageSOP_UID>
<inclusion>TRUE</inclusion>
<edgeMap>
<xCoord>148</xCoord>
<yCoord>308</yCoord>
</edgeMap>
<edgeMap>
<xCoord>148</xCoord>
<yCoord>307</yCoord>
</edgeMap>
<edgeMap>
<xCoord>148</xCoord>
<yCoord>306</yCoord>
</edgeMap>
<edgeMap>
<xCoord>149</xCoord>
<yCoord>305</yCoord>
</edgeMap>
<edgeMap>
<xCoord>150</xCoord>
<yCoord>305</yCoord>
</edgeMap>
<edgeMap>
<xCoord>151</xCoord>
<yCoord>304</yCoord>
</edgeMap>
<edgeMap>
<xCoord>152</xCoord>
<yCoord>304</yCoord>
</edgeMap>
<edgeMap>
<xCoord>153</xCoord>
<yCoord>304</yCoord>
</edgeMap>
<edgeMap>
<xCoord>153</xCoord>
<yCoord>303</yCoord>
</edgeMap>
<edgeMap>
<xCoord>152</xCoord>
<yCoord>303</yCoord>
</edgeMap>
<edgeMap>
<xCoord>151</xCoord>
<yCoord>302</yCoord>
</edgeMap>
<edgeMap>
<xCoord>151</xCoord>
<yCoord>301</yCoord>
</edgeMap>
<edgeMap>
<xCoord>150</xCoord>
<yCoord>301</yCoord>
</edgeMap>
<edgeMap>
<xCoord>149</xCoord>
<yCoord>300</yCoord>
</edgeMap>
<edgeMap>
<xCoord>149</xCoord>
<yCoord>299</yCoord>
</edgeMap>
<edgeMap>
<xCoord>148</xCoord>
<yCoord>298</yCoord>
</edgeMap>
<edgeMap>
<xCoord>147</xCoord>
<yCoord>299</yCoord>
</edgeMap>
<edgeMap>
<xCoord>146</xCoord>
<yCoord>298</yCoord>
</edgeMap>
<edgeMap>
<xCoord>146</xCoord>
<yCoord>297</yCoord>
</edgeMap>
<edgeMap>
<xCoord>146</xCoord>
<yCoord>296</yCoord>
</edgeMap>
<edgeMap>
<xCoord>145</xCoord>
<yCoord>296</yCoord>
</edgeMap>
<edgeMap>
<xCoord>144</xCoord>
<yCoord>297</yCoord>
</edgeMap>
<edgeMap>
<xCoord>143</xCoord>
<yCoord>298</yCoord>
</edgeMap>
<edgeMap>
<xCoord>142</xCoord>
<yCoord>297</yCoord>
</edgeMap>
<edgeMap>
<xCoord>142</xCoord>
<yCoord>298</yCoord>
</edgeMap>
<edgeMap>
<xCoord>141</xCoord>
<yCoord>299</yCoord>
</edgeMap>
<edgeMap>
<xCoord>142</xCoord>
<yCoord>298</yCoord>
</edgeMap>
<edgeMap>
<xCoord>143</xCoord>
<yCoord>298</yCoord>
</edgeMap>
<edgeMap>
<xCoord>144</xCoord>
<yCoord>298</yCoord>
</edgeMap>
<edgeMap>
<xCoord>145</xCoord>
<yCoord>299</yCoord>
</edgeMap>
<edgeMap>
<xCoord>144</xCoord>
<yCoord>300</yCoord>
</edgeMap>
<edgeMap>
<xCoord>143</xCoord>
<yCoord>300</yCoord>
</edgeMap>
<edgeMap>
<xCoord>143</xCoord>
<yCoord>301</yCoord>
</edgeMap>
<edgeMap>
<xCoord>143</xCoord>
<yCoord>302</yCoord>
</edgeMap>
<edgeMap>
<xCoord>143</xCoord>
<yCoord>303</yCoord>
</edgeMap>
<edgeMap>
<xCoord>143</xCoord>
<yCoord>304</yCoord>
</edgeMap>
<edgeMap>
<xCoord>143</xCoord>
<yCoord>305</yCoord>
</edgeMap>
<edgeMap>
<xCoord>144</xCoord>
<yCoord>305</yCoord>
</edgeMap>
<edgeMap>
<xCoord>145</xCoord>
<yCoord>305</yCoord>
</edgeMap>
<edgeMap>
<xCoord>146</xCoord>
<yCoord>305</yCoord>
</edgeMap>
<edgeMap>
<xCoord>147</xCoord>
<yCoord>306</yCoord>
</edgeMap>
<edgeMap>
<xCoord>148</xCoord>
<yCoord>307</yCoord>
</edgeMap>
<edgeMap>
<xCoord>147</xCoord>
<yCoord>308</yCoord>
</edgeMap>
<edgeMap>
<xCoord>146</xCoord>
<yCoord>308</yCoord>
</edgeMap>
<edgeMap>
<xCoord>147</xCoord>
<yCoord>308</yCoord>
</edgeMap>
<edgeMap>
<xCoord>148</xCoord>
<yCoord>308</yCoord>
</edgeMap>
</roi>
<roi>
<imageZposition>-83.25</imageZposition>
<imageSOP_UID>1.3.6.1.4.1.14519.5.2.1.6279.6001.314550272994872306369644757935</imageSOP_UID>
<inclusion>FALSE</inclusion>
<edgeMap>
<xCoord>148</xCoord>
<yCoord>303</yCoord>
</edgeMap>
<edgeMap>
<xCoord>149</xCoord>
<yCoord>302</yCoord>
</edgeMap>
<edgeMap>
<xCoord>150</xCoord>
<yCoord>303</yCoord>
</edgeMap>
<edgeMap>
<xCoord>149</xCoord>
<yCoord>304</yCoord>
</edgeMap>
<edgeMap>
<xCoord>148</xCoord>
<yCoord>303</yCoord>
</edgeMap>
</roi>
<roi>
<imageZposition>-85.75</imageZposition>
<imageSOP_UID>1.3.6.1.4.1.14519.5.2.1.6279.6001.140721706716780816213896572682</imageSOP_UID>
<inclusion>TRUE</inclusion>
<edgeMap>
<xCoord>147</xCoord>
<yCoord>305</yCoord>
</edgeMap>
<edgeMap>
<xCoord>147</xCoord>
<yCoord>304</yCoord>
</edgeMap>
<edgeMap>
<xCoord>147</xCoord>
<yCoord>303</yCoord>
</edgeMap>
<edgeMap>
<xCoord>146</xCoord>
<yCoord>302</yCoord>
</edgeMap>
<edgeMap>
<xCoord>146</xCoord>
<yCoord>301</yCoord>
</edgeMap>
<edgeMap>
<xCoord>145</xCoord>
<yCoord>300</yCoord>
</edgeMap>
<edgeMap>
<xCoord>145</xCoord>
<yCoord>299</yCoord>
</edgeMap>
<edgeMap>
<xCoord>145</xCoord>
<yCoord>298</yCoord>
</edgeMap>
<edgeMap>
<xCoord>145</xCoord>
<yCoord>297</yCoord>
</edgeMap>
<edgeMap>
<xCoord>145</xCoord>
<yCoord>298</yCoord>
</edgeMap>
<edgeMap>
<xCoord>145</xCoord>
<yCoord>299</yCoord>
</edgeMap>
<edgeMap>
<xCoord>145</xCoord>
<yCoord>300</yCoord>
</edgeMap>
<edgeMap>
<xCoord>144</xCoord>
<yCoord>301</yCoord>
</edgeMap>
<edgeMap>
<xCoord>143</xCoord>
<yCoord>301</yCoord>
</edgeMap>
<edgeMap>
<xCoord>144</xCoord>
<yCoord>301</yCoord>
</edgeMap>
<edgeMap>
<xCoord>145</xCoord>
<yCoord>301</yCoord>
</edgeMap>
<edgeMap>
<xCoord>146</xCoord>
<yCoord>302</yCoord>
</edgeMap>
<edgeMap>
<xCoord>146</xCoord>
<yCoord>303</yCoord>
</edgeMap>
<edgeMap>
<xCoord>147</xCoord>
<yCoord>304</yCoord>
</edgeMap>
<edgeMap>
<xCoord>147</xCoord>
<yCoord>305</yCoord>
</edgeMap>
</roi>
</unblindedReadNodule>
<unblindedReadNodule>
<noduleID>1565</noduleID>
<roi>
<imageZposition>-115.75</imageZposition>
<imageSOP_UID>1.3.6.1.4.1.14519.5.2.1.6279.6001.336219316419467998795899019728</imageSOP_UID>
<inclusion>TRUE</inclusion>
<edgeMap>
<xCoord>94</xCoord>
<yCoord>386</yCoord>
</edgeMap>
</roi>
</unblindedReadNodule>
<unblindedReadNodule>
<noduleID>1566</noduleID>
<roi>
<imageZposition>-198.25</imageZposition>
<imageSOP_UID>1.3.6.1.4.1.14519.5.2.1.6279.6001.250870494351149481650263463150</imageSOP_UID>
<inclusion>TRUE</inclusion>
<edgeMap>
<xCoord>64</xCoord>
<yCoord>239</yCoord>
</edgeMap>
</roi>
</unblindedReadNodule>
<unblindedReadNodule>
<noduleID>1567</noduleID>
<roi>
<imageZposition>-205.75</imageZposition>
<imageSOP_UID>1.3.6.1.4.1.14519.5.2.1.6279.6001.153920444729228054716231442872</imageSOP_UID>
<inclusion>TRUE</inclusion>
<edgeMap>
<xCoord>398</xCoord>
<yCoord>176</yCoord>
</edgeMap>
</roi>
</unblindedReadNodule>
<unblindedReadNodule>
<noduleID>1568</noduleID>
<roi>
<imageZposition>-203.25</imageZposition>
<imageSOP_UID>1.3.6.1.4.1.14519.5.2.1.6279.6001.107609243701399812264257415604</imageSOP_UID>
<inclusion>TRUE</inclusion>
<edgeMap>
<xCoord>366</xCoord>
<yCoord>380</yCoord>
</edgeMap>
</roi>
</unblindedReadNodule>
<nonNodule>
<nonNoduleID>1563</nonNoduleID>
<imageZposition>-248.25</imageZposition>
<imageSOP_UID>1.3.6.1.4.1.14519.5.2.1.6279.6001.197624115671240103752064421474</imageSOP_UID>
<locus>
<xCoord>211</xCoord>
<yCoord>326</yCoord>
</locus>
</nonNodule>
<nonNodule>
<nonNoduleID>1564</nonNoduleID>
<imageZposition>-130.75</imageZposition>
<imageSOP_UID>1.3.6.1.4.1.14519.5.2.1.6279.6001.178323329849089768953911085766</imageSOP_UID>
<locus>
<xCoord>342</xCoord>
<yCoord>417</yCoord>
</locus>
</nonNodule>
</readingSession>
  <readingSession>
    <annotationVersion>3.12</annotationVersion>
<servicingRadiologistID>anon</servicingRadiologistID>
    <unblindedReadNodule>
      <noduleID>Nodule 001</noduleID>
      <characteristics>
        <subtlety>5</subtlety>
        <internalStructure>1</internalStructure>
        <calcification>6</calcification>
        <sphericity>2</sphericity>
        <margin>4</margin>
        <lobulation>2</lobulation>
        <spiculation>3</spiculation>
        <texture>5</texture>
        <malignancy>5</malignancy>
      </characteristics>
      <roi>
        <imageZposition>-83.250000</imageZposition>
        <imageSOP_UID>1.3.6.1.4.1.14519.5.2.1.6279.6001.314550272994872306369644757935</imageSOP_UID>
        <inclusion>TRUE</inclusion>
        <edgeMap>
          <xCoord>142</xCoord>
          <yCoord>295</yCoord>
        </edgeMap>
        <edgeMap>
          <xCoord>141</xCoord>
          <yCoord>296</yCoord>
        </edgeMap>
        <edgeMap>
          <xCoord>140</xCoord>
          <yCoord>296</yCoord>
        </edgeMap>
        <edgeMap>
          <xCoord>139</xCoord>
          <yCoord>297</yCoord>
        </edgeMap>
        <edgeMap>
          <xCoord>139</xCoord>
          <yCoord>298</yCoord>
        </edgeMap>
        <edgeMap>
          <xCoord>139</xCoord>
          <yCoord>299</yCoord>
        </edgeMap>
        <edgeMap>
          <xCoord>139</xCoord>
          <yCoord>300</yCoord>
        </edgeMap>
        <edgeMap>
          <xCoord>139</xCoord>
          <yCoord>301</yCoord>
        </edgeMap>
        <edgeMap>
          <xCoord>140</xCoord>
          <yCoord>302</yCoord>
        </edgeMap>
        <edgeMap>
          <xCoord>141</xCoord>
          <yCoord>302</yCoord>
        </edgeMap>
        <edgeMap>
          <xCoord>142</xCoord>
          <yCoord>303</yCoord>
        </edgeMap>
        <edgeMap>
          <xCoord>143</xCoord>
          <yCoord>303</yCoord>
        </edgeMap>
        <edgeMap>
          <xCoord>144</xCoord>
          <yCoord>304</yCoord>
        </edgeMap>
        <edgeMap>
          <xCoord>145</xCoord>
          <yCoord>304</yCoord>
        </edgeMap>
        <edgeMap>
          <xCoord>146</xCoord>
          <yCoord>305</yCoord>
        </edgeMap>
        <edgeMap>
          <xCoord>147</xCoord>
          <yCoord>305</yCoord>
        </edgeMap>
        <edgeMap>
          <xCoord>148</xCoord>
          <yCoord>305</yCoord>
        </edgeMap>
        <edgeMap>
          <xCoord>149</xCoord>
          <yCoord>305</yCoord>
        </edgeMap>
        <edgeMap>
          <xCoord>150</xCoord>
          <yCoord>304</yCoord>
        </edgeMap>
        <edgeMap>
          <xCoord>151</xCoord>
          <yCoord>303</yCoord>
        </edgeMap>
        <edgeMap>
          <xCoord>152</xCoord>
          <yCoord>302</yCoord>
        </edgeMap>
        <edgeMap>
          <xCoord>151</xCoord>
          <yCoord>301</yCoord>
        </edgeMap>
        <edgeMap>
          <xCoord>151</xCoord>
          <yCoord>300</yCoord>
        </edgeMap>
        <edgeMap>
          <xCoord>150</xCoord>
          <yCoord>299</yCoord>
        </edgeMap>
        <edgeMap>
          <xCoord>149</xCoord>
          <yCoord>298</yCoord>
        </edgeMap>
        <edgeMap>
          <xCoord>148</xCoord>
          <yCoord>298</yCoord>
        </edgeMap>
        <edgeMap>
          <xCoord>147</xCoord>
          <yCoord>297</yCoord>
        </edgeMap>
        <edgeMap>
          <xCoord>146</xCoord>
          <yCoord>296</yCoord>
        </edgeMap>
        <edgeMap>
          <xCoord>145</xCoord>
          <yCoord>296</yCoord>
        </edgeMap>
        <edgeMap>
          <xCoord>144</xCoord>
          <yCoord>295</yCoord>
        </edgeMap>
        <edgeMap>
          <xCoord>143</xCoord>
          <yCoord>295</yCoord>
        </edgeMap>
        <edgeMap>
          <xCoord>142</xCoord>
          <yCoord>295</yCoord>
        </edgeMap>
      </roi>
      <roi>
        <imageZposition>-80.750000</imageZposition>
        <imageSOP_UID>1.3.6.1.4.1.14519.5.2.1.6279.6001.295880275320057252833108799319</imageSOP_UID>
        <inclusion>TRUE</inclusion>
        <edgeMap>
          <xCoord>145</xCoord>
          <yCoord>295</yCoord>
        </edgeMap>
        <edgeMap>
          <xCoord>144</xCoord>
          <yCoord>296</yCoord>
        </edgeMap>
        <edgeMap>
          <xCoord>143</xCoord>
          <yCoord>296</yCoord>
        </edgeMap>
        <edgeMap>
          <xCoord>142</xCoord>
          <yCoord>296</yCoord>
        </edgeMap>
        <edgeMap>
          <xCoord>141</xCoord>
          <yCoord>296</yCoord>
        </edgeMap>
        <edgeMap>
          <xCoord>140</xCoord>
          <yCoord>296</yCoord>
        </edgeMap>
        <edgeMap>
          <xCoord>139</xCoord>
          <yCoord>296</yCoord>
        </edgeMap>
        <edgeMap>
          <xCoord>138</xCoord>
          <yCoord>296</yCoord>
        </edgeMap>
        <edgeMap>
          <xCoord>137</xCoord>
          <yCoord>296</yCoord>
        </edgeMap>
        <edgeMap>
          <xCoord>136</xCoord>
          <yCoord>297</yCoord>
        </edgeMap>
        <edgeMap>
          <xCoord>136</xCoord>
          <yCoord>298</yCoord>
        </edgeMap>
        <edgeMap>
          <xCoord>137</xCoord>
          <yCoord>299</yCoord>
        </edgeMap>
        <edgeMap>
          <xCoord>138</xCoord>
          <yCoord>299</yCoord>
        </edgeMap>
        <edgeMap>
          <xCoord>139</xCoord>
          <yCoord>299</yCoord>
        </edgeMap>
        <edgeMap>
          <xCoord>140</xCoord>
          <yCoord>300</yCoord>
        </edgeMap>
        <edgeMap>
          <xCoord>140</xCoord>
          <yCoord>301</yCoord>
        </edgeMap>
        <edgeMap>
          <xCoord>140</xCoord>
          <yCoord>302</yCoord>
        </edgeMap>
        <edgeMap>
          <xCoord>140</xCoord>
          <yCoord>303</yCoord>
        </edgeMap>
        <edgeMap>
          <xCoord>140</xCoord>
          <yCoord>304</yCoord>
        </edgeMap>
        <edgeMap>
          <xCoord>140</xCoord>
          <yCoord>305</yCoord>
        </edgeMap>
        <edgeMap>
          <xCoord>140</xCoord>
          <yCoord>306</yCoord>
        </edgeMap>
        <edgeMap>
          <xCoord>141</xCoord>
          <yCoord>307</yCoord>
        </edgeMap>
        <edgeMap>
          <xCoord>142</xCoord>
          <yCoord>306</yCoord>
        </edgeMap>
        <edgeMap>
          <xCoord>143</xCoord>
          <yCoord>306</yCoord>
        </edgeMap>
        <edgeMap>
          <xCoord>144</xCoord>
          <yCoord>306</yCoord>
        </edgeMap>
        <edgeMap>
          <xCoord>145</xCoord>
          <yCoord>306</yCoord>
        </edgeMap>
        <edgeMap>
          <xCoord>146</xCoord>
          <yCoord>306</yCoord>
        </edgeMap>
        <edgeMap>
          <xCoord>147</xCoord>
          <yCoord>306</yCoord>
        </edgeMap>
        <edgeMap>
          <xCoord>147</xCoord>
          <yCoord>307</yCoord>
        </edgeMap>
        <edgeMap>
          <xCoord>148</xCoord>
          <yCoord>308</yCoord>
        </edgeMap>
        <edgeMap>
          <xCoord>149</xCoord>
          <yCoord>307</yCoord>
        </edgeMap>
        <edgeMap>
          <xCoord>149</xCoord>
          <yCoord>306</yCoord>
        </edgeMap>
        <edgeMap>
          <xCoord>149</xCoord>
          <yCoord>305</yCoord>
        </edgeMap>
        <edgeMap>
          <xCoord>150</xCoord>
          <yCoord>304</yCoord>
        </edgeMap>
        <edgeMap>
          <xCoord>151</xCoord>
          <yCoord>303</yCoord>
        </edgeMap>
        <edgeMap>
          <xCoord>152</xCoord>
          <yCoord>302</yCoord>
        </edgeMap>
        <edgeMap>
          <xCoord>153</xCoord>
          <yCoord>301</yCoord>
        </edgeMap>
        <edgeMap>
          <xCoord>153</xCoord>
          <yCoord>300</yCoord>
        </edgeMap>
        <edgeMap>
          <xCoord>152</xCoord>
          <yCoord>299</yCoord>
        </edgeMap>
        <edgeMap>
          <xCoord>151</xCoord>
          <yCoord>299</yCoord>
        </edgeMap>
        <edgeMap>
          <xCoord>150</xCoord>
          <yCoord>299</yCoord>
        </edgeMap>
        <edgeMap>
          <xCoord>149</xCoord>
          <yCoord>299</yCoord>
        </edgeMap>
        <edgeMap>
          <xCoord>149</xCoord>
          <yCoord>298</yCoord>
        </edgeMap>
        <edgeMap>
          <xCoord>148</xCoord>
          <yCoord>297</yCoord>
        </edgeMap>
        <edgeMap>
          <xCoord>147</xCoord>
          <yCoord>297</yCoord>
        </edgeMap>
        <edgeMap>
          <xCoord>146</xCoord>
          <yCoord>296</yCoord>
        </edgeMap>
        <edgeMap>
          <xCoord>145</xCoord>
          <yCoord>295</yCoord>
        </edgeMap>
      </roi>
      <roi>
        <imageZposition>-78.250000</imageZposition>
        <imageSOP_UID>1.3.6.1.4.1.14519.5.2.1.6279.6001.312079076009591249911997288192</imageSOP_UID>
        <inclusion>TRUE</inclusion>
        <edgeMap>
          <xCoord>142</xCoord>
          <yCoord>298</yCoord>
        </edgeMap>
        <edgeMap>
          <xCoord>141</xCoord>
          <yCoord>299</yCoord>
        </edgeMap>
        <edgeMap>
          <xCoord>140</xCoord>
          <yCoord>300</yCoord>
        </edgeMap>
        <edgeMap>
          <xCoord>140</xCoord>
          <yCoord>301</yCoord>
        </edgeMap>
        <edgeMap>
          <xCoord>140</xCoord>
          <yCoord>302</yCoord>
        </edgeMap>
        <edgeMap>
          <xCoord>140</xCoord>
          <yCoord>303</yCoord>
        </edgeMap>
        <edgeMap>
          <xCoord>140</xCoord>
          <yCoord>304</yCoord>
        </edgeMap>
        <edgeMap>
          <xCoord>140</xCoord>
          <yCoord>305</yCoord>
        </edgeMap>
        <edgeMap>
          <xCoord>139</xCoord>
          <yCoord>306</yCoord>
        </edgeMap>
        <edgeMap>
          <xCoord>138</xCoord>
          <yCoord>307</yCoord>
        </edgeMap>
        <edgeMap>
          <xCoord>137</xCoord>
          <yCoord>308</yCoord>
        </edgeMap>
        <edgeMap>
          <xCoord>137</xCoord>
          <yCoord>309</yCoord>
        </edgeMap>
        <edgeMap>
          <xCoord>138</xCoord>
          <yCoord>310</yCoord>
        </edgeMap>
        <edgeMap>
          <xCoord>139</xCoord>
          <yCoord>310</yCoord>
        </edgeMap>
        <edgeMap>
          <xCoord>139</xCoord>
          <yCoord>311</yCoord>
        </edgeMap>
        <edgeMap>
          <xCoord>140</xCoord>
          <yCoord>312</yCoord>
        </edgeMap>
        <edgeMap>
          <xCoord>141</xCoord>
          <yCoord>311</yCoord>
        </edgeMap>
        <edgeMap>
          <xCoord>142</xCoord>
          <yCoord>311</yCoord>
        </edgeMap>
        <edgeMap>
          <xCoord>143</xCoord>
          <yCoord>311</yCoord>
        </edgeMap>
        <edgeMap>
          <xCoord>144</xCoord>
          <yCoord>311</yCoord>
        </edgeMap>
        <edgeMap>
          <xCoord>145</xCoord>
          <yCoord>310</yCoord>
        </edgeMap>
        <edgeMap>
          <xCoord>146</xCoord>
          <yCoord>310</yCoord>
        </edgeMap>
        <edgeMap>
          <xCoord>147</xCoord>
          <yCoord>309</yCoord>
        </edgeMap>
        <edgeMap>
          <xCoord>148</xCoord>
          <yCoord>309</yCoord>
        </edgeMap>
        <edgeMap>
          <xCoord>149</xCoord>
          <yCoord>309</yCoord>
        </edgeMap>
        <edgeMap>
          <xCoord>150</xCoord>
          <yCoord>309</yCoord>
        </edgeMap>
        <edgeMap>
          <xCoord>151</xCoord>
          <yCoord>309</yCoord>
        </edgeMap>
        <edgeMap>
          <xCoord>152</xCoord>
          <yCoord>309</yCoord>
        </edgeMap>
        <edgeMap>
          <xCoord>153</xCoord>
          <yCoord>308</yCoord>
        </edgeMap>
        <edgeMap>
          <xCoord>154</xCoord>
          <yCoord>307</yCoord>
        </edgeMap>
        <edgeMap>
          <xCoord>154</xCoord>
          <yCoord>306</yCoord>
        </edgeMap>
        <edgeMap>
          <xCoord>154</xCoord>
          <yCoord>305</yCoord>
        </edgeMap>
        <edgeMap>
          <xCoord>154</xCoord>
          <yCoord>304</yCoord>
        </edgeMap>
        <edgeMap>
          <xCoord>154</xCoord>
          <yCoord>303</yCoord>
        </edgeMap>
        <edgeMap>
          <xCoord>153</xCoord>
          <yCoord>302</yCoord>
        </edgeMap>
        <edgeMap>
          <xCoord>152</xCoord>
          <yCoord>301</yCoord>
        </edgeMap>
        <edgeMap>
          <xCoord>151</xCoord>
          <yCoord>300</yCoord>
        </edgeMap>
        <edgeMap>
          <xCoord>150</xCoord>
          <yCoord>300</yCoord>
        </edgeMap>
        <edgeMap>
          <xCoord>149</xCoord>
          <yCoord>299</yCoord>
        </edgeMap>
        <edgeMap>
          <xCoord>148</xCoord>
          <yCoord>299</yCoord>
        </edgeMap>
        <edgeMap>
          <xCoord>147</xCoord>
          <yCoord>299</yCoord>
        </edgeMap>
        <edgeMap>
          <xCoord>146</xCoord>
          <yCoord>299</yCoord>
        </edgeMap>
        <edgeMap>
          <xCoord>145</xCoord>
          <yCoord>299</yCoord>
        </edgeMap>
        <edgeMap>
          <xCoord>144</xCoord>
          <yCoord>299</yCoord>
        </edgeMap>
        <edgeMap>
          <xCoord>143</xCoord>
          <yCoord>299</yCoord>
        </edgeMap>
        <edgeMap>
          <xCoord>142</xCoord>
          <yCoord>298</yCoord>
        </edgeMap>
      </roi>
      <roi>
        <imageZposition>-75.750000</imageZposition>
        <imageSOP_UID>1.3.6.1.4.1.14519.5.2.1.6279.6001.103595291464264746926072939477</imageSOP_UID>
        <inclusion>TRUE</inclusion>
        <edgeMap>
          <xCoord>144</xCoord>
          <yCoord>299</yCoord>
        </edgeMap>
        <edgeMap>
          <xCoord>143</xCoord>
          <yCoord>300</yCoord>
        </edgeMap>
        <edgeMap>
          <xCoord>143</xCoord>
          <yCoord>301</yCoord>
        </edgeMap>
        <edgeMap>
          <xCoord>143</xCoord>
          <yCoord>302</yCoord>
        </edgeMap>
        <edgeMap>
          <xCoord>143</xCoord>
          <yCoord>303</yCoord>
        </edgeMap>
        <edgeMap>
          <xCoord>143</xCoord>
          <yCoord>304</yCoord>
        </edgeMap>
        <edgeMap>
          <xCoord>142</xCoord>
          <yCoord>305</yCoord>
        </edgeMap>
        <edgeMap>
          <xCoord>141</xCoord>
          <yCoord>306</yCoord>
        </edgeMap>
        <edgeMap>
          <xCoord>140</xCoord>
          <yCoord>307</yCoord>
        </edgeMap>
        <edgeMap>
          <xCoord>141</xCoord>
          <yCoord>308</yCoord>
        </edgeMap>
        <edgeMap>
          <xCoord>142</xCoord>
          <yCoord>308</yCoord>
        </edgeMap>
        <edgeMap>
          <xCoord>143</xCoord>
          <yCoord>309</yCoord>
        </edgeMap>
        <edgeMap>
          <xCoord>144</xCoord>
          <yCoord>309</yCoord>
        </edgeMap>
        <edgeMap>
          <xCoord>145</xCoord>
          <yCoord>309</yCoord>
        </edgeMap>
        <edgeMap>
          <xCoord>146</xCoord>
          <yCoord>309</yCoord>
        </edgeMap>
        <edgeMap>
          <xCoord>147</xCoord>
          <yCoord>309</yCoord>
        </edgeMap>
        <edgeMap>
          <xCoord>148</xCoord>
          <yCoord>309</yCoord>
        </edgeMap>
        <edgeMap>
          <xCoord>149</xCoord>
          <yCoord>309</yCoord>
        </edgeMap>
        <edgeMap>
          <xCoord>150</xCoord>
          <yCoord>309</yCoord>
        </edgeMap>
        <edgeMap>
          <xCoord>151</xCoord>
          <yCoord>309</yCoord>
        </edgeMap>
        <edgeMap>
          <xCoord>152</xCoord>
          <yCoord>309</yCoord>
        </edgeMap>
        <edgeMap>
          <xCoord>153</xCoord>
          <yCoord>308</yCoord>
        </edgeMap>
        <edgeMap>
          <xCoord>154</xCoord>
          <yCoord>307</yCoord>
        </edgeMap>
        <edgeMap>
          <xCoord>155</xCoord>
          <yCoord>306</yCoord>
        </edgeMap>
        <edgeMap>
          <xCoord>155</xCoord>
          <yCoord>305</yCoord>
        </edgeMap>
        <edgeMap>
          <xCoord>154</xCoord>
          <yCoord>304</yCoord>
        </edgeMap>
        <edgeMap>
          <xCoord>153</xCoord>
          <yCoord>303</yCoord>
        </edgeMap>
        <edgeMap>
          <xCoord>152</xCoord>
          <yCoord>303</yCoord>
        </edgeMap>
        <edgeMap>
          <xCoord>152</xCoord>
          <yCoord>302</yCoord>
        </edgeMap>
        <edgeMap>
          <xCoord>151</xCoord>
          <yCoord>301</yCoord>
        </edgeMap>
        <edgeMap>
          <xCoord>150</xCoord>
          <yCoord>300</yCoord>
        </edgeMap>
        <edgeMap>
          <xCoord>149</xCoord>
          <yCoord>300</yCoord>
        </edgeMap>
        <edgeMap>
          <xCoord>148</xCoord>
          <yCoord>300</yCoord>
        </edgeMap>
        <edgeMap>
          <xCoord>147</xCoord>
          <yCoord>300</yCoord>
        </edgeMap>
        <edgeMap>
          <xCoord>146</xCoord>
          <yCoord>301</yCoord>
        </edgeMap>
        <edgeMap>
          <xCoord>145</xCoord>
          <yCoord>300</yCoord>
        </edgeMap>
        <edgeMap>
          <xCoord>144</xCoord>
          <yCoord>299</yCoord>
        </edgeMap>
      </roi>
      <roi>
        <imageZposition>-73.250000</imageZposition>
        <imageSOP_UID>1.3.6.1.4.1.14519.5.2.1.6279.6001.248524422645149487188754555542</imageSOP_UID>
        <inclusion>TRUE</inclusion>
        <edgeMap>
          <xCoord>144</xCoord>
          <yCoord>303</yCoord>
        </edgeMap>
        <edgeMap>
          <xCoord>143</xCoord>
          <yCoord>304</yCoord>
        </edgeMap>
        <edgeMap>
          <xCoord>142</xCoord>
          <yCoord>305</yCoord>
        </edgeMap>
        <edgeMap>
          <xCoord>141</xCoord>
          <yCoord>306</yCoord>
        </edgeMap>
        <edgeMap>
          <xCoord>142</xCoord>
          <yCoord>307</yCoord>
        </edgeMap>
        <edgeMap>
          <xCoord>143</xCoord>
          <yCoord>308</yCoord>
        </edgeMap>
        <edgeMap>
          <xCoord>144</xCoord>
          <yCoord>308</yCoord>
        </edgeMap>
        <edgeMap>
          <xCoord>145</xCoord>
          <yCoord>308</yCoord>
        </edgeMap>
        <edgeMap>
          <xCoord>145</xCoord>
          <yCoord>309</yCoord>
        </edgeMap>
        <edgeMap>
          <xCoord>146</xCoord>
          <yCoord>310</yCoord>
        </edgeMap>
        <edgeMap>
          <xCoord>147</xCoord>
          <yCoord>310</yCoord>
        </edgeMap>
        <edgeMap>
          <xCoord>148</xCoord>
          <yCoord>310</yCoord>
        </edgeMap>
        <edgeMap>
          <xCoord>149</xCoord>
          <yCoord>309</yCoord>
        </edgeMap>
        <edgeMap>
          <xCoord>150</xCoord>
          <yCoord>308</yCoord>
        </edgeMap>
        <edgeMap>
          <xCoord>151</xCoord>
          <yCoord>307</yCoord>
        </edgeMap>
        <edgeMap>
          <xCoord>151</xCoord>
          <yCoord>306</yCoord>
        </edgeMap>
        <edgeMap>
          <xCoord>151</xCoord>
          <yCoord>305</yCoord>
        </edgeMap>
        <edgeMap>
          <xCoord>150</xCoord>
          <yCoord>304</yCoord>
        </edgeMap>
        <edgeMap>
          <xCoord>149</xCoord>
          <yCoord>304</yCoord>
        </edgeMap>
        <edgeMap>
          <xCoord>148</xCoord>
          <yCoord>304</yCoord>
        </edgeMap>
        <edgeMap>
          <xCoord>147</xCoord>
          <yCoord>303</yCoord>
        </edgeMap>
        <edgeMap>
          <xCoord>146</xCoord>
          <yCoord>303</yCoord>
        </edgeMap>
        <edgeMap>
          <xCoord>145</xCoord>
          <yCoord>303</yCoord>
        </edgeMap>
        <edgeMap>
          <xCoord>144</xCoord>
          <yCoord>303</yCoord>
        </edgeMap>
      </roi>
    </unblindedReadNodule>
    <unblindedReadNodule>
      <noduleID>Nodule 002</noduleID>
      <roi>
        <imageZposition>-115.750000 </imageZposition>
        <imageSOP_UID>1.3.6.1.4.1.14519.5.2.1.6279.6001.336219316419467998795899019728</imageSOP_UID>
        <inclusion>TRUE</inclusion>
        <edgeMap>
          <xCoord>93</xCoord>
          <yCoord>386</yCoord>
        </edgeMap>
      </roi>
    </unblindedReadNodule>
    <nonNodule>
      <nonNoduleID>_Non-nodule 001</nonNoduleID>
      <imageZposition>-248.250000 </imageZposition>
      <imageSOP_UID>1.3.6.1.4.1.14519.5.2.1.6279.6001.197624115671240103752064421474</imageSOP_UID>
      <locus>
        <xCoord>211</xCoord>
        <yCoord>326</yCoord>
      </locus>
    </nonNodule>
    <nonNodule>
      <nonNoduleID>_Non-nodule 002</nonNoduleID>
      <imageZposition>-130.750000 </imageZposition>
      <imageSOP_UID>1.3.6.1.4.1.14519.5.2.1.6279.6001.178323329849089768953911085766</imageSOP_UID>
      <locus>
        <xCoord>342</xCoord>
        <yCoord>417</yCoord>
      </locus>
    </nonNodule>
  </readingSession>
<readingSession>
<annotationVersion>3.12</annotationVersion>
<servicingRadiologistID>anon</servicingRadiologistID>
<unblindedReadNodule>
<noduleID>09961</noduleID>
<characteristics>
<subtlety>5</subtlety>
<internalStructure>1</internalStructure>
<calcification>6</calcification>
<sphericity>2</sphericity>
<margin>3</margin>
<lobulation>2</lobulation>
<spiculation>2</spiculation>
<texture>5</texture>
<malignancy>3</malignancy>
</characteristics>
<roi>
<imageZposition>-75.75</imageZposition>
<imageSOP_UID>1.3.6.1.4.1.14519.5.2.1.6279.6001.103595291464264746926072939477</imageSOP_UID>
<inclusion>TRUE</inclusion>
<edgeMap>
<xCoord>148</xCoord>
<yCoord>309</yCoord>
</edgeMap>
<edgeMap>
<xCoord>149</xCoord>
<yCoord>308</yCoord>
</edgeMap>
<edgeMap>
<xCoord>150</xCoord>
<yCoord>308</yCoord>
</edgeMap>
<edgeMap>
<xCoord>151</xCoord>
<yCoord>308</yCoord>
</edgeMap>
<edgeMap>
<xCoord>152</xCoord>
<yCoord>308</yCoord>
</edgeMap>
<edgeMap>
<xCoord>153</xCoord>
<yCoord>308</yCoord>
</edgeMap>
<edgeMap>
<xCoord>153</xCoord>
<yCoord>307</yCoord>
</edgeMap>
<edgeMap>
<xCoord>153</xCoord>
<yCoord>306</yCoord>
</edgeMap>
<edgeMap>
<xCoord>154</xCoord>
<yCoord>305</yCoord>
</edgeMap>
<edgeMap>
<xCoord>153</xCoord>
<yCoord>304</yCoord>
</edgeMap>
<edgeMap>
<xCoord>152</xCoord>
<yCoord>303</yCoord>
</edgeMap>
<edgeMap>
<xCoord>152</xCoord>
<yCoord>302</yCoord>
</edgeMap>
<edgeMap>
<xCoord>151</xCoord>
<yCoord>301</yCoord>
</edgeMap>
<edgeMap>
<xCoord>150</xCoord>
<yCoord>301</yCoord>
</edgeMap>
<edgeMap>
<xCoord>149</xCoord>
<yCoord>301</yCoord>
</edgeMap>
<edgeMap>
<xCoord>148</xCoord>
<yCoord>302</yCoord>
</edgeMap>
<edgeMap>
<xCoord>147</xCoord>
<yCoord>301</yCoord>
</edgeMap>
<edgeMap>
<xCoord>146</xCoord>
<yCoord>300</yCoord>
</edgeMap>
<edgeMap>
<xCoord>145</xCoord>
<yCoord>300</yCoord>
</edgeMap>
<edgeMap>
<xCoord>144</xCoord>
<yCoord>299</yCoord>
</edgeMap>
<edgeMap>
<xCoord>145</xCoord>
<yCoord>298</yCoord>
</edgeMap>
<edgeMap>
<xCoord>146</xCoord>
<yCoord>297</yCoord>
</edgeMap>
<edgeMap>
<xCoord>147</xCoord>
<yCoord>297</yCoord>
</edgeMap>
<edgeMap>
<xCoord>148</xCoord>
<yCoord>297</yCoord>
</edgeMap>
<edgeMap>
<xCoord>149</xCoord>
<yCoord>297</yCoord>
</edgeMap>
<edgeMap>
<xCoord>149</xCoord>
<yCoord>296</yCoord>
</edgeMap>
<edgeMap>
<xCoord>149</xCoord>
<yCoord>295</yCoord>
</edgeMap>
<edgeMap>
<xCoord>148</xCoord>
<yCoord>294</yCoord>
</edgeMap>
<edgeMap>
<xCoord>147</xCoord>
<yCoord>293</yCoord>
</edgeMap>
<edgeMap>
<xCoord>146</xCoord>
<yCoord>293</yCoord>
</edgeMap>
<edgeMap>
<xCoord>145</xCoord>
<yCoord>294</yCoord>
</edgeMap>
<edgeMap>
<xCoord>144</xCoord>
<yCoord>295</yCoord>
</edgeMap>
<edgeMap>
<xCoord>143</xCoord>
<yCoord>296</yCoord>
</edgeMap>
<edgeMap>
<xCoord>142</xCoord>
<yCoord>297</yCoord>
</edgeMap>
<edgeMap>
<xCoord>141</xCoord>
<yCoord>298</yCoord>
</edgeMap>
<edgeMap>
<xCoord>140</xCoord>
<yCoord>299</yCoord>
</edgeMap>
<edgeMap>
<xCoord>140</xCoord>
<yCoord>300</yCoord>
</edgeMap>
<edgeMap>
<xCoord>140</xCoord>
<yCoord>301</yCoord>
</edgeMap>
<edgeMap>
<xCoord>140</xCoord>
<yCoord>302</yCoord>
</edgeMap>
<edgeMap>
<xCoord>140</xCoord>
<yCoord>303</yCoord>
</edgeMap>
<edgeMap>
<xCoord>141</xCoord>
<yCoord>304</yCoord>
</edgeMap>
<edgeMap>
<xCoord>141</xCoord>
<yCoord>305</yCoord>
</edgeMap>
<edgeMap>
<xCoord>141</xCoord>
<yCoord>306</yCoord>
</edgeMap>
<edgeMap>
<xCoord>141</xCoord>
<yCoord>307</yCoord>
</edgeMap>
<edgeMap>
<xCoord>142</xCoord>
<yCoord>308</yCoord>
</edgeMap>
<edgeMap>
<xCoord>143</xCoord>
<yCoord>309</yCoord>
</edgeMap>
<edgeMap>
<xCoord>144</xCoord>
<yCoord>309</yCoord>
</edgeMap>
<edgeMap>
<xCoord>145</xCoord>
<yCoord>309</yCoord>
</edgeMap>
<edgeMap>
<xCoord>146</xCoord>
<yCoord>309</yCoord>
</edgeMap>
<edgeMap>
<xCoord>147</xCoord>
<yCoord>309</yCoord>
</edgeMap>
<edgeMap>
<xCoord>148</xCoord>
<yCoord>309</yCoord>
</edgeMap>
</roi>
<roi>
<imageZposition>-78.25</imageZposition>
<imageSOP_UID>1.3.6.1.4.1.14519.5.2.1.6279.6001.312079076009591249911997288192</imageSOP_UID>
<inclusion>TRUE</inclusion>
<edgeMap>
<xCoord>144</xCoord>
<yCoord>312</yCoord>
</edgeMap>
<edgeMap>
<xCoord>145</xCoord>
<yCoord>311</yCoord>
</edgeMap>
<edgeMap>
<xCoord>145</xCoord>
<yCoord>310</yCoord>
</edgeMap>
<edgeMap>
<xCoord>146</xCoord>
<yCoord>309</yCoord>
</edgeMap>
<edgeMap>
<xCoord>147</xCoord>
<yCoord>308</yCoord>
</edgeMap>
<edgeMap>
<xCoord>148</xCoord>
<yCoord>308</yCoord>
</edgeMap>
<edgeMap>
<xCoord>149</xCoord>
<yCoord>308</yCoord>
</edgeMap>
<edgeMap>
<xCoord>150</xCoord>
<yCoord>308</yCoord>
</edgeMap>
<edgeMap>
<xCoord>151</xCoord>
<yCoord>308</yCoord>
</edgeMap>
<edgeMap>
<xCoord>152</xCoord>
<yCoord>308</yCoord>
</edgeMap>
<edgeMap>
<xCoord>153</xCoord>
<yCoord>309</yCoord>
</edgeMap>
<edgeMap>
<xCoord>154</xCoord>
<yCoord>309</yCoord>
</edgeMap>
<edgeMap>
<xCoord>155</xCoord>
<yCoord>309</yCoord>
</edgeMap>
<edgeMap>
<xCoord>156</xCoord>
<yCoord>308</yCoord>
</edgeMap>
<edgeMap>
<xCoord>156</xCoord>
<yCoord>307</yCoord>
</edgeMap>
<edgeMap>
<xCoord>156</xCoord>
<yCoord>306</yCoord>
</edgeMap>
<edgeMap>
<xCoord>155</xCoord>
<yCoord>305</yCoord>
</edgeMap>
<edgeMap>
<xCoord>154</xCoord>
<yCoord>304</yCoord>
</edgeMap>
<edgeMap>
<xCoord>153</xCoord>
<yCoord>303</yCoord>
</edgeMap>
<edgeMap>
<xCoord>153</xCoord>
<yCoord>302</yCoord>
</edgeMap>
<edgeMap>
<xCoord>152</xCoord>
<yCoord>301</yCoord>
</edgeMap>
<edgeMap>
<xCoord>152</xCoord>
<yCoord>300</yCoord>
</edgeMap>
<edgeMap>
<xCoord>151</xCoord>
<yCoord>300</yCoord>
</edgeMap>
<edgeMap>
<xCoord>150</xCoord>
<yCoord>299</yCoord>
</edgeMap>
<edgeMap>
<xCoord>149</xCoord>
<yCoord>299</yCoord>
</edgeMap>
<edgeMap>
<xCoord>148</xCoord>
<yCoord>299</yCoord>
</edgeMap>
<edgeMap>
<xCoord>147</xCoord>
<yCoord>298</yCoord>
</edgeMap>
<edgeMap>
<xCoord>146</xCoord>
<yCoord>298</yCoord>
</edgeMap>
<edgeMap>
<xCoord>145</xCoord>
<yCoord>297</yCoord>
</edgeMap>
<edgeMap>
<xCoord>144</xCoord>
<yCoord>297</yCoord>
</edgeMap>
<edgeMap>
<xCoord>143</xCoord>
<yCoord>297</yCoord>
</edgeMap>
<edgeMap>
<xCoord>142</xCoord>
<yCoord>297</yCoord>
</edgeMap>
<edgeMap>
<xCoord>141</xCoord>
<yCoord>297</yCoord>
</edgeMap>
<edgeMap>
<xCoord>140</xCoord>
<yCoord>297</yCoord>
</edgeMap>
<edgeMap>
<xCoord>139</xCoord>
<yCoord>297</yCoord>
</edgeMap>
<edgeMap>
<xCoord>139</xCoord>
<yCoord>298</yCoord>
</edgeMap>
<edgeMap>
<xCoord>138</xCoord>
<yCoord>299</yCoord>
</edgeMap>
<edgeMap>
<xCoord>138</xCoord>
<yCoord>300</yCoord>
</edgeMap>
<edgeMap>
<xCoord>138</xCoord>
<yCoord>301</yCoord>
</edgeMap>
<edgeMap>
<xCoord>139</xCoord>
<yCoord>302</yCoord>
</edgeMap>
<edgeMap>
<xCoord>140</xCoord>
<yCoord>303</yCoord>
</edgeMap>
<edgeMap>
<xCoord>140</xCoord>
<yCoord>304</yCoord>
</edgeMap>
<edgeMap>
<xCoord>139</xCoord>
<yCoord>305</yCoord>
</edgeMap>
<edgeMap>
<xCoord>138</xCoord>
<yCoord>305</yCoord>
</edgeMap>
<edgeMap>
<xCoord>137</xCoord>
<yCoord>306</yCoord>
</edgeMap>
<edgeMap>
<xCoord>137</xCoord>
<yCoord>307</yCoord>
</edgeMap>
<edgeMap>
<xCoord>136</xCoord>
<yCoord>308</yCoord>
</edgeMap>
<edgeMap>
<xCoord>136</xCoord>
<yCoord>309</yCoord>
</edgeMap>
<edgeMap>
<xCoord>136</xCoord>
<yCoord>310</yCoord>
</edgeMap>
<edgeMap>
<xCoord>136</xCoord>
<yCoord>311</yCoord>
</edgeMap>
<edgeMap>
<xCoord>137</xCoord>
<yCoord>311</yCoord>
</edgeMap>
<edgeMap>
<xCoord>138</xCoord>
<yCoord>312</yCoord>
</edgeMap>
<edgeMap>
<xCoord>139</xCoord>
<yCoord>312</yCoord>
</edgeMap>
<edgeMap>
<xCoord>140</xCoord>
<yCoord>312</yCoord>
</edgeMap>
<edgeMap>
<xCoord>141</xCoord>
<yCoord>312</yCoord>
</edgeMap>
<edgeMap>
<xCoord>142</xCoord>
<yCoord>312</yCoord>
</edgeMap>
<edgeMap>
<xCoord>143</xCoord>
<yCoord>312</yCoord>
</edgeMap>
<edgeMap>
<xCoord>144</xCoord>
<yCoord>312</yCoord>
</edgeMap>
</roi>
<roi>
<imageZposition>-80.75</imageZposition>
<imageSOP_UID>1.3.6.1.4.1.14519.5.2.1.6279.6001.295880275320057252833108799319</imageSOP_UID>
<inclusion>TRUE</inclusion>
<edgeMap>
<xCoord>153</xCoord>
<yCoord>310</yCoord>
</edgeMap>
<edgeMap>
<xCoord>154</xCoord>
<yCoord>309</yCoord>
</edgeMap>
<edgeMap>
<xCoord>155</xCoord>
<yCoord>309</yCoord>
</edgeMap>
<edgeMap>
<xCoord>155</xCoord>
<yCoord>308</yCoord>
</edgeMap>
<edgeMap>
<xCoord>156</xCoord>
<yCoord>307</yCoord>
</edgeMap>
<edgeMap>
<xCoord>157</xCoord>
<yCoord>307</yCoord>
</edgeMap>
<edgeMap>
<xCoord>157</xCoord>
<yCoord>306</yCoord>
</edgeMap>
<edgeMap>
<xCoord>157</xCoord>
<yCoord>305</yCoord>
</edgeMap>
<edgeMap>
<xCoord>156</xCoord>
<yCoord>305</yCoord>
</edgeMap>
<edgeMap>
<xCoord>155</xCoord>
<yCoord>305</yCoord>
</edgeMap>
<edgeMap>
<xCoord>154</xCoord>
<yCoord>304</yCoord>
</edgeMap>
<edgeMap>
<xCoord>153</xCoord>
<yCoord>303</yCoord>
</edgeMap>
<edgeMap>
<xCoord>153</xCoord>
<yCoord>302</yCoord>
</edgeMap>
<edgeMap>
<xCoord>153</xCoord>
<yCoord>301</yCoord>
</edgeMap>
<edgeMap>
<xCoord>153</xCoord>
<yCoord>300</yCoord>
</edgeMap>
<edgeMap>
<xCoord>152</xCoord>
<yCoord>299</yCoord>
</edgeMap>
<edgeMap>
<xCoord>151</xCoord>
<yCoord>299</yCoord>
</edgeMap>
<edgeMap>
<xCoord>150</xCoord>
<yCoord>299</yCoord>
</edgeMap>
<edgeMap>
<xCoord>149</xCoord>
<yCoord>298</yCoord>
</edgeMap>
<edgeMap>
<xCoord>148</xCoord>
<yCoord>297</yCoord>
</edgeMap>
<edgeMap>
<xCoord>147</xCoord>
<yCoord>296</yCoord>
</edgeMap>
<edgeMap>
<xCoord>146</xCoord>
<yCoord>295</yCoord>
</edgeMap>
<edgeMap>
<xCoord>145</xCoord>
<yCoord>295</yCoord>
</edgeMap>
<edgeMap>
<xCoord>144</xCoord>
<yCoord>295</yCoord>
</edgeMap>
<edgeMap>
<xCoord>143</xCoord>
<yCoord>295</yCoord>
</edgeMap>
<edgeMap>
<xCoord>142</xCoord>
<yCoord>296</yCoord>
</edgeMap>
<edgeMap>
<xCoord>141</xCoord>
<yCoord>296</yCoord>
</edgeMap>
<edgeMap>
<xCoord>140</xCoord>
<yCoord>296</yCoord>
</edgeMap>
<edgeMap>
<xCoord>139</xCoord>
<yCoord>297</yCoord>
</edgeMap>
<edgeMap>
<xCoord>138</xCoord>
<yCoord>298</yCoord>
</edgeMap>
<edgeMap>
<xCoord>139</xCoord>
<yCoord>299</yCoord>
</edgeMap>
<edgeMap>
<xCoord>140</xCoord>
<yCoord>300</yCoord>
</edgeMap>
<edgeMap>
<xCoord>140</xCoord>
<yCoord>301</yCoord>
</edgeMap>
<edgeMap>
<xCoord>141</xCoord>
<yCoord>302</yCoord>
</edgeMap>
<edgeMap>
<xCoord>142</xCoord>
<yCoord>303</yCoord>
</edgeMap>
<edgeMap>
<xCoord>142</xCoord>
<yCoord>304</yCoord>
</edgeMap>
<edgeMap>
<xCoord>142</xCoord>
<yCoord>305</yCoord>
</edgeMap>
<edgeMap>
<xCoord>143</xCoord>
<yCoord>306</yCoord>
</edgeMap>
<edgeMap>
<xCoord>144</xCoord>
<yCoord>306</yCoord>
</edgeMap>
<edgeMap>
<xCoord>145</xCoord>
<yCoord>306</yCoord>
</edgeMap>
<edgeMap>
<xCoord>146</xCoord>
<yCoord>306</yCoord>
</edgeMap>
<edgeMap>
<xCoord>147</xCoord>
<yCoord>307</yCoord>
</edgeMap>
<edgeMap>
<xCoord>148</xCoord>
<yCoord>307</yCoord>
</edgeMap>
<edgeMap>
<xCoord>149</xCoord>
<yCoord>308</yCoord>
</edgeMap>
<edgeMap>
<xCoord>150</xCoord>
<yCoord>309</yCoord>
</edgeMap>
<edgeMap>
<xCoord>151</xCoord>
<yCoord>309</yCoord>
</edgeMap>
<edgeMap>
<xCoord>152</xCoord>
<yCoord>310</yCoord>
</edgeMap>
<edgeMap>
<xCoord>153</xCoord>
<yCoord>310</yCoord>
</edgeMap>
</roi>
<roi>
<imageZposition>-83.25</imageZposition>
<imageSOP_UID>1.3.6.1.4.1.14519.5.2.1.6279.6001.314550272994872306369644757935</imageSOP_UID>
<inclusion>TRUE</inclusion>
<edgeMap>
<xCoord>148</xCoord>
<yCoord>306</yCoord>
</edgeMap>
<edgeMap>
<xCoord>149</xCoord>
<yCoord>305</yCoord>
</edgeMap>
<edgeMap>
<xCoord>150</xCoord>
<yCoord>305</yCoord>
</edgeMap>
<edgeMap>
<xCoord>151</xCoord>
<yCoord>304</yCoord>
</edgeMap>
<edgeMap>
<xCoord>152</xCoord>
<yCoord>304</yCoord>
</edgeMap>
<edgeMap>
<xCoord>153</xCoord>
<yCoord>303</yCoord>
</edgeMap>
<edgeMap>
<xCoord>152</xCoord>
<yCoord>302</yCoord>
</edgeMap>
<edgeMap>
<xCoord>152</xCoord>
<yCoord>301</yCoord>
</edgeMap>
<edgeMap>
<xCoord>151</xCoord>
<yCoord>300</yCoord>
</edgeMap>
<edgeMap>
<xCoord>150</xCoord>
<yCoord>299</yCoord>
</edgeMap>
<edgeMap>
<xCoord>149</xCoord>
<yCoord>298</yCoord>
</edgeMap>
<edgeMap>
<xCoord>148</xCoord>
<yCoord>297</yCoord>
</edgeMap>
<edgeMap>
<xCoord>147</xCoord>
<yCoord>296</yCoord>
</edgeMap>
<edgeMap>
<xCoord>146</xCoord>
<yCoord>295</yCoord>
</edgeMap>
<edgeMap>
<xCoord>145</xCoord>
<yCoord>295</yCoord>
</edgeMap>
<edgeMap>
<xCoord>144</xCoord>
<yCoord>295</yCoord>
</edgeMap>
<edgeMap>
<xCoord>143</xCoord>
<yCoord>295</yCoord>
</edgeMap>
<edgeMap>
<xCoord>143</xCoord>
<yCoord>296</yCoord>
</edgeMap>
<edgeMap>
<xCoord>142</xCoord>
<yCoord>297</yCoord>
</edgeMap>
<edgeMap>
<xCoord>141</xCoord>
<yCoord>298</yCoord>
</edgeMap>
<edgeMap>
<xCoord>141</xCoord>
<yCoord>299</yCoord>
</edgeMap>
<edgeMap>
<xCoord>141</xCoord>
<yCoord>300</yCoord>
</edgeMap>
<edgeMap>
<xCoord>141</xCoord>
<yCoord>301</yCoord>
</edgeMap>
<edgeMap>
<xCoord>142</xCoord>
<yCoord>302</yCoord>
</edgeMap>
<edgeMap>
<xCoord>143</xCoord>
<yCoord>303</yCoord>
</edgeMap>
<edgeMap>
<xCoord>143</xCoord>
<yCoord>304</yCoord>
</edgeMap>
<edgeMap>
<xCoord>144</xCoord>
<yCoord>305</yCoord>
</edgeMap>
<edgeMap>
<xCoord>145</xCoord>
<yCoord>305</yCoord>
</edgeMap>
<edgeMap>
<xCoord>146</xCoord>
<yCoord>305</yCoord>
</edgeMap>
<edgeMap>
<xCoord>147</xCoord>
<yCoord>306</yCoord>
</edgeMap>
<edgeMap>
<xCoord>148</xCoord>
<yCoord>306</yCoord>
</edgeMap>
</roi>
</unblindedReadNodule>
<nonNodule>
<nonNoduleID>09971</nonNoduleID>
<imageZposition>-198.25</imageZposition>
<imageSOP_UID>1.3.6.1.4.1.14519.5.2.1.6279.6001.250870494351149481650263463150</imageSOP_UID>
<locus>
<xCoord>66</xCoord>
<yCoord>243</yCoord>
</locus>
</nonNodule>
<nonNodule>
<nonNoduleID>09965</nonNoduleID>
<imageZposition>-248.25</imageZposition>
<imageSOP_UID>1.3.6.1.4.1.14519.5.2.1.6279.6001.197624115671240103752064421474</imageSOP_UID>
<locus>
<xCoord>211</xCoord>
<yCoord>326</yCoord>
</locus>
</nonNodule>
<nonNodule>
<nonNoduleID>09966</nonNoduleID>
<imageZposition>-130.75</imageZposition>
<imageSOP_UID>1.3.6.1.4.1.14519.5.2.1.6279.6001.178323329849089768953911085766</imageSOP_UID>
<locus>
<xCoord>342</xCoord>
<yCoord>417</yCoord>
</locus>
</nonNodule>
<nonNodule>
<nonNoduleID>10266</nonNoduleID>
<imageZposition>-203.25</imageZposition>
<imageSOP_UID>1.3.6.1.4.1.14519.5.2.1.6279.6001.107609243701399812264257415604</imageSOP_UID>
<locus>
<xCoord>361</xCoord>
<yCoord>379</yCoord>
</locus>
</nonNodule>
</readingSession>
  <readingSession>
    <annotationVersion>3.12</annotationVersion>
<servicingRadiologistID>anon</servicingRadiologistID>
    <unblindedReadNodule>
      <noduleID>IL057_123344</noduleID>
      <characteristics>
        <subtlety>3</subtlety>
        <internalStructure>1</internalStructure>
        <calcification>6</calcification>
        <sphericity>3</sphericity>
        <margin>4</margin>
        <lobulation>2</lobulation>
        <spiculation>2</spiculation>
        <texture>5</texture>
        <malignancy>4</malignancy>
      </characteristics>
      <roi>
        <imageZposition>-75.75</imageZposition>
        <imageSOP_UID>1.3.6.1.4.1.14519.5.2.1.6279.6001.103595291464264746926072939477</imageSOP_UID>
        <inclusion>TRUE</inclusion>
        <edgeMap>
          <xCoord>154</xCoord>
          <yCoord>307</yCoord>
        </edgeMap>
        <edgeMap>
          <xCoord>154</xCoord>
          <yCoord>306</yCoord>
        </edgeMap>
        <edgeMap>
          <xCoord>154</xCoord>
          <yCoord>305</yCoord>
        </edgeMap>
        <edgeMap>
          <xCoord>154</xCoord>
          <yCoord>304</yCoord>
        </edgeMap>
        <edgeMap>
          <xCoord>154</xCoord>
          <yCoord>303</yCoord>
        </edgeMap>
        <edgeMap>
          <xCoord>153</xCoord>
          <yCoord>303</yCoord>
        </edgeMap>
        <edgeMap>
          <xCoord>152</xCoord>
          <yCoord>302</yCoord>
        </edgeMap>
        <edgeMap>
          <xCoord>152</xCoord>
          <yCoord>301</yCoord>
        </edgeMap>
        <edgeMap>
          <xCoord>152</xCoord>
          <yCoord>300</yCoord>
        </edgeMap>
        <edgeMap>
          <xCoord>151</xCoord>
          <yCoord>299</yCoord>
        </edgeMap>
        <edgeMap>
          <xCoord>150</xCoord>
          <yCoord>299</yCoord>
        </edgeMap>
        <edgeMap>
          <xCoord>149</xCoord>
          <yCoord>299</yCoord>
        </edgeMap>
        <edgeMap>
          <xCoord>148</xCoord>
          <yCoord>299</yCoord>
        </edgeMap>
        <edgeMap>
          <xCoord>147</xCoord>
          <yCoord>299</yCoord>
        </edgeMap>
        <edgeMap>
          <xCoord>146</xCoord>
          <yCoord>299</yCoord>
        </edgeMap>
        <edgeMap>
          <xCoord>145</xCoord>
          <yCoord>299</yCoord>
        </edgeMap>
        <edgeMap>
          <xCoord>144</xCoord>
          <yCoord>299</yCoord>
        </edgeMap>
        <edgeMap>
          <xCoord>143</xCoord>
          <yCoord>299</yCoord>
        </edgeMap>
        <edgeMap>
          <xCoord>143</xCoord>
          <yCoord>300</yCoord>
        </edgeMap>
        <edgeMap>
          <xCoord>143</xCoord>
          <yCoord>301</yCoord>
        </edgeMap>
        <edgeMap>
          <xCoord>143</xCoord>
          <yCoord>302</yCoord>
        </edgeMap>
        <edgeMap>
          <xCoord>143</xCoord>
          <yCoord>303</yCoord>
        </edgeMap>
        <edgeMap>
          <xCoord>143</xCoord>
          <yCoord>304</yCoord>
        </edgeMap>
        <edgeMap>
          <xCoord>143</xCoord>
          <yCoord>305</yCoord>
        </edgeMap>
        <edgeMap>
          <xCoord>143</xCoord>
          <yCoord>306</yCoord>
        </edgeMap>
        <edgeMap>
          <xCoord>143</xCoord>
          <yCoord>307</yCoord>
        </edgeMap>
        <edgeMap>
          <xCoord>144</xCoord>
          <yCoord>307</yCoord>
        </edgeMap>
        <edgeMap>
          <xCoord>145</xCoord>
          <yCoord>307</yCoord>
        </edgeMap>
        <edgeMap>
          <xCoord>146</xCoord>
          <yCoord>307</yCoord>
        </edgeMap>
        <edgeMap>
          <xCoord>147</xCoord>
          <yCoord>307</yCoord>
        </edgeMap>
        <edgeMap>
          <xCoord>148</xCoord>
          <yCoord>307</yCoord>
        </edgeMap>
        <edgeMap>
          <xCoord>149</xCoord>
          <yCoord>307</yCoord>
        </edgeMap>
        <edgeMap>
          <xCoord>150</xCoord>
          <yCoord>307</yCoord>
        </edgeMap>
        <edgeMap>
          <xCoord>151</xCoord>
          <yCoord>307</yCoord>
        </edgeMap>
        <edgeMap>
          <xCoord>152</xCoord>
          <yCoord>307</yCoord>
        </edgeMap>
        <edgeMap>
          <xCoord>153</xCoord>
          <yCoord>307</yCoord>
        </edgeMap>
        <edgeMap>
          <xCoord>154</xCoord>
          <yCoord>307</yCoord>
        </edgeMap>
      </roi>
      <roi>
        <imageZposition>-78.25</imageZposition>
        <imageSOP_UID>1.3.6.1.4.1.14519.5.2.1.6279.6001.312079076009591249911997288192</imageSOP_UID>
        <inclusion>TRUE</inclusion>
        <edgeMap>
          <xCoord>154</xCoord>
          <yCoord>309</yCoord>
        </edgeMap>
        <edgeMap>
          <xCoord>155</xCoord>
          <yCoord>308</yCoord>
        </edgeMap>
        <edgeMap>
          <xCoord>154</xCoord>
          <yCoord>307</yCoord>
        </edgeMap>
        <edgeMap>
          <xCoord>155</xCoord>
          <yCoord>306</yCoord>
        </edgeMap>
        <edgeMap>
          <xCoord>156</xCoord>
          <yCoord>306</yCoord>
        </edgeMap>
        <edgeMap>
          <xCoord>156</xCoord>
          <yCoord>305</yCoord>
        </edgeMap>
        <edgeMap>
          <xCoord>155</xCoord>
          <yCoord>305</yCoord>
        </edgeMap>
        <edgeMap>
          <xCoord>154</xCoord>
          <yCoord>305</yCoord>
        </edgeMap>
        <edgeMap>
          <xCoord>153</xCoord>
          <yCoord>304</yCoord>
        </edgeMap>
        <edgeMap>
          <xCoord>152</xCoord>
          <yCoord>303</yCoord>
        </edgeMap>
        <edgeMap>
          <xCoord>152</xCoord>
          <yCoord>302</yCoord>
        </edgeMap>
        <edgeMap>
          <xCoord>152</xCoord>
          <yCoord>301</yCoord>
        </edgeMap>
        <edgeMap>
          <xCoord>151</xCoord>
          <yCoord>300</yCoord>
        </edgeMap>
        <edgeMap>
          <xCoord>150</xCoord>
          <yCoord>300</yCoord>
        </edgeMap>
        <edgeMap>
          <xCoord>149</xCoord>
          <yCoord>300</yCoord>
        </edgeMap>
        <edgeMap>
          <xCoord>148</xCoord>
          <yCoord>299</yCoord>
        </edgeMap>
        <edgeMap>
          <xCoord>147</xCoord>
          <yCoord>298</yCoord>
        </edgeMap>
        <edgeMap>
          <xCoord>146</xCoord>
          <yCoord>298</yCoord>
        </edgeMap>
        <edgeMap>
          <xCoord>145</xCoord>
          <yCoord>298</yCoord>
        </edgeMap>
        <edgeMap>
          <xCoord>144</xCoord>
          <yCoord>298</yCoord>
        </edgeMap>
        <edgeMap>
          <xCoord>143</xCoord>
          <yCoord>298</yCoord>
        </edgeMap>
        <edgeMap>
          <xCoord>142</xCoord>
          <yCoord>298</yCoord>
        </edgeMap>
        <edgeMap>
          <xCoord>142</xCoord>
          <yCoord>299</yCoord>
        </edgeMap>
        <edgeMap>
          <xCoord>142</xCoord>
          <yCoord>300</yCoord>
        </edgeMap>
        <edgeMap>
          <xCoord>141</xCoord>
          <yCoord>301</yCoord>
        </edgeMap>
        <edgeMap>
          <xCoord>141</xCoord>
          <yCoord>302</yCoord>
        </edgeMap>
        <edgeMap>
          <xCoord>142</xCoord>
          <yCoord>303</yCoord>
        </edgeMap>
        <edgeMap>
          <xCoord>142</xCoord>
          <yCoord>304</yCoord>
        </edgeMap>
        <edgeMap>
          <xCoord>141</xCoord>
          <yCoord>305</yCoord>
        </edgeMap>
        <edgeMap>
          <xCoord>142</xCoord>
          <yCoord>306</yCoord>
        </edgeMap>
        <edgeMap>
          <xCoord>143</xCoord>
          <yCoord>307</yCoord>
        </edgeMap>
        <edgeMap>
          <xCoord>143</xCoord>
          <yCoord>308</yCoord>
        </edgeMap>
        <edgeMap>
          <xCoord>143</xCoord>
          <yCoord>309</yCoord>
        </edgeMap>
        <edgeMap>
          <xCoord>144</xCoord>
          <yCoord>308</yCoord>
        </edgeMap>
        <edgeMap>
          <xCoord>145</xCoord>
          <yCoord>308</yCoord>
        </edgeMap>
        <edgeMap>
          <xCoord>146</xCoord>
          <yCoord>308</yCoord>
        </edgeMap>
        <edgeMap>
          <xCoord>147</xCoord>
          <yCoord>308</yCoord>
        </edgeMap>
        <edgeMap>
          <xCoord>148</xCoord>
          <yCoord>308</yCoord>
        </edgeMap>
        <edgeMap>
          <xCoord>149</xCoord>
          <yCoord>308</yCoord>
        </edgeMap>
        <edgeMap>
          <xCoord>150</xCoord>
          <yCoord>308</yCoord>
        </edgeMap>
        <edgeMap>
          <xCoord>151</xCoord>
          <yCoord>308</yCoord>
        </edgeMap>
        <edgeMap>
          <xCoord>152</xCoord>
          <yCoord>308</yCoord>
        </edgeMap>
        <edgeMap>
          <xCoord>153</xCoord>
          <yCoord>309</yCoord>
        </edgeMap>
        <edgeMap>
          <xCoord>154</xCoord>
          <yCoord>309</yCoord>
        </edgeMap>
      </roi>
      <roi>
        <imageZposition>-80.75</imageZposition>
        <imageSOP_UID>1.3.6.1.4.1.14519.5.2.1.6279.6001.295880275320057252833108799319</imageSOP_UID>
        <inclusion>TRUE</inclusion>
        <edgeMap>
          <xCoord>154</xCoord>
          <yCoord>309</yCoord>
        </edgeMap>
        <edgeMap>
          <xCoord>154</xCoord>
          <yCoord>308</yCoord>
        </edgeMap>
        <edgeMap>
          <xCoord>155</xCoord>
          <yCoord>307</yCoord>
        </edgeMap>
        <edgeMap>
          <xCoord>156</xCoord>
          <yCoord>307</yCoord>
        </edgeMap>
        <edgeMap>
          <xCoord>157</xCoord>
          <yCoord>307</yCoord>
        </edgeMap>
        <edgeMap>
          <xCoord>157</xCoord>
          <yCoord>306</yCoord>
        </edgeMap>
        <edgeMap>
          <xCoord>157</xCoord>
          <yCoord>305</yCoord>
        </edgeMap>
        <edgeMap>
          <xCoord>156</xCoord>
          <yCoord>305</yCoord>
        </edgeMap>
        <edgeMap>
          <xCoord>155</xCoord>
          <yCoord>305</yCoord>
        </edgeMap>
        <edgeMap>
          <xCoord>154</xCoord>
          <yCoord>304</yCoord>
        </edgeMap>
        <edgeMap>
          <xCoord>153</xCoord>
          <yCoord>304</yCoord>
        </edgeMap>
        <edgeMap>
          <xCoord>152</xCoord>
          <yCoord>303</yCoord>
        </edgeMap>
        <edgeMap>
          <xCoord>152</xCoord>
          <yCoord>302</yCoord>
        </edgeMap>
        <edgeMap>
          <xCoord>152</xCoord>
          <yCoord>301</yCoord>
        </edgeMap>
        <edgeMap>
          <xCoord>152</xCoord>
          <yCoord>300</yCoord>
        </edgeMap>
        <edgeMap>
          <xCoord>151</xCoord>
          <yCoord>300</yCoord>
        </edgeMap>
        <edgeMap>
          <xCoord>150</xCoord>
          <yCoord>300</yCoord>
        </edgeMap>
        <edgeMap>
          <xCoord>149</xCoord>
          <yCoord>299</yCoord>
        </edgeMap>
        <edgeMap>
          <xCoord>149</xCoord>
          <yCoord>298</yCoord>
        </edgeMap>
        <edgeMap>
          <xCoord>148</xCoord>
          <yCoord>297</yCoord>
        </edgeMap>
        <edgeMap>
          <xCoord>147</xCoord>
          <yCoord>296</yCoord>
        </edgeMap>
        <edgeMap>
          <xCoord>146</xCoord>
          <yCoord>295</yCoord>
        </edgeMap>
        <edgeMap>
          <xCoord>145</xCoord>
          <yCoord>296</yCoord>
        </edgeMap>
        <edgeMap>
          <xCoord>144</xCoord>
          <yCoord>296</yCoord>
        </edgeMap>
        <edgeMap>
          <xCoord>143</xCoord>
          <yCoord>295</yCoord>
        </edgeMap>
        <edgeMap>
          <xCoord>143</xCoord>
          <yCoord>296</yCoord>
        </edgeMap>
        <edgeMap>
          <xCoord>142</xCoord>
          <yCoord>297</yCoord>
        </edgeMap>
        <edgeMap>
          <xCoord>141</xCoord>
          <yCoord>297</yCoord>
        </edgeMap>
        <edgeMap>
          <xCoord>140</xCoord>
          <yCoord>297</yCoord>
        </edgeMap>
        <edgeMap>
          <xCoord>139</xCoord>
          <yCoord>298</yCoord>
        </edgeMap>
        <edgeMap>
          <xCoord>140</xCoord>
          <yCoord>299</yCoord>
        </edgeMap>
        <edgeMap>
          <xCoord>140</xCoord>
          <yCoord>300</yCoord>
        </edgeMap>
        <edgeMap>
          <xCoord>141</xCoord>
          <yCoord>301</yCoord>
        </edgeMap>
        <edgeMap>
          <xCoord>142</xCoord>
          <yCoord>302</yCoord>
        </edgeMap>
        <edgeMap>
          <xCoord>143</xCoord>
          <yCoord>303</yCoord>
        </edgeMap>
        <edgeMap>
          <xCoord>143</xCoord>
          <yCoord>304</yCoord>
        </edgeMap>
        <edgeMap>
          <xCoord>143</xCoord>
          <yCoord>305</yCoord>
        </edgeMap>
        <edgeMap>
          <xCoord>144</xCoord>
          <yCoord>305</yCoord>
        </edgeMap>
        <edgeMap>
          <xCoord>145</xCoord>
          <yCoord>305</yCoord>
        </edgeMap>
        <edgeMap>
          <xCoord>146</xCoord>
          <yCoord>305</yCoord>
        </edgeMap>
        <edgeMap>
          <xCoord>147</xCoord>
          <yCoord>306</yCoord>
        </edgeMap>
        <edgeMap>
          <xCoord>147</xCoord>
          <yCoord>307</yCoord>
        </edgeMap>
        <edgeMap>
          <xCoord>146</xCoord>
          <yCoord>308</yCoord>
        </edgeMap>
        <edgeMap>
          <xCoord>147</xCoord>
          <yCoord>307</yCoord>
        </edgeMap>
        <edgeMap>
          <xCoord>148</xCoord>
          <yCoord>306</yCoord>
        </edgeMap>
        <edgeMap>
          <xCoord>149</xCoord>
          <yCoord>306</yCoord>
        </edgeMap>
        <edgeMap>
          <xCoord>150</xCoord>
          <yCoord>307</yCoord>
        </edgeMap>
        <edgeMap>
          <xCoord>150</xCoord>
          <yCoord>308</yCoord>
        </edgeMap>
        <edgeMap>
          <xCoord>151</xCoord>
          <yCoord>308</yCoord>
        </edgeMap>
        <edgeMap>
          <xCoord>152</xCoord>
          <yCoord>309</yCoord>
        </edgeMap>
        <edgeMap>
          <xCoord>153</xCoord>
          <yCoord>309</yCoord>
        </edgeMap>
        <edgeMap>
          <xCoord>154</xCoord>
          <yCoord>309</yCoord>
        </edgeMap>
      </roi>
      <roi>
        <imageZposition>-83.25</imageZposition>
        <imageSOP_UID>1.3.6.1.4.1.14519.5.2.1.6279.6001.314550272994872306369644757935</imageSOP_UID>
        <inclusion>TRUE</inclusion>
        <edgeMap>
          <xCoord>148</xCoord>
          <yCoord>308</yCoord>
        </edgeMap>
        <edgeMap>
          <xCoord>148</xCoord>
          <yCoord>307</yCoord>
        </edgeMap>
        <edgeMap>
          <xCoord>148</xCoord>
          <yCoord>306</yCoord>
        </edgeMap>
        <edgeMap>
          <xCoord>149</xCoord>
          <yCoord>305</yCoord>
        </edgeMap>
        <edgeMap>
          <xCoord>150</xCoord>
          <yCoord>305</yCoord>
        </edgeMap>
        <edgeMap>
          <xCoord>151</xCoord>
          <yCoord>304</yCoord>
        </edgeMap>
        <edgeMap>
          <xCoord>152</xCoord>
          <yCoord>304</yCoord>
        </edgeMap>
        <edgeMap>
          <xCoord>153</xCoord>
          <yCoord>304</yCoord>
        </edgeMap>
        <edgeMap>
          <xCoord>153</xCoord>
          <yCoord>303</yCoord>
        </edgeMap>
        <edgeMap>
          <xCoord>152</xCoord>
          <yCoord>303</yCoord>
        </edgeMap>
        <edgeMap>
          <xCoord>151</xCoord>
          <yCoord>302</yCoord>
        </edgeMap>
        <edgeMap>
          <xCoord>151</xCoord>
          <yCoord>301</yCoord>
        </edgeMap>
        <edgeMap>
          <xCoord>150</xCoord>
          <yCoord>301</yCoord>
        </edgeMap>
        <edgeMap>
          <xCoord>149</xCoord>
          <yCoord>300</yCoord>
        </edgeMap>
        <edgeMap>
          <xCoord>149</xCoord>
          <yCoord>299</yCoord>
        </edgeMap>
        <edgeMap>
          <xCoord>148</xCoord>
          <yCoord>298</yCoord>
        </edgeMap>
        <edgeMap>
          <xCoord>147</xCoord>
          <yCoord>299</yCoord>
        </edgeMap>
        <edgeMap>
          <xCoord>146</xCoord>
          <yCoord>298</yCoord>
        </edgeMap>
        <edgeMap>
          <xCoord>146</xCoord>
          <yCoord>297</yCoord>
        </edgeMap>
        <edgeMap>
          <xCoord>146</xCoord>
          <yCoord>296</yCoord>
        </edgeMap>
        <edgeMap>
          <xCoord>145</xCoord>
          <yCoord>296</yCoord>
        </edgeMap>
        <edgeMap>
          <xCoord>144</xCoord>
          <yCoord>297</yCoord>
        </edgeMap>
        <edgeMap>
          <xCoord>143</xCoord>
          <yCoord>298</yCoord>
        </edgeMap>
        <edgeMap>
          <xCoord>142</xCoord>
          <yCoord>298</yCoord>
        </edgeMap>
        <edgeMap>
          <xCoord>141</xCoord>
          <yCoord>299</yCoord>
        </edgeMap>
        <edgeMap>
          <xCoord>142</xCoord>
          <yCoord>298</yCoord>
        </edgeMap>
        <edgeMap>
          <xCoord>143</xCoord>
          <yCoord>298</yCoord>
        </edgeMap>
        <edgeMap>
          <xCoord>144</xCoord>
          <yCoord>298</yCoord>
        </edgeMap>
        <edgeMap>
          <xCoord>145</xCoord>
          <yCoord>299</yCoord>
        </edgeMap>
        <edgeMap>
          <xCoord>144</xCoord>
          <yCoord>300</yCoord>
        </edgeMap>
        <edgeMap>
          <xCoord>143</xCoord>
          <yCoord>300</yCoord>
        </edgeMap>
        <edgeMap>
          <xCoord>143</xCoord>
          <yCoord>301</yCoord>
        </edgeMap>
        <edgeMap>
          <xCoord>144</xCoord>
          <yCoord>302</yCoord>
        </edgeMap>
        <edgeMap>
          <xCoord>143</xCoord>
          <yCoord>303</yCoord>
        </edgeMap>
        <edgeMap>
          <xCoord>143</xCoord>
          <yCoord>304</yCoord>
        </edgeMap>
        <edgeMap>
          <xCoord>143</xCoord>
          <yCoord>305</yCoord>
        </edgeMap>
        <edgeMap>
          <xCoord>144</xCoord>
          <yCoord>305</yCoord>
        </edgeMap>
        <edgeMap>
          <xCoord>145</xCoord>
          <yCoord>305</yCoord>
        </edgeMap>
        <edgeMap>
          <xCoord>146</xCoord>
          <yCoord>305</yCoord>
        </edgeMap>
        <edgeMap>
          <xCoord>147</xCoord>
          <yCoord>306</yCoord>
        </edgeMap>
        <edgeMap>
          <xCoord>148</xCoord>
          <yCoord>307</yCoord>
        </edgeMap>
        <edgeMap>
          <xCoord>147</xCoord>
          <yCoord>308</yCoord>
        </edgeMap>
        <edgeMap>
          <xCoord>146</xCoord>
          <yCoord>308</yCoord>
        </edgeMap>
        <edgeMap>
          <xCoord>147</xCoord>
          <yCoord>308</yCoord>
        </edgeMap>
        <edgeMap>
          <xCoord>148</xCoord>
          <yCoord>308</yCoord>
        </edgeMap>
      </roi>
      <roi>
        <imageZposition>-83.25</imageZposition>
        <imageSOP_UID>1.3.6.1.4.1.14519.5.2.1.6279.6001.314550272994872306369644757935</imageSOP_UID>
        <inclusion>FALSE</inclusion>
        <edgeMap>
          <xCoord>148</xCoord>
          <yCoord>303</yCoord>
        </edgeMap>
        <edgeMap>
          <xCoord>149</xCoord>
          <yCoord>302</yCoord>
        </edgeMap>
        <edgeMap>
          <xCoord>150</xCoord>
          <yCoord>303</yCoord>
        </edgeMap>
        <edgeMap>
          <xCoord>149</xCoord>
          <yCoord>304</yCoord>
        </edgeMap>
        <edgeMap>
          <xCoord>148</xCoord>
          <yCoord>303</yCoord>
        </edgeMap>
      </roi>
      <roi>
        <imageZposition>-85.75</imageZposition>
        <imageSOP_UID>1.3.6.1.4.1.14519.5.2.1.6279.6001.140721706716780816213896572682</imageSOP_UID>
        <inclusion>TRUE</inclusion>
        <edgeMap>
          <xCoord>147</xCoord>
          <yCoord>305</yCoord>
        </edgeMap>
        <edgeMap>
          <xCoord>147</xCoord>
          <yCoord>304</yCoord>
        </edgeMap>
        <edgeMap>
          <xCoord>147</xCoord>
          <yCoord>303</yCoord>
        </edgeMap>
        <edgeMap>
          <xCoord>146</xCoord>
          <yCoord>302</yCoord>
        </edgeMap>
        <edgeMap>
          <xCoord>146</xCoord>
          <yCoord>301</yCoord>
        </edgeMap>
        <edgeMap>
          <xCoord>145</xCoord>
          <yCoord>300</yCoord>
        </edgeMap>
        <edgeMap>
          <xCoord>144</xCoord>
          <yCoord>301</yCoord>
        </edgeMap>
        <edgeMap>
          <xCoord>143</xCoord>
          <yCoord>301</yCoord>
        </edgeMap>
        <edgeMap>
          <xCoord>144</xCoord>
          <yCoord>301</yCoord>
        </edgeMap>
        <edgeMap>
          <xCoord>145</xCoord>
          <yCoord>301</yCoord>
        </edgeMap>
        <edgeMap>
          <xCoord>146</xCoord>
          <yCoord>302</yCoord>
        </edgeMap>
        <edgeMap>
          <xCoord>146</xCoord>
          <yCoord>303</yCoord>
        </edgeMap>
        <edgeMap>
          <xCoord>147</xCoord>
          <yCoord>304</yCoord>
        </edgeMap>
        <edgeMap>
          <xCoord>147</xCoord>
          <yCoord>305</yCoord>
        </edgeMap>
      </roi>
    </unblindedReadNodule>
    <unblindedReadNodule>
      <noduleID>IL057_123348</noduleID>
      <roi>
        <imageZposition>-198.25</imageZposition>
        <imageSOP_UID>1.3.6.1.4.1.14519.5.2.1.6279.6001.250870494351149481650263463150</imageSOP_UID>
        <inclusion>TRUE</inclusion>
        <edgeMap>
          <xCoord>64</xCoord>
          <yCoord>239</yCoord>
        </edgeMap>
      </roi>
    </unblindedReadNodule>
    <nonNodule>
      <nonNoduleID>IL057_123345</nonNoduleID>
      <imageZposition>-248.25</imageZposition>
      <imageSOP_UID>1.3.6.1.4.1.14519.5.2.1.6279.6001.197624115671240103752064421474</imageSOP_UID>
      <locus>
        <xCoord>211</xCoord>
        <yCoord>326</yCoord>
      </locus>
    </nonNodule>
    <nonNodule>
      <nonNoduleID>IL057_123346</nonNoduleID>
      <imageZposition>-130.75</imageZposition>
      <imageSOP_UID>1.3.6.1.4.1.14519.5.2.1.6279.6001.178323329849089768953911085766</imageSOP_UID>
      <locus>
        <xCoord>342</xCoord>
        <yCoord>417</yCoord>
      </locus>
    </nonNodule>
  </readingSession>
</LidcReadMessage>