<?xml version="1.0" encoding="UTF-8"?>
<LidcReadMessage uid="1.3.6.1.4.1.14519.5.2.1.6279.6001.1307390728007.0" xmlns="http://www.nih.gov" xmlns:xsi="http://www.w3.org/2001/XMLSchema-instance" xsi:schemaLocation="http://www.nih.gov       http://troll.rad.med.umich.edu/lidc/LidcReadMessage.xsd">
  <ResponseHeader>
    <Version>1.8</Version>
    <MessageId>UM1.3.6.1.4.1.9328.50.12.494699</MessageId>
    <DateRequest>2009-01-26</DateRequest>
    <TimeRequest>00:00:00</TimeRequest>
    <RequestingSite>removed</RequestingSite>
    <ServicingSite>removed</ServicingSite>
    <TaskDescription>Second unblinded read</TaskDescription>
    <CtImageFile>removed</CtImageFile>
    <SeriesInstanceUid>1.3.6.1.4.1.14519.5.2.1.6279.6001.465032801496479029639448332481</SeriesInstanceUid>
    <DateService>2009-01-26</DateService>
    <TimeService>00:00:00</TimeService>
    <ResponseDescription>1 - Reading complete</ResponseDescription>
  <StudyInstanceUID>1.3.6.1.4.1.14519.5.2.1.6279.6001.182529561822199780545440408033</StudyInstanceUID></ResponseHeader>
<readingSession>
<annotationVersion>3.12</annotationVersion>
<servicingRadiologistID>anon</servicingRadiologistID>
<unblindedReadNodule>
<noduleID>174198</noduleID>
<roi>
<imageZposition>-213.75</imageZposition>
<imageSOP_UID>1.3.6.1.4.1.14519.5.2.1.6279.6001.682289148310544863585170909102</imageSOP_UID>
<inclusion>TRUE</inclusion>
<edgeMap>
<xCoord>346</xCoord>
<yCoord>154</yCoord>
</edgeMap>
</roi>
</unblindedReadNodule>
<nonNodule>
<nonNoduleID>174199</nonNoduleID>
<imageZposition>-28.75</imageZposition>
<imageSOP_UID>1.3.6.1.4.1.14519.5.2.1.6279.6001.187186769152564395335702756710</imageSOP_UID>
<locus>
<xCoord>205</xCoord>
<yCoord>284</yCoord>
</locus>
</nonNodule>
<nonNodule>
<nonNoduleID>174200</nonNoduleID>
<imageZposition>-48.75</imageZposition>
<imageSOP_UID>1.3.6.1.4.1.14519.5.2.1.6279.6001.223576996536290717155598041913</imageSOP_UID>
<locus>
<xCoord>185</xCoord>
<yCoord>326</yCoord>
</locus>
</nonNodule>
<nonNodule>
<nonNoduleID>174201</nonNoduleID>
<imageZposition>-103.75</imageZposition>
<imageSOP_UID>1.3.6.1.4.1.14519.5.2.1.6279.6001.269061045474522598099001258788</imageSOP_UID>
<locus>
<xCoord>201</xCoord>
<yCoord>238</yCoord>
</locus>
</nonNodule>
<nonNodule>
<nonNoduleID>174194</nonNoduleID>
<imageZposition>-263.75</imageZposition>
<imageSOP_UID>1.3.6.1.4.1.14519.5.2.1.6279.6001.279731198876035219700975282872</imageSOP_UID>
<locus>
<xCoord>98</xCoord>
<yCoord>298</yCoord>
</locus>
</nonNodule>
<nonNodule>
<nonNoduleID>174202</nonNoduleID>
<imageZposition>-28.75</imageZposition>
<imageSOP_UID>1.3.6.1.4.1.14519.5.2.1.6279.6001.187186769152564395335702756710</imageSOP_UID>
<locus>
<xCoord>334</xCoord>
<yCoord>299</yCoord>
</locus>
</nonNodule>
<nonNodule>
<nonNoduleID>174203</nonNoduleID>
<imageZposition>-56.25</imageZposition>
<imageSOP_UID>1.3.6.1.4.1.14519.5.2.1.6279.6001.303724511509541520857760032014</imageSOP_UID>
<locus>
<xCoord>378</xCoord>
<yCoord>324</yCoord>
</locus>
</nonNodule>
<nonNodule>
<nonNoduleID>174205</nonNoduleID>
<imageZposition>-226.25</imageZposition>
<imageSOP_UID>1.3.6.1.4.1.14519.5.2.1.6279.6001.220106900823689647140677582885</imageSOP_UID>
<locus>
<xCoord>351</xCoord>
<yCoord>157</yCoord>
</locus>
</nonNodule>
<nonNodule>
<nonNoduleID>174206</nonNoduleID>
<imageZposition>-51.25</imageZposition>
<imageSOP_UID>1.3.6.1.4.1.14519.5.2.1.6279.6001.721788565290853046256164649812</imageSOP_UID>
<locus>
<xCoord>185</xCoord>
<yCoord>324</yCoord>
</locus>
</nonNodule>
<nonNodule>
<nonNoduleID>174208</nonNoduleID>
<imageZposition>-261.25</imageZposition>
<imageSOP_UID>1.3.6.1.4.1.14519.5.2.1.6279.6001.132085212462333328876977528965</imageSOP_UID>
<locus>
<xCoord>173</xCoord>
<yCoord>320</yCoord>
</locus>
</nonNodule>
<nonNodule>
<nonNoduleID>174209</nonNoduleID>
<imageZposition>-261.25</imageZposition>
<imageSOP_UID>1.3.6.1.4.1.14519.5.2.1.6279.6001.132085212462333328876977528965</imageSOP_UID>
<locus>
<xCoord>158</xCoord>
<yCoord>327</yCoord>
</locus>
</nonNodule>
<nonNodule>
<nonNoduleID>174211</nonNoduleID>
<imageZposition>-33.75</imageZposition>
<imageSOP_UID>1.3.6.1.4.1.14519.5.2.1.6279.6001.184244822217550264071883892533</imageSOP_UID>
<locus>
<xCoord>311</xCoord>
<yCoord>306</yCoord>
</locus>
</nonNodule>
<nonNodule>
<nonNoduleID>174214</nonNoduleID>
<imageZposition>-31.25</imageZposition>
<imageSOP_UID>1.3.6.1.4.1.14519.5.2.1.6279.6001.221272037395912092660506215946</imageSOP_UID>
<locus>
<xCoord>209</xCoord>
<yCoord>284</yCoord>
</locus>
</nonNodule>
<nonNodule>
<nonNoduleID>174215</nonNoduleID>
<imageZposition>-98.75</imageZposition>
<imageSOP_UID>1.3.6.1.4.1.14519.5.2.1.6279.6001.203722989910166835516464430085</imageSOP_UID>
<locus>
<xCoord>203</xCoord>
<yCoord>231</yCoord>
</locus>
</nonNodule>
<nonNodule>
<nonNoduleID>174216</nonNoduleID>
<imageZposition>-46.25</imageZposition>
<imageSOP_UID>1.3.6.1.4.1.14519.5.2.1.6279.6001.166607001484892391869837353612</imageSOP_UID>
<locus>
<xCoord>181</xCoord>
<yCoord>323</yCoord>
</locus>
</nonNodule>
<nonNodule>
<nonNoduleID>174217</nonNoduleID>
<imageZposition>-31.25</imageZposition>
<imageSOP_UID>1.3.6.1.4.1.14519.5.2.1.6279.6001.221272037395912092660506215946</imageSOP_UID>
<locus>
<xCoord>322</xCoord>
<yCoord>305</yCoord>
</locus>
</nonNodule>
</readingSession>
	<readingSession>
		<annotationVersion>3.12</annotationVersion>
		<servicingRadiologistID>anon</servicingRadiologistID>
			<unblindedReadNodule>
				<noduleID>3</noduleID>
				<characteristics>
					<subtlety>3</subtlety>
					<internalStructure>1</internalStructure>
					<calcification>6</calcification>
					<sphericity>2</sphericity>
					<margin>3</margin>
					<lobulation>1</lobulation>
					<spiculation>1</spiculation>
					<texture>5</texture>
					<malignancy>1</malignancy>
				</characteristics>
				<roi>
					<imageZposition>-263.75</imageZposition>
					<imageSOP_UID>1.3.6.1.4.1.14519.5.2.1.6279.6001.279731198876035219700975282872</imageSOP_UID>
					<inclusion>TRUE</inclusion>
					<edgeMap>
					<xCoord>95</xCoord>
					<yCoord>293</yCoord>
					</edgeMap>
					<edgeMap>
					<xCoord>96</xCoord>
					<yCoord>293</yCoord>
					</edgeMap>
					<edgeMap>
					<xCoord>97</xCoord>
					<yCoord>292</yCoord>
					</edgeMap>
					<edgeMap>
					<xCoord>98</xCoord>
					<yCoord>293</yCoord>
					</edgeMap>
					<edgeMap>
					<xCoord>99</xCoord>
					<yCoord>294</yCoord>
					</edgeMap>
					<edgeMap>
					<xCoord>100</xCoord>
					<yCoord>294</yCoord>
					</edgeMap>
					<edgeMap>
					<xCoord>100</xCoord>
					<yCoord>295</yCoord>
					</edgeMap>
					<edgeMap>
					<xCoord>101</xCoord>
					<yCoord>296</yCoord>
					</edgeMap>
					<edgeMap>
					<xCoord>102</xCoord>
					<yCoord>297</yCoord>
					</edgeMap>
					<edgeMap>
					<xCoord>102</xCoord>
					<yCoord>298</yCoord>
					</edgeMap>
					<edgeMap>
					<xCoord>102</xCoord>
					<yCoord>299</yCoord>
					</edgeMap>
					<edgeMap>
					<xCoord>102</xCoord>
					<yCoord>300</yCoord>
					</edgeMap>
					<edgeMap>
					<xCoord>102</xCoord>
					<yCoord>301</yCoord>
					</edgeMap>
					<edgeMap>
					<xCoord>101</xCoord>
					<yCoord>302</yCoord>
					</edgeMap>
					<edgeMap>
					<xCoord>100</xCoord>
					<yCoord>302</yCoord>
					</edgeMap>
					<edgeMap>
					<xCoord>99</xCoord>
					<yCoord>302</yCoord>
					</edgeMap>
					<edgeMap>
					<xCoord>98</xCoord>
					<yCoord>301</yCoord>
					</edgeMap>
					<edgeMap>
					<xCoord>97</xCoord>
					<yCoord>300</yCoord>
					</edgeMap>
					<edgeMap>
					<xCoord>97</xCoord>
					<yCoord>299</yCoord>
					</edgeMap>
					<edgeMap>
					<xCoord>96</xCoord>
					<yCoord>298</yCoord>
					</edgeMap>
					<edgeMap>
					<xCoord>96</xCoord>
					<yCoord>297</yCoord>
					</edgeMap>
					<edgeMap>
					<xCoord>95</xCoord>
					<yCoord>296</yCoord>
					</edgeMap>
					<edgeMap>
					<xCoord>95</xCoord>
					<yCoord>295</yCoord>
					</edgeMap>
					<edgeMap>
					<xCoord>95</xCoord>
					<yCoord>294</yCoord>
					</edgeMap>
					<edgeMap>
					<xCoord>95</xCoord>
					<yCoord>293</yCoord>
					</edgeMap>
				</roi>
				<roi>
					<imageZposition>-266.25</imageZposition>
					<imageSOP_UID>1.3.6.1.4.1.14519.5.2.1.6279.6001.875561891610030683335321518344</imageSOP_UID>
					<inclusion>TRUE</inclusion>
					<edgeMap>
					<xCoord>95</xCoord>
					<yCoord>292</yCoord>
					</edgeMap>
					<edgeMap>
					<xCoord>96</xCoord>
					<yCoord>293</yCoord>
					</edgeMap>
					<edgeMap>
					<xCoord>97</xCoord>
					<yCoord>293</yCoord>
					</edgeMap>
					<edgeMap>
					<xCoord>98</xCoord>
					<yCoord>294</yCoord>
					</edgeMap>
					<edgeMap>
					<xCoord>99</xCoord>
					<yCoord>295</yCoord>
					</edgeMap>
					<edgeMap>
					<xCoord>100</xCoord>
					<yCoord>296</yCoord>
					</edgeMap>
					<edgeMap>
					<xCoord>101</xCoord>
					<yCoord>297</yCoord>
					</edgeMap>
					<edgeMap>
					<xCoord>101</xCoord>
					<yCoord>298</yCoord>
					</edgeMap>
					<edgeMap>
					<xCoord>101</xCoord>
					<yCoord>299</yCoord>
					</edgeMap>
					<edgeMap>
					<xCoord>100</xCoord>
					<yCoord>300</yCoord>
					</edgeMap>
					<edgeMap>
					<xCoord>100</xCoord>
					<yCoord>301</yCoord>
					</edgeMap>
					<edgeMap>
					<xCoord>99</xCoord>
					<yCoord>301</yCoord>
					</edgeMap>
					<edgeMap>
					<xCoord>99</xCoord>
					<yCoord>300</yCoord>
					</edgeMap>
					<edgeMap>
					<xCoord>98</xCoord>
					<yCoord>299</yCoord>
					</edgeMap>
					<edgeMap>
					<xCoord>97</xCoord>
					<yCoord>299</yCoord>
					</edgeMap>
					<edgeMap>
					<xCoord>96</xCoord>
					<yCoord>298</yCoord>
					</edgeMap>
					<edgeMap>
					<xCoord>96</xCoord>
					<yCoord>297</yCoord>
					</edgeMap>
					<edgeMap>
					<xCoord>96</xCoord>
					<yCoord>296</yCoord>
					</edgeMap>
					<edgeMap>
					<xCoord>96</xCoord>
					<yCoord>295</yCoord>
					</edgeMap>
					<edgeMap>
					<xCoord>95</xCoord>
					<yCoord>294</yCoord>
					</edgeMap>
					<edgeMap>
					<xCoord>95</xCoord>
					<yCoord>293</yCoord>
					</edgeMap>
					<edgeMap>
					<xCoord>95</xCoord>
					<yCoord>292</yCoord>
					</edgeMap>
				</roi>
			</unblindedReadNodule>
			<unblindedReadNodule>
				<noduleID>4</noduleID>
				<roi>
					<imageZposition>-213.75</imageZposition>
					<imageSOP_UID>1.3.6.1.4.1.14519.5.2.1.6279.6001.682289148310544863585170909102</imageSOP_UID>
					<inclusion>TRUE</inclusion>
					<edgeMap>
					<xCoord>347</xCoord>
					<yCoord>154</yCoord>
					</edgeMap>
				</roi>
			</unblindedReadNodule>
			<nonNodule>
				<nonNoduleID>0</nonNoduleID>
				<imageZposition>-31.25</imageZposition>
				<imageSOP_UID>1.3.6.1.4.1.14519.5.2.1.6279.6001.221272037395912092660506215946</imageSOP_UID>
				<locus>
					<xCoord>209</xCoord>
					<yCoord>284</yCoord>
				</locus>
			</nonNodule>
			<nonNodule>
				<nonNoduleID>1</nonNoduleID>
				<imageZposition>-31.25</imageZposition>
				<imageSOP_UID>1.3.6.1.4.1.14519.5.2.1.6279.6001.221272037395912092660506215946</imageSOP_UID>
				<locus>
					<xCoord>320</xCoord>
					<yCoord>299</yCoord>
				</locus>
			</nonNodule>
			<nonNodule>
				<nonNoduleID>2</nonNoduleID>
				<imageZposition>-98.75</imageZposition>
				<imageSOP_UID>1.3.6.1.4.1.14519.5.2.1.6279.6001.203722989910166835516464430085</imageSOP_UID>
				<locus>
					<xCoord>203</xCoord>
					<yCoord>231</yCoord>
				</locus>
			</nonNodule>
	</readingSession>
  <readingSession>
    <annotationVersion>3.12</annotationVersion>
    <servicingRadiologistID>anon</servicingRadiologistID>
    <unblindedReadNodule>
      <noduleID>172377</noduleID>
      <characteristics>
        <subtlety>3</subtlety>
        <internalStructure>1</internalStructure>
        <calcification>6</calcification>
        <sphericity>3</sphericity>
        <margin>5</margin>
        <lobulation>1</lobulation>
        <spiculation>1</spiculation>
        <texture>5</texture>
        <malignancy>3</malignancy>
      </characteristics>
      <roi>
        <imageZposition>-261.25</imageZposition>
        <imageSOP_UID>1.3.6.1.4.1.14519.5.2.1.6279.6001.132085212462333328876977528965</imageSOP_UID>
        <inclusion>TRUE</inclusion>
        <edgeMap>
          <xCoord>101</xCoord>
          <yCoord>301</yCoord>
        </edgeMap>
        <edgeMap>
          <xCoord>101</xCoord>
          <yCoord>300</yCoord>
        </edgeMap>
        <edgeMap>
          <xCoord>101</xCoord>
          <yCoord>299</yCoord>
        </edgeMap>
        <edgeMap>
          <xCoord>101</xCoord>
          <yCoord>298</yCoord>
        </edgeMap>
        <edgeMap>
          <xCoord>101</xCoord>
          <yCoord>297</yCoord>
        </edgeMap>
        <edgeMap>
          <xCoord>101</xCoord>
          <yCoord>296</yCoord>
        </edgeMap>
        <edgeMap>
          <xCoord>100</xCoord>
          <yCoord>296</yCoord>
        </edgeMap>
        <edgeMap>
          <xCoord>99</xCoord>
          <yCoord>295</yCoord>
        </edgeMap>
        <edgeMap>
          <xCoord>99</xCoord>
          <yCoord>296</yCoord>
        </edgeMap>
        <edgeMap>
          <xCoord>99</xCoord>
          <yCoord>297</yCoord>
        </edgeMap>
        <edgeMap>
          <xCoord>98</xCoord>
          <yCoord>298</yCoord>
        </edgeMap>
        <edgeMap>
          <xCoord>98</xCoord>
          <yCoord>299</yCoord>
        </edgeMap>
        <edgeMap>
          <xCoord>97</xCoord>
          <yCoord>300</yCoord>
        </edgeMap>
        <edgeMap>
          <xCoord>97</xCoord>
          <yCoord>301</yCoord>
        </edgeMap>
        <edgeMap>
          <xCoord>98</xCoord>
          <yCoord>301</yCoord>
        </edgeMap>
        <edgeMap>
          <xCoord>99</xCoord>
          <yCoord>301</yCoord>
        </edgeMap>
        <edgeMap>
          <xCoord>100</xCoord>
          <yCoord>301</yCoord>
        </edgeMap>
        <edgeMap>
          <xCoord>101</xCoord>
          <yCoord>301</yCoord>
        </edgeMap>
      </roi>
      <roi>
        <imageZposition>-263.75</imageZposition>
        <imageSOP_UID>1.3.6.1.4.1.14519.5.2.1.6279.6001.279731198876035219700975282872</imageSOP_UID>
        <inclusion>TRUE</inclusion>
        <edgeMap>
          <xCoord>99</xCoord>
          <yCoord>303</yCoord>
        </edgeMap>
        <edgeMap>
          <xCoord>100</xCoord>
          <yCoord>302</yCoord>
        </edgeMap>
        <edgeMap>
          <xCoord>101</xCoord>
          <yCoord>302</yCoord>
        </edgeMap>
        <edgeMap>
          <xCoord>102</xCoord>
          <yCoord>301</yCoord>
        </edgeMap>
        <edgeMap>
          <xCoord>102</xCoord>
          <yCoord>300</yCoord>
        </edgeMap>
        <edgeMap>
          <xCoord>102</xCoord>
          <yCoord>299</yCoord>
        </edgeMap>
        <edgeMap>
          <xCoord>102</xCoord>
          <yCoord>298</yCoord>
        </edgeMap>
        <edgeMap>
          <xCoord>102</xCoord>
          <yCoord>297</yCoord>
        </edgeMap>
        <edgeMap>
          <xCoord>101</xCoord>
          <yCoord>296</yCoord>
        </edgeMap>
        <edgeMap>
          <xCoord>101</xCoord>
          <yCoord>295</yCoord>
        </edgeMap>
        <edgeMap>
          <xCoord>100</xCoord>
          <yCoord>294</yCoord>
        </edgeMap>
        <edgeMap>
          <xCoord>99</xCoord>
          <yCoord>294</yCoord>
        </edgeMap>
        <edgeMap>
          <xCoord>98</xCoord>
          <yCoord>293</yCoord>
        </edgeMap>
        <edgeMap>
          <xCoord>97</xCoord>
          <yCoord>293</yCoord>
        </edgeMap>
        <edgeMap>
          <xCoord>96</xCoord>
          <yCoord>292</yCoord>
        </edgeMap>
        <edgeMap>
          <xCoord>95</xCoord>
          <yCoord>293</yCoord>
        </edgeMap>
        <edgeMap>
          <xCoord>94</xCoord>
          <yCoord>293</yCoord>
        </edgeMap>
        <edgeMap>
          <xCoord>93</xCoord>
          <yCoord>294</yCoord>
        </edgeMap>
        <edgeMap>
          <xCoord>94</xCoord>
          <yCoord>295</yCoord>
        </edgeMap>
        <edgeMap>
          <xCoord>94</xCoord>
          <yCoord>296</yCoord>
        </edgeMap>
        <edgeMap>
          <xCoord>94</xCoord>
          <yCoord>297</yCoord>
        </edgeMap>
        <edgeMap>
          <xCoord>95</xCoord>
          <yCoord>298</yCoord>
        </edgeMap>
        <edgeMap>
          <xCoord>95</xCoord>
          <yCoord>299</yCoord>
        </edgeMap>
        <edgeMap>
          <xCoord>96</xCoord>
          <yCoord>300</yCoord>
        </edgeMap>
        <edgeMap>
          <xCoord>97</xCoord>
          <yCoord>301</yCoord>
        </edgeMap>
        <edgeMap>
          <xCoord>98</xCoord>
          <yCoord>302</yCoord>
        </edgeMap>
        <edgeMap>
          <xCoord>99</xCoord>
          <yCoord>303</yCoord>
        </edgeMap>
      </roi>
      <roi>
        <imageZposition>-266.25</imageZposition>
        <imageSOP_UID>1.3.6.1.4.1.14519.5.2.1.6279.6001.875561891610030683335321518344</imageSOP_UID>
        <inclusion>TRUE</inclusion>
        <edgeMap>
          <xCoord>100</xCoord>
          <yCoord>301</yCoord>
        </edgeMap>
        <edgeMap>
          <xCoord>100</xCoord>
          <yCoord>300</yCoord>
        </edgeMap>
        <edgeMap>
          <xCoord>100</xCoord>
          <yCoord>299</yCoord>
        </edgeMap>
        <edgeMap>
          <xCoord>100</xCoord>
          <yCoord>298</yCoord>
        </edgeMap>
        <edgeMap>
          <xCoord>100</xCoord>
          <yCoord>297</yCoord>
        </edgeMap>
        <edgeMap>
          <xCoord>100</xCoord>
          <yCoord>296</yCoord>
        </edgeMap>
        <edgeMap>
          <xCoord>100</xCoord>
          <yCoord>295</yCoord>
        </edgeMap>
        <edgeMap>
          <xCoord>99</xCoord>
          <yCoord>294</yCoord>
        </edgeMap>
        <edgeMap>
          <xCoord>99</xCoord>
          <yCoord>293</yCoord>
        </edgeMap>
        <edgeMap>
          <xCoord>98</xCoord>
          <yCoord>292</yCoord>
        </edgeMap>
        <edgeMap>
          <xCoord>97</xCoord>
          <yCoord>292</yCoord>
        </edgeMap>
        <edgeMap>
          <xCoord>96</xCoord>
          <yCoord>291</yCoord>
        </edgeMap>
        <edgeMap>
          <xCoord>95</xCoord>
          <yCoord>292</yCoord>
        </edgeMap>
        <edgeMap>
          <xCoord>95</xCoord>
          <yCoord>293</yCoord>
        </edgeMap>
        <edgeMap>
          <xCoord>95</xCoord>
          <yCoord>294</yCoord>
        </edgeMap>
        <edgeMap>
          <xCoord>95</xCoord>
          <yCoord>295</yCoord>
        </edgeMap>
        <edgeMap>
          <xCoord>95</xCoord>
          <yCoord>296</yCoord>
        </edgeMap>
        <edgeMap>
          <xCoord>95</xCoord>
          <yCoord>297</yCoord>
        </edgeMap>
        <edgeMap>
          <xCoord>96</xCoord>
          <yCoord>298</yCoord>
        </edgeMap>
        <edgeMap>
          <xCoord>97</xCoord>
          <yCoord>299</yCoord>
        </edgeMap>
        <edgeMap>
          <xCoord>98</xCoord>
          <yCoord>300</yCoord>
        </edgeMap>
        <edgeMap>
          <xCoord>98</xCoord>
          <yCoord>301</yCoord>
        </edgeMap>
        <edgeMap>
          <xCoord>99</xCoord>
          <yCoord>301</yCoord>
        </edgeMap>
        <edgeMap>
          <xCoord>100</xCoord>
          <yCoord>301</yCoord>
        </edgeMap>
      </roi>
    </unblindedReadNodule>
    <unblindedReadNodule>
      <noduleID>184231</noduleID>
      <roi>
        <imageZposition>-213.75</imageZposition>
        <imageSOP_UID>1.3.6.1.4.1.14519.5.2.1.6279.6001.682289148310544863585170909102</imageSOP_UID>
        <inclusion>TRUE</inclusion>
        <edgeMap>
          <xCoord>347</xCoord>
          <yCoord>154</yCoord>
        </edgeMap>
      </roi>
    </unblindedReadNodule>
    <nonNodule>
      <nonNoduleID>172390</nonNoduleID>
      <imageZposition>-51.25</imageZposition>
      <imageSOP_UID>1.3.6.1.4.1.14519.5.2.1.6279.6001.721788565290853046256164649812</imageSOP_UID>
      <locus>
        <xCoord>185</xCoord>
        <yCoord>324</yCoord>
      </locus>
    </nonNodule>
    <nonNodule>
      <nonNoduleID>172391</nonNoduleID>
      <imageZposition>-103.75</imageZposition>
      <imageSOP_UID>1.3.6.1.4.1.14519.5.2.1.6279.6001.269061045474522598099001258788</imageSOP_UID>
      <locus>
        <xCoord>200</xCoord>
        <yCoord>256</yCoord>
      </locus>
    </nonNodule>
    <nonNodule>
      <nonNoduleID>172392</nonNoduleID>
      <imageZposition>-261.25</imageZposition>
      <imageSOP_UID>1.3.6.1.4.1.14519.5.2.1.6279.6001.132085212462333328876977528965</imageSOP_UID>
      <locus>
        <xCoord>173</xCoord>
        <yCoord>320</yCoord>
      </locus>
    </nonNodule>
    <nonNodule>
      <nonNoduleID>172393</nonNoduleID>
      <imageZposition>-261.25</imageZposition>
      <imageSOP_UID>1.3.6.1.4.1.14519.5.2.1.6279.6001.132085212462333328876977528965</imageSOP_UID>
      <locus>
        <xCoord>158</xCoord>
        <yCoord>327</yCoord>
      </locus>
    </nonNodule>
    <nonNodule>
      <nonNoduleID>172394</nonNoduleID>
      <imageZposition>-48.75</imageZposition>
      <imageSOP_UID>1.3.6.1.4.1.14519.5.2.1.6279.6001.223576996536290717155598041913</imageSOP_UID>
      <locus>
        <xCoord>368</xCoord>
        <yCoord>313</yCoord>
      </locus>
    </nonNodule>
    <nonNodule>
      <nonNoduleID>172395</nonNoduleID>
      <imageZposition>-33.75</imageZposition>
      <imageSOP_UID>1.3.6.1.4.1.14519.5.2.1.6279.6001.184244822217550264071883892533</imageSOP_UID>
      <locus>
        <xCoord>311</xCoord>
        <yCoord>306</yCoord>
      </locus>
    </nonNodule>
    <nonNodule>
      <nonNoduleID>172396</nonNoduleID>
      <imageZposition>-28.75</imageZposition>
      <imageSOP_UID>1.3.6.1.4.1.14519.5.2.1.6279.6001.187186769152564395335702756710</imageSOP_UID>
      <locus>
        <xCoord>203</xCoord>
        <yCoord>288</yCoord>
      </locus>
    </nonNodule>
  </readingSession>
  <readingSession>
    <annotationVersion>3.12</annotationVersion>
    <servicingRadiologistID>anon</servicingRadiologistID>
    <unblindedReadNodule>
      <noduleID>Nodule 001</noduleID>
      <roi>
        <imageZposition>-213.750</imageZposition>
        <imageSOP_UID>1.3.6.1.4.1.14519.5.2.1.6279.6001.682289148310544863585170909102</imageSOP_UID>
        <inclusion>TRUE</inclusion>
        <edgeMap>
          <xCoord>346</xCoord>
          <yCoord>154</yCoord>
        </edgeMap>
      </roi>
    </unblindedReadNodule>
    <nonNodule>
      <nonNoduleID>_Non-nodule 001</nonNoduleID>
      <imageZposition>-46.250 </imageZposition>
      <imageSOP_UID>1.3.6.1.4.1.14519.5.2.1.6279.6001.166607001484892391869837353612</imageSOP_UID>
      <locus>
        <xCoord>181</xCoord>
        <yCoord>323</yCoord>
      </locus>
    </nonNodule>
    <nonNodule>
      <nonNoduleID>_Non-nodule 002</nonNoduleID>
      <imageZposition>-263.750</imageZposition>
      <imageSOP_UID>1.3.6.1.4.1.14519.5.2.1.6279.6001.279731198876035219700975282872</imageSOP_UID>
      <locus>
        <xCoord>97</xCoord>
        <yCoord>297</yCoord>
      </locus>
    </nonNodule>
    <nonNodule>
      <nonNoduleID>_Non-nodule 003</nonNoduleID>
      <imageZposition>-31.250 </imageZposition>
      <imageSOP_UID>1.3.6.1.4.1.14519.5.2.1.6279.6001.221272037395912092660506215946</imageSOP_UID>
      <locus>
        <xCoord>322</xCoord>
        <yCoord>305</yCoord>
      </locus>
    </nonNodule>
    <nonNodule>
      <nonNoduleID>_Non-nodule 004</nonNoduleID>
      <imageZposition>-56.250 </imageZposition>
      <imageSOP_UID>1.3.6.1.4.1.14519.5.2.1.6279.6001.303724511509541520857760032014</imageSOP_UID>
      <locus>
        <xCoord>378</xCoord>
        <yCoord>321</yCoord>
      </locus>
    </nonNodule>
    <nonNodule>
      <nonNoduleID>_Non-nodule 005</nonNoduleID>
      <imageZposition>-261.250</imageZposition>
      <imageSOP_UID>1.3.6.1.4.1.14519.5.2.1.6279.6001.132085212462333328876977528965</imageSOP_UID>
      <locus>
        <xCoord>156</xCoord>
        <yCoord>328</yCoord>
      </locus>
    </nonNodule>
    <nonNodule>
      <nonNoduleID>_Non-nodule 006</nonNoduleID>
      <imageZposition>-261.250</imageZposition>
      <imageSOP_UID>1.3.6.1.4.1.14519.5.2.1.6279.6001.132085212462333328876977528965</imageSOP_UID>
      <locus>
        <xCoord>172</xCoord>
        <yCoord>320</yCoord>
      </locus>
    </nonNodule>
    <nonNodule>
      <nonNoduleID>_Non-nodule 007</nonNoduleID>
      <imageZposition>-51.250 </imageZposition>
      <imageSOP_UID>1.3.6.1.4.1.14519.5.2.1.6279.6001.721788565290853046256164649812</imageSOP_UID>
      <locus>
        <xCoord>185</xCoord>
        <yCoord>324</yCoord>
      </locus>
    </nonNodule>
    <nonNodule>
      <nonNoduleID>_Non-nodule 008</nonNoduleID>
      <imageZposition>-28.750 </imageZposition>
      <imageSOP_UID>1.3.6.1.4.1.14519.5.2.1.6279.6001.187186769152564395335702756710</imageSOP_UID>
      <locus>
        <xCoord>205</xCoord>
        <yCoord>285</yCoord>
      </locus>
    </nonNodule>
  </readingSession>
</LidcReadMessage>