<?xml version="1.0" encoding="UTF-8"?>
<LidcReadMessage uid="1.3.6.1.4.1.14519.5.2.1.6279.6001.1307390655236.0" xmlns="http://www.nih.gov" xmlns:xsi="http://www.w3.org/2001/XMLSchema-instance" xsi:schemaLocation="http://www.nih.gov       http://troll.rad.med.umich.edu/lidc/LidcReadMessage.xsd">
  <ResponseHeader>
    <Version>1.8</Version>
    <MessageId>UM1.3.6.1.4.1.9328.50.12.491224</MessageId>
    <DateRequest>2009-01-26</DateRequest>
    <TimeRequest>00:00:00</TimeRequest>
    <RequestingSite>removed</RequestingSite>
    <ServicingSite>removed</ServicingSite>
    <TaskDescription>Second unblinded read</TaskDescription>
    <CtImageFile>removed</CtImageFile>
    <SeriesInstanceUid>1.3.6.1.4.1.14519.5.2.1.6279.6001.113697708991260454310623082679</SeriesInstanceUid>
    <DateService>2009-01-26</DateService>
    <TimeService>00:00:00</TimeService>
    <ResponseDescription>1 - Reading complete</ResponseDescription>
  <StudyInstanceUID>1.3.6.1.4.1.14519.5.2.1.6279.6001.145676616748203729170191829666</StudyInstanceUID></ResponseHeader>
<readingSession>
<annotationVersion>3.12</annotationVersion>
<servicingRadiologistID>anon</servicingRadiologistID>
<unblindedReadNodule>
<noduleID>174060</noduleID>
<roi>
<imageZposition>-116.25</imageZposition>
<imageSOP_UID>1.3.6.1.4.1.14519.5.2.1.6279.6001.431378517473038895848910580595</imageSOP_UID>
<inclusion>TRUE</inclusion>
<edgeMap>
<xCoord>159</xCoord>
<yCoord>188</yCoord>
</edgeMap>
</roi>
</unblindedReadNodule>
<unblindedReadNodule>
<noduleID>174056</noduleID>
<characteristics>
<subtlety>4</subtlety>
<internalStructure>1</internalStructure>
<calcification>6</calcification>
<sphericity>3</sphericity>
<margin>3</margin>
<lobulation>2</lobulation>
<spiculation>2</spiculation>
<texture>5</texture>
<malignancy>3</malignancy>
</characteristics>
<roi>
<imageZposition>-191.25</imageZposition>
<imageSOP_UID>1.3.6.1.4.1.14519.5.2.1.6279.6001.673679970582750441173061561581</imageSOP_UID>
<inclusion>TRUE</inclusion>
<edgeMap>
<xCoord>76</xCoord>
<yCoord>312</yCoord>
</edgeMap>
<edgeMap>
<xCoord>77</xCoord>
<yCoord>311</yCoord>
</edgeMap>
<edgeMap>
<xCoord>78</xCoord>
<yCoord>310</yCoord>
</edgeMap>
<edgeMap>
<xCoord>77</xCoord>
<yCoord>309</yCoord>
</edgeMap>
<edgeMap>
<xCoord>78</xCoord>
<yCoord>308</yCoord>
</edgeMap>
<edgeMap>
<xCoord>78</xCoord>
<yCoord>307</yCoord>
</edgeMap>
<edgeMap>
<xCoord>78</xCoord>
<yCoord>306</yCoord>
</edgeMap>
<edgeMap>
<xCoord>77</xCoord>
<yCoord>305</yCoord>
</edgeMap>
<edgeMap>
<xCoord>77</xCoord>
<yCoord>304</yCoord>
</edgeMap>
<edgeMap>
<xCoord>76</xCoord>
<yCoord>303</yCoord>
</edgeMap>
<edgeMap>
<xCoord>76</xCoord>
<yCoord>302</yCoord>
</edgeMap>
<edgeMap>
<xCoord>75</xCoord>
<yCoord>301</yCoord>
</edgeMap>
<edgeMap>
<xCoord>74</xCoord>
<yCoord>302</yCoord>
</edgeMap>
<edgeMap>
<xCoord>73</xCoord>
<yCoord>302</yCoord>
</edgeMap>
<edgeMap>
<xCoord>72</xCoord>
<yCoord>303</yCoord>
</edgeMap>
<edgeMap>
<xCoord>71</xCoord>
<yCoord>303</yCoord>
</edgeMap>
<edgeMap>
<xCoord>70</xCoord>
<yCoord>304</yCoord>
</edgeMap>
<edgeMap>
<xCoord>70</xCoord>
<yCoord>305</yCoord>
</edgeMap>
<edgeMap>
<xCoord>70</xCoord>
<yCoord>306</yCoord>
</edgeMap>
<edgeMap>
<xCoord>70</xCoord>
<yCoord>307</yCoord>
</edgeMap>
<edgeMap>
<xCoord>70</xCoord>
<yCoord>308</yCoord>
</edgeMap>
<edgeMap>
<xCoord>71</xCoord>
<yCoord>309</yCoord>
</edgeMap>
<edgeMap>
<xCoord>72</xCoord>
<yCoord>310</yCoord>
</edgeMap>
<edgeMap>
<xCoord>73</xCoord>
<yCoord>310</yCoord>
</edgeMap>
<edgeMap>
<xCoord>74</xCoord>
<yCoord>311</yCoord>
</edgeMap>
<edgeMap>
<xCoord>75</xCoord>
<yCoord>312</yCoord>
</edgeMap>
<edgeMap>
<xCoord>76</xCoord>
<yCoord>312</yCoord>
</edgeMap>
</roi>
<roi>
<imageZposition>-193.75</imageZposition>
<imageSOP_UID>1.3.6.1.4.1.14519.5.2.1.6279.6001.964496990972165550746839493435</imageSOP_UID>
<inclusion>TRUE</inclusion>
<edgeMap>
<xCoord>75</xCoord>
<yCoord>312</yCoord>
</edgeMap>
<edgeMap>
<xCoord>76</xCoord>
<yCoord>311</yCoord>
</edgeMap>
<edgeMap>
<xCoord>77</xCoord>
<yCoord>310</yCoord>
</edgeMap>
<edgeMap>
<xCoord>77</xCoord>
<yCoord>309</yCoord>
</edgeMap>
<edgeMap>
<xCoord>77</xCoord>
<yCoord>308</yCoord>
</edgeMap>
<edgeMap>
<xCoord>78</xCoord>
<yCoord>307</yCoord>
</edgeMap>
<edgeMap>
<xCoord>77</xCoord>
<yCoord>306</yCoord>
</edgeMap>
<edgeMap>
<xCoord>77</xCoord>
<yCoord>305</yCoord>
</edgeMap>
<edgeMap>
<xCoord>76</xCoord>
<yCoord>304</yCoord>
</edgeMap>
<edgeMap>
<xCoord>76</xCoord>
<yCoord>303</yCoord>
</edgeMap>
<edgeMap>
<xCoord>76</xCoord>
<yCoord>302</yCoord>
</edgeMap>
<edgeMap>
<xCoord>75</xCoord>
<yCoord>301</yCoord>
</edgeMap>
<edgeMap>
<xCoord>74</xCoord>
<yCoord>301</yCoord>
</edgeMap>
<edgeMap>
<xCoord>73</xCoord>
<yCoord>302</yCoord>
</edgeMap>
<edgeMap>
<xCoord>73</xCoord>
<yCoord>303</yCoord>
</edgeMap>
<edgeMap>
<xCoord>73</xCoord>
<yCoord>304</yCoord>
</edgeMap>
<edgeMap>
<xCoord>72</xCoord>
<yCoord>305</yCoord>
</edgeMap>
<edgeMap>
<xCoord>71</xCoord>
<yCoord>305</yCoord>
</edgeMap>
<edgeMap>
<xCoord>70</xCoord>
<yCoord>306</yCoord>
</edgeMap>
<edgeMap>
<xCoord>70</xCoord>
<yCoord>307</yCoord>
</edgeMap>
<edgeMap>
<xCoord>70</xCoord>
<yCoord>308</yCoord>
</edgeMap>
<edgeMap>
<xCoord>70</xCoord>
<yCoord>309</yCoord>
</edgeMap>
<edgeMap>
<xCoord>70</xCoord>
<yCoord>310</yCoord>
</edgeMap>
<edgeMap>
<xCoord>70</xCoord>
<yCoord>311</yCoord>
</edgeMap>
<edgeMap>
<xCoord>71</xCoord>
<yCoord>312</yCoord>
</edgeMap>
<edgeMap>
<xCoord>72</xCoord>
<yCoord>311</yCoord>
</edgeMap>
<edgeMap>
<xCoord>73</xCoord>
<yCoord>311</yCoord>
</edgeMap>
<edgeMap>
<xCoord>74</xCoord>
<yCoord>312</yCoord>
</edgeMap>
<edgeMap>
<xCoord>75</xCoord>
<yCoord>312</yCoord>
</edgeMap>
</roi>
</unblindedReadNodule>
<unblindedReadNodule>
<noduleID>174066</noduleID>
<roi>
<imageZposition>-121.25</imageZposition>
<imageSOP_UID>1.3.6.1.4.1.14519.5.2.1.6279.6001.228317734976538562334385450148</imageSOP_UID>
<inclusion>TRUE</inclusion>
<edgeMap>
<xCoord>188</xCoord>
<yCoord>172</yCoord>
</edgeMap>
</roi>
</unblindedReadNodule>
<nonNodule>
<nonNoduleID>174064</nonNoduleID>
<imageZposition>-138.75</imageZposition>
<imageSOP_UID>1.3.6.1.4.1.14519.5.2.1.6279.6001.271449278590142652542499632519</imageSOP_UID>
<locus>
<xCoord>409</xCoord>
<yCoord>255</yCoord>
</locus>
</nonNodule>
<nonNodule>
<nonNoduleID>174065</nonNoduleID>
<imageZposition>-68.75</imageZposition>
<imageSOP_UID>1.3.6.1.4.1.14519.5.2.1.6279.6001.664228573417776101455005449405</imageSOP_UID>
<locus>
<xCoord>212</xCoord>
<yCoord>267</yCoord>
</locus>
</nonNodule>
</readingSession>
	<readingSession>
		<annotationVersion>3.12</annotationVersion>
		<servicingRadiologistID>anon</servicingRadiologistID>
			<unblindedReadNodule>
				<noduleID>0</noduleID>
				<roi>
					<imageZposition>-116.25</imageZposition>
					<imageSOP_UID>1.3.6.1.4.1.14519.5.2.1.6279.6001.431378517473038895848910580595</imageSOP_UID>
					<inclusion>TRUE</inclusion>
					<edgeMap>
					<xCoord>158</xCoord>
					<yCoord>189</yCoord>
					</edgeMap>
				</roi>
			</unblindedReadNodule>
			<unblindedReadNodule>
				<noduleID>1</noduleID>
				<roi>
					<imageZposition>-191.25</imageZposition>
					<imageSOP_UID>1.3.6.1.4.1.14519.5.2.1.6279.6001.673679970582750441173061561581</imageSOP_UID>
					<inclusion>TRUE</inclusion>
					<edgeMap>
					<xCoord>74</xCoord>
					<yCoord>306</yCoord>
					</edgeMap>
				</roi>
			</unblindedReadNodule>
			<unblindedReadNodule>
				<noduleID>2</noduleID>
				<roi>
					<imageZposition>-138.75</imageZposition>
					<imageSOP_UID>1.3.6.1.4.1.14519.5.2.1.6279.6001.271449278590142652542499632519</imageSOP_UID>
					<inclusion>TRUE</inclusion>
					<edgeMap>
					<xCoord>408</xCoord>
					<yCoord>254</yCoord>
					</edgeMap>
				</roi>
			</unblindedReadNodule>
			<unblindedReadNodule>
				<noduleID>3</noduleID>
				<roi>
					<imageZposition>-121.25</imageZposition>
					<imageSOP_UID>1.3.6.1.4.1.14519.5.2.1.6279.6001.228317734976538562334385450148</imageSOP_UID>
					<inclusion>TRUE</inclusion>
					<edgeMap>
					<xCoord>187</xCoord>
					<yCoord>171</yCoord>
					</edgeMap>
				</roi>
			</unblindedReadNodule>
	</readingSession>
  <readingSession>
    <annotationVersion>3.12</annotationVersion>
    <servicingRadiologistID>anon</servicingRadiologistID>
    <unblindedReadNodule>
      <noduleID>172310</noduleID>
      <roi>
        <imageZposition>-116.25</imageZposition>
        <imageSOP_UID>1.3.6.1.4.1.14519.5.2.1.6279.6001.431378517473038895848910580595</imageSOP_UID>
        <inclusion>TRUE</inclusion>
        <edgeMap>
          <xCoord>159</xCoord>
          <yCoord>189</yCoord>
        </edgeMap>
      </roi>
    </unblindedReadNodule>
    <unblindedReadNodule>
      <noduleID>172306</noduleID>
      <characteristics>
        <subtlety>2</subtlety>
        <internalStructure>1</internalStructure>
        <calcification>6</calcification>
        <sphericity>3</sphericity>
        <margin>3</margin>
        <lobulation>1</lobulation>
        <spiculation>1</spiculation>
        <texture>1</texture>
        <malignancy>3</malignancy>
      </characteristics>
      <roi>
        <imageZposition>-191.25</imageZposition>
        <imageSOP_UID>1.3.6.1.4.1.14519.5.2.1.6279.6001.673679970582750441173061561581</imageSOP_UID>
        <inclusion>TRUE</inclusion>
        <edgeMap>
          <xCoord>76</xCoord>
          <yCoord>312</yCoord>
        </edgeMap>
        <edgeMap>
          <xCoord>77</xCoord>
          <yCoord>311</yCoord>
        </edgeMap>
        <edgeMap>
          <xCoord>77</xCoord>
          <yCoord>310</yCoord>
        </edgeMap>
        <edgeMap>
          <xCoord>77</xCoord>
          <yCoord>309</yCoord>
        </edgeMap>
        <edgeMap>
          <xCoord>77</xCoord>
          <yCoord>308</yCoord>
        </edgeMap>
        <edgeMap>
          <xCoord>77</xCoord>
          <yCoord>307</yCoord>
        </edgeMap>
        <edgeMap>
          <xCoord>78</xCoord>
          <yCoord>306</yCoord>
        </edgeMap>
        <edgeMap>
          <xCoord>77</xCoord>
          <yCoord>305</yCoord>
        </edgeMap>
        <edgeMap>
          <xCoord>77</xCoord>
          <yCoord>304</yCoord>
        </edgeMap>
        <edgeMap>
          <xCoord>76</xCoord>
          <yCoord>303</yCoord>
        </edgeMap>
        <edgeMap>
          <xCoord>76</xCoord>
          <yCoord>302</yCoord>
        </edgeMap>
        <edgeMap>
          <xCoord>75</xCoord>
          <yCoord>301</yCoord>
        </edgeMap>
        <edgeMap>
          <xCoord>74</xCoord>
          <yCoord>302</yCoord>
        </edgeMap>
        <edgeMap>
          <xCoord>73</xCoord>
          <yCoord>302</yCoord>
        </edgeMap>
        <edgeMap>
          <xCoord>72</xCoord>
          <yCoord>303</yCoord>
        </edgeMap>
        <edgeMap>
          <xCoord>71</xCoord>
          <yCoord>303</yCoord>
        </edgeMap>
        <edgeMap>
          <xCoord>70</xCoord>
          <yCoord>304</yCoord>
        </edgeMap>
        <edgeMap>
          <xCoord>71</xCoord>
          <yCoord>305</yCoord>
        </edgeMap>
        <edgeMap>
          <xCoord>71</xCoord>
          <yCoord>306</yCoord>
        </edgeMap>
        <edgeMap>
          <xCoord>71</xCoord>
          <yCoord>307</yCoord>
        </edgeMap>
        <edgeMap>
          <xCoord>71</xCoord>
          <yCoord>308</yCoord>
        </edgeMap>
        <edgeMap>
          <xCoord>71</xCoord>
          <yCoord>309</yCoord>
        </edgeMap>
        <edgeMap>
          <xCoord>72</xCoord>
          <yCoord>310</yCoord>
        </edgeMap>
        <edgeMap>
          <xCoord>73</xCoord>
          <yCoord>310</yCoord>
        </edgeMap>
        <edgeMap>
          <xCoord>74</xCoord>
          <yCoord>311</yCoord>
        </edgeMap>
        <edgeMap>
          <xCoord>75</xCoord>
          <yCoord>312</yCoord>
        </edgeMap>
        <edgeMap>
          <xCoord>76</xCoord>
          <yCoord>312</yCoord>
        </edgeMap>
      </roi>
      <roi>
        <imageZposition>-193.75</imageZposition>
        <imageSOP_UID>1.3.6.1.4.1.14519.5.2.1.6279.6001.964496990972165550746839493435</imageSOP_UID>
        <inclusion>TRUE</inclusion>
        <edgeMap>
          <xCoord>75</xCoord>
          <yCoord>311</yCoord>
        </edgeMap>
        <edgeMap>
          <xCoord>76</xCoord>
          <yCoord>310</yCoord>
        </edgeMap>
        <edgeMap>
          <xCoord>77</xCoord>
          <yCoord>309</yCoord>
        </edgeMap>
        <edgeMap>
          <xCoord>77</xCoord>
          <yCoord>308</yCoord>
        </edgeMap>
        <edgeMap>
          <xCoord>77</xCoord>
          <yCoord>307</yCoord>
        </edgeMap>
        <edgeMap>
          <xCoord>77</xCoord>
          <yCoord>306</yCoord>
        </edgeMap>
        <edgeMap>
          <xCoord>76</xCoord>
          <yCoord>305</yCoord>
        </edgeMap>
        <edgeMap>
          <xCoord>75</xCoord>
          <yCoord>304</yCoord>
        </edgeMap>
        <edgeMap>
          <xCoord>74</xCoord>
          <yCoord>304</yCoord>
        </edgeMap>
        <edgeMap>
          <xCoord>73</xCoord>
          <yCoord>304</yCoord>
        </edgeMap>
        <edgeMap>
          <xCoord>72</xCoord>
          <yCoord>305</yCoord>
        </edgeMap>
        <edgeMap>
          <xCoord>71</xCoord>
          <yCoord>306</yCoord>
        </edgeMap>
        <edgeMap>
          <xCoord>72</xCoord>
          <yCoord>307</yCoord>
        </edgeMap>
        <edgeMap>
          <xCoord>71</xCoord>
          <yCoord>308</yCoord>
        </edgeMap>
        <edgeMap>
          <xCoord>72</xCoord>
          <yCoord>309</yCoord>
        </edgeMap>
        <edgeMap>
          <xCoord>73</xCoord>
          <yCoord>310</yCoord>
        </edgeMap>
        <edgeMap>
          <xCoord>74</xCoord>
          <yCoord>311</yCoord>
        </edgeMap>
        <edgeMap>
          <xCoord>75</xCoord>
          <yCoord>311</yCoord>
        </edgeMap>
      </roi>
    </unblindedReadNodule>
    <unblindedReadNodule>
      <noduleID>172312</noduleID>
      <roi>
        <imageZposition>-138.75</imageZposition>
        <imageSOP_UID>1.3.6.1.4.1.14519.5.2.1.6279.6001.271449278590142652542499632519</imageSOP_UID>
        <inclusion>TRUE</inclusion>
        <edgeMap>
          <xCoord>408</xCoord>
          <yCoord>254</yCoord>
        </edgeMap>
      </roi>
    </unblindedReadNodule>
    <unblindedReadNodule>
      <noduleID>172315</noduleID>
      <roi>
        <imageZposition>-121.25</imageZposition>
        <imageSOP_UID>1.3.6.1.4.1.14519.5.2.1.6279.6001.228317734976538562334385450148</imageSOP_UID>
        <inclusion>TRUE</inclusion>
        <edgeMap>
          <xCoord>188</xCoord>
          <yCoord>172</yCoord>
        </edgeMap>
      </roi>
    </unblindedReadNodule>
    <nonNodule>
      <nonNoduleID>172314</nonNoduleID>
      <imageZposition>-68.75</imageZposition>
      <imageSOP_UID>1.3.6.1.4.1.14519.5.2.1.6279.6001.664228573417776101455005449405</imageSOP_UID>
      <locus>
        <xCoord>212</xCoord>
        <yCoord>267</yCoord>
      </locus>
    </nonNodule>
  </readingSession>
  <readingSession>
    <annotationVersion>3.12</annotationVersion>
    <servicingRadiologistID>anon</servicingRadiologistID>
    <unblindedReadNodule>
      <noduleID>Nodule 001</noduleID>
      <roi>
        <imageZposition>-121.250</imageZposition>
        <imageSOP_UID>1.3.6.1.4.1.14519.5.2.1.6279.6001.228317734976538562334385450148</imageSOP_UID>
        <inclusion>TRUE</inclusion>
        <edgeMap>
          <xCoord>188</xCoord>
          <yCoord>172</yCoord>
        </edgeMap>
      </roi>
    </unblindedReadNodule>
    <unblindedReadNodule>
      <noduleID>Nodule 002</noduleID>
      <roi>
        <imageZposition>-191.250</imageZposition>
        <imageSOP_UID>1.3.6.1.4.1.14519.5.2.1.6279.6001.673679970582750441173061561581</imageSOP_UID>
        <inclusion>TRUE</inclusion>
        <edgeMap>
          <xCoord>74</xCoord>
          <yCoord>307</yCoord>
        </edgeMap>
      </roi>
    </unblindedReadNodule>
    <unblindedReadNodule>
      <noduleID>Nodule 003</noduleID>
      <roi>
        <imageZposition>-116.250</imageZposition>
        <imageSOP_UID>1.3.6.1.4.1.14519.5.2.1.6279.6001.431378517473038895848910580595</imageSOP_UID>
        <inclusion>TRUE</inclusion>
        <edgeMap>
          <xCoord>158</xCoord>
          <yCoord>189</yCoord>
        </edgeMap>
      </roi>
    </unblindedReadNodule>
    <nonNodule>
      <nonNoduleID>_Non-nodule 001</nonNoduleID>
      <imageZposition>-138.750</imageZposition>
      <imageSOP_UID>1.3.6.1.4.1.14519.5.2.1.6279.6001.271449278590142652542499632519</imageSOP_UID>
      <locus>
        <xCoord>407</xCoord>
        <yCoord>254</yCoord>
      </locus>
    </nonNodule>
  </readingSession>
</LidcReadMessage>