<?xml version="1.0" encoding="UTF-8"?>
<LidcReadMessage uid="1.3.6.1.4.1.14519.5.2.1.6279.6001.1307390668404.0" xmlns="http://www.nih.gov" xmlns:xsi="http://www.w3.org/2001/XMLSchema-instance" xsi:schemaLocation="http://www.nih.gov  http://troll.rad.med.umich.edu/lidc/LidcReadMessage.xsd">
<ResponseHeader>
	<Version>1.8</Version>
	<MessageId>NIH222</MessageId>
        <DateRequest>2006-02-16</DateRequest>
        <TimeRequest>00:00:00</TimeRequest>
	<RequestingSite>removed</RequestingSite>
	<ServicingSite>removed</ServicingSite>
	<TaskDescription>Second unblinded read</TaskDescription>
	<CtImageFile>removed</CtImageFile>
	<SeriesInstanceUid>1.3.6.1.4.1.14519.5.2.1.6279.6001.172845185165807139298420209778</SeriesInstanceUid>
	<DateService>2008-08-29</DateService>
	<TimeService>13:13:35</TimeService>
<ResponseDescription>1 - Reading complete</ResponseDescription>
<StudyInstanceUID>1.3.6.1.4.1.14519.5.2.1.6279.6001.193060940991432251540234479399</StudyInstanceUID></ResponseHeader>
<readingSession>
<annotationVersion>3.12</annotationVersion>
<servicingRadiologistID>anon</servicingRadiologistID>
<unblindedReadNodule>
<noduleID>7349</noduleID>
<roi>
<imageZposition>-120.25</imageZposition>
<imageSOP_UID>1.3.6.1.4.1.14519.5.2.1.6279.6001.234947866628164052031298340902</imageSOP_UID>
<inclusion>TRUE</inclusion>
<edgeMap>
<xCoord>401</xCoord>
<yCoord>245</yCoord>
</edgeMap>
</roi>
</unblindedReadNodule>
<nonNodule>
<nonNoduleID>7354</nonNoduleID>
<imageZposition>-95.25</imageZposition>
<imageSOP_UID>1.3.6.1.4.1.14519.5.2.1.6279.6001.244694440158529624429383944755</imageSOP_UID>
<locus>
<xCoord>185</xCoord>
<yCoord>272</yCoord>
</locus>
</nonNodule>
<nonNodule>
<nonNoduleID>7355</nonNoduleID>
<imageZposition>-200.25</imageZposition>
<imageSOP_UID>1.3.6.1.4.1.14519.5.2.1.6279.6001.252543436393574326270034032331</imageSOP_UID>
<locus>
<xCoord>76</xCoord>
<yCoord>304</yCoord>
</locus>
</nonNodule>
<nonNodule>
<nonNoduleID>7356</nonNoduleID>
<imageZposition>-271.5</imageZposition>
<imageSOP_UID>1.3.6.1.4.1.14519.5.2.1.6279.6001.102258458296634863296449202459</imageSOP_UID>
<locus>
<xCoord>333</xCoord>
<yCoord>190</yCoord>
</locus>
</nonNodule>
<nonNodule>
<nonNoduleID>7357</nonNoduleID>
<imageZposition>-231.5</imageZposition>
<imageSOP_UID>1.3.6.1.4.1.14519.5.2.1.6279.6001.280431294296946022001854319777</imageSOP_UID>
<locus>
<xCoord>380</xCoord>
<yCoord>328</yCoord>
</locus>
</nonNodule>
<nonNodule>
<nonNoduleID>7358</nonNoduleID>
<imageZposition>-107.75</imageZposition>
<imageSOP_UID>1.3.6.1.4.1.14519.5.2.1.6279.6001.217585375291908944932246390233</imageSOP_UID>
<locus>
<xCoord>326</xCoord>
<yCoord>296</yCoord>
</locus>
</nonNodule>
<nonNodule>
<nonNoduleID>7359</nonNoduleID>
<imageZposition>-102.75</imageZposition>
<imageSOP_UID>1.3.6.1.4.1.14519.5.2.1.6279.6001.142565734068729025145775269016</imageSOP_UID>
<locus>
<xCoord>379</xCoord>
<yCoord>282</yCoord>
</locus>
</nonNodule>
<nonNodule>
<nonNoduleID>7360</nonNoduleID>
<imageZposition>-122.75</imageZposition>
<imageSOP_UID>1.3.6.1.4.1.14519.5.2.1.6279.6001.211942015648359263614583136188</imageSOP_UID>
<locus>
<xCoord>386</xCoord>
<yCoord>263</yCoord>
</locus>
</nonNodule>
<nonNodule>
<nonNoduleID>7361</nonNoduleID>
<imageZposition>-169.0</imageZposition>
<imageSOP_UID>1.3.6.1.4.1.14519.5.2.1.6279.6001.512458454197525063215492827858</imageSOP_UID>
<locus>
<xCoord>359</xCoord>
<yCoord>225</yCoord>
</locus>
</nonNodule>
<nonNodule>
<nonNoduleID>7342</nonNoduleID>
<imageZposition>-100.25</imageZposition>
<imageSOP_UID>1.3.6.1.4.1.14519.5.2.1.6279.6001.113249242103129459490921205224</imageSOP_UID>
<locus>
<xCoord>190</xCoord>
<yCoord>266</yCoord>
</locus>
</nonNodule>
<nonNodule>
<nonNoduleID>7343</nonNoduleID>
<imageZposition>-129.0</imageZposition>
<imageSOP_UID>1.3.6.1.4.1.14519.5.2.1.6279.6001.292303360927752160868214663531</imageSOP_UID>
<locus>
<xCoord>299</xCoord>
<yCoord>279</yCoord>
</locus>
</nonNodule>
<nonNodule>
<nonNoduleID>7344</nonNoduleID>
<imageZposition>-295.25</imageZposition>
<imageSOP_UID>1.3.6.1.4.1.14519.5.2.1.6279.6001.260739910362289545172678276522</imageSOP_UID>
<locus>
<xCoord>92</xCoord>
<yCoord>170</yCoord>
</locus>
</nonNodule>
<nonNodule>
<nonNoduleID>7345</nonNoduleID>
<imageZposition>-167.75</imageZposition>
<imageSOP_UID>1.3.6.1.4.1.14519.5.2.1.6279.6001.376369930886029184840117735828</imageSOP_UID>
<locus>
<xCoord>353</xCoord>
<yCoord>229</yCoord>
</locus>
</nonNodule>
<nonNodule>
<nonNoduleID>7346</nonNoduleID>
<imageZposition>-129.0</imageZposition>
<imageSOP_UID>1.3.6.1.4.1.14519.5.2.1.6279.6001.292303360927752160868214663531</imageSOP_UID>
<locus>
<xCoord>303</xCoord>
<yCoord>274</yCoord>
</locus>
</nonNodule>
<nonNodule>
<nonNoduleID>7347</nonNoduleID>
<imageZposition>-104.0</imageZposition>
<imageSOP_UID>1.3.6.1.4.1.14519.5.2.1.6279.6001.134749882189935963323717892680</imageSOP_UID>
<locus>
<xCoord>190</xCoord>
<yCoord>276</yCoord>
</locus>
</nonNodule>
<nonNodule>
<nonNoduleID>7348</nonNoduleID>
<imageZposition>-171.5</imageZposition>
<imageSOP_UID>1.3.6.1.4.1.14519.5.2.1.6279.6001.103741582755740050020116919950</imageSOP_UID>
<locus>
<xCoord>156</xCoord>
<yCoord>324</yCoord>
</locus>
</nonNodule>
<nonNodule>
<nonNoduleID>7351</nonNoduleID>
<imageZposition>-219.0</imageZposition>
<imageSOP_UID>1.3.6.1.4.1.14519.5.2.1.6279.6001.230585565031066109323214421580</imageSOP_UID>
<locus>
<xCoord>375</xCoord>
<yCoord>320</yCoord>
</locus>
</nonNodule>
<nonNodule>
<nonNoduleID>7352</nonNoduleID>
<imageZposition>-101.5</imageZposition>
<imageSOP_UID>1.3.6.1.4.1.14519.5.2.1.6279.6001.321917314985362010162259821024</imageSOP_UID>
<locus>
<xCoord>198</xCoord>
<yCoord>270</yCoord>
</locus>
</nonNodule>
<nonNodule>
<nonNoduleID>7353</nonNoduleID>
<imageZposition>-125.25</imageZposition>
<imageSOP_UID>1.3.6.1.4.1.14519.5.2.1.6279.6001.154755253439563400132564631957</imageSOP_UID>
<locus>
<xCoord>301</xCoord>
<yCoord>274</yCoord>
</locus>
</nonNodule>
</readingSession>
  <readingSession>
    <annotationVersion>3.12</annotationVersion>
<servicingRadiologistID>anon</servicingRadiologistID>
    <unblindedReadNodule>
      <noduleID>IL057_157609</noduleID>
      <roi>
        <imageZposition>-120.25</imageZposition>
        <imageSOP_UID>1.3.6.1.4.1.14519.5.2.1.6279.6001.234947866628164052031298340902</imageSOP_UID>
        <inclusion>TRUE</inclusion>
        <edgeMap>
          <xCoord>401</xCoord>
          <yCoord>245</yCoord>
        </edgeMap>
      </roi>
    </unblindedReadNodule>
    <nonNodule>
      <nonNoduleID>IL057_157602</nonNoduleID>
      <imageZposition>-100.25</imageZposition>
      <imageSOP_UID>1.3.6.1.4.1.14519.5.2.1.6279.6001.113249242103129459490921205224</imageSOP_UID>
      <locus>
        <xCoord>190</xCoord>
        <yCoord>266</yCoord>
      </locus>
    </nonNodule>
    <nonNodule>
      <nonNoduleID>IL057_157603</nonNoduleID>
      <imageZposition>-129.0</imageZposition>
      <imageSOP_UID>1.3.6.1.4.1.14519.5.2.1.6279.6001.292303360927752160868214663531</imageSOP_UID>
      <locus>
        <xCoord>299</xCoord>
        <yCoord>279</yCoord>
      </locus>
    </nonNodule>
    <nonNodule>
      <nonNoduleID>IL057_157604</nonNoduleID>
      <imageZposition>-295.25</imageZposition>
      <imageSOP_UID>1.3.6.1.4.1.14519.5.2.1.6279.6001.260739910362289545172678276522</imageSOP_UID>
      <locus>
        <xCoord>92</xCoord>
        <yCoord>170</yCoord>
      </locus>
    </nonNodule>
  </readingSession>
<readingSession>
<annotationVersion>3.12</annotationVersion>
<servicingRadiologistID>anon</servicingRadiologistID>
<unblindedReadNodule>
<noduleID>54113</noduleID>
<roi>
<imageZposition>-120.25</imageZposition>
<imageSOP_UID>1.3.6.1.4.1.14519.5.2.1.6279.6001.234947866628164052031298340902</imageSOP_UID>
<inclusion>TRUE</inclusion>
<edgeMap>
<xCoord>401</xCoord>
<yCoord>244</yCoord>
</edgeMap>
</roi>
</unblindedReadNodule>
<nonNodule>
<nonNoduleID>54108</nonNoduleID>
<imageZposition>-167.75</imageZposition>
<imageSOP_UID>1.3.6.1.4.1.14519.5.2.1.6279.6001.376369930886029184840117735828</imageSOP_UID>
<locus>
<xCoord>353</xCoord>
<yCoord>229</yCoord>
</locus>
</nonNodule>
<nonNodule>
<nonNoduleID>54109</nonNoduleID>
<imageZposition>-129.0</imageZposition>
<imageSOP_UID>1.3.6.1.4.1.14519.5.2.1.6279.6001.292303360927752160868214663531</imageSOP_UID>
<locus>
<xCoord>303</xCoord>
<yCoord>274</yCoord>
</locus>
</nonNodule>
<nonNodule>
<nonNoduleID>54110</nonNoduleID>
<imageZposition>-104.0</imageZposition>
<imageSOP_UID>1.3.6.1.4.1.14519.5.2.1.6279.6001.134749882189935963323717892680</imageSOP_UID>
<locus>
<xCoord>190</xCoord>
<yCoord>276</yCoord>
</locus>
</nonNodule>
<nonNodule>
<nonNoduleID>54111</nonNoduleID>
<imageZposition>-171.5</imageZposition>
<imageSOP_UID>1.3.6.1.4.1.14519.5.2.1.6279.6001.103741582755740050020116919950</imageSOP_UID>
<locus>
<xCoord>156</xCoord>
<yCoord>324</yCoord>
</locus>
</nonNodule>
<nonNodule>
<nonNoduleID>54107</nonNoduleID>
<imageZposition>-295.25</imageZposition>
<imageSOP_UID>1.3.6.1.4.1.14519.5.2.1.6279.6001.260739910362289545172678276522</imageSOP_UID>
<locus>
<xCoord>92</xCoord>
<yCoord>170</yCoord>
</locus>
</nonNodule>
<nonNodule>
<nonNoduleID>54114</nonNoduleID>
<imageZposition>-219.0</imageZposition>
<imageSOP_UID>1.3.6.1.4.1.14519.5.2.1.6279.6001.230585565031066109323214421580</imageSOP_UID>
<locus>
<xCoord>375</xCoord>
<yCoord>320</yCoord>
</locus>
</nonNodule>
<nonNodule>
<nonNoduleID>54118</nonNoduleID>
<imageZposition>-200.25</imageZposition>
<imageSOP_UID>1.3.6.1.4.1.14519.5.2.1.6279.6001.252543436393574326270034032331</imageSOP_UID>
<locus>
<xCoord>76</xCoord>
<yCoord>304</yCoord>
</locus>
</nonNodule>
<nonNodule>
<nonNoduleID>54119</nonNoduleID>
<imageZposition>-271.5</imageZposition>
<imageSOP_UID>1.3.6.1.4.1.14519.5.2.1.6279.6001.102258458296634863296449202459</imageSOP_UID>
<locus>
<xCoord>333</xCoord>
<yCoord>190</yCoord>
</locus>
</nonNodule>
<nonNodule>
<nonNoduleID>54121</nonNoduleID>
<imageZposition>-107.75</imageZposition>
<imageSOP_UID>1.3.6.1.4.1.14519.5.2.1.6279.6001.217585375291908944932246390233</imageSOP_UID>
<locus>
<xCoord>326</xCoord>
<yCoord>296</yCoord>
</locus>
</nonNodule>
<nonNodule>
<nonNoduleID>54123</nonNoduleID>
<imageZposition>-122.75</imageZposition>
<imageSOP_UID>1.3.6.1.4.1.14519.5.2.1.6279.6001.211942015648359263614583136188</imageSOP_UID>
<locus>
<xCoord>386</xCoord>
<yCoord>263</yCoord>
</locus>
</nonNodule>
</readingSession>
  <readingSession>
    <annotationVersion>3.12</annotationVersion>
<servicingRadiologistID>anon</servicingRadiologistID>
    <unblindedReadNodule>
      <noduleID>Nodule 001</noduleID>
      <roi>
        <imageZposition>-120.250000 </imageZposition>
        <imageSOP_UID>1.3.6.1.4.1.14519.5.2.1.6279.6001.234947866628164052031298340902</imageSOP_UID>
        <inclusion>TRUE</inclusion>
        <edgeMap>
          <xCoord>401</xCoord>
          <yCoord>245</yCoord>
        </edgeMap>
      </roi>
    </unblindedReadNodule>
    <nonNodule>
      <nonNoduleID>_Non-nodule 001</nonNoduleID>
      <imageZposition>-219.000000 </imageZposition>
      <imageSOP_UID>1.3.6.1.4.1.14519.5.2.1.6279.6001.230585565031066109323214421580</imageSOP_UID>
      <locus>
        <xCoord>375</xCoord>
        <yCoord>320</yCoord>
      </locus>
    </nonNodule>
    <nonNodule>
      <nonNoduleID>_Non-nodule 002</nonNoduleID>
      <imageZposition>-101.500000 </imageZposition>
      <imageSOP_UID>1.3.6.1.4.1.14519.5.2.1.6279.6001.321917314985362010162259821024</imageSOP_UID>
      <locus>
        <xCoord>198</xCoord>
        <yCoord>270</yCoord>
      </locus>
    </nonNodule>
    <nonNodule>
      <nonNoduleID>_Non-nodule 003</nonNoduleID>
      <imageZposition>-125.250000 </imageZposition>
      <imageSOP_UID>1.3.6.1.4.1.14519.5.2.1.6279.6001.154755253439563400132564631957</imageSOP_UID>
      <locus>
        <xCoord>301</xCoord>
        <yCoord>274</yCoord>
      </locus>
    </nonNodule>
    <nonNodule>
      <nonNoduleID>_Non-nodule 004</nonNoduleID>
      <imageZposition>-169.000000 </imageZposition>
      <imageSOP_UID>1.3.6.1.4.1.14519.5.2.1.6279.6001.512458454197525063215492827858</imageSOP_UID>
      <locus>
        <xCoord>358</xCoord>
        <yCoord>223</yCoord>
      </locus>
    </nonNodule>
    <nonNodule>
      <nonNoduleID>_Non-nodule 005</nonNoduleID>
      <imageZposition>-271.500000 </imageZposition>
      <imageSOP_UID>1.3.6.1.4.1.14519.5.2.1.6279.6001.102258458296634863296449202459</imageSOP_UID>
      <locus>
        <xCoord>332</xCoord>
        <yCoord>191</yCoord>
      </locus>
    </nonNodule>
    <nonNodule>
      <nonNoduleID>_Non-nodule 006</nonNoduleID>
      <imageZposition>-171.500000 </imageZposition>
      <imageSOP_UID>1.3.6.1.4.1.14519.5.2.1.6279.6001.103741582755740050020116919950</imageSOP_UID>
      <locus>
        <xCoord>156</xCoord>
        <yCoord>324</yCoord>
      </locus>
    </nonNodule>
    <nonNodule>
      <nonNoduleID>_Non-nodule 007</nonNoduleID>
      <imageZposition>-295.250000 </imageZposition>
      <imageSOP_UID>1.3.6.1.4.1.14519.5.2.1.6279.6001.260739910362289545172678276522</imageSOP_UID>
      <locus>
        <xCoord>90</xCoord>
        <yCoord>169</yCoord>
      </locus>
    </nonNodule>
  </readingSession>
</LidcReadMessage>