<?xml version="1.0" encoding="UTF-8"?>
<LidcReadMessage uid="1.3.6.1.4.1.14519.5.2.1.6279.6001.1307390728975.0" xmlns="http://www.nih.gov" xmlns:xsi="http://www.w3.org/2001/XMLSchema-instance" xsi:schemaLocation="http://www.nih.gov       http://troll.rad.med.umich.edu/lidc/LidcReadMessage.xsd">
  <ResponseHeader>
    <Version>1.8</Version>
    <MessageId>UM1.3.6.1.4.1.9328.50.12.501695</MessageId>
    <DateRequest>2009-01-27</DateRequest>
    <TimeRequest>00:00:00</TimeRequest>
    <RequestingSite>removed</RequestingSite>
    <ServicingSite>removed</ServicingSite>
    <TaskDescription>Second unblinded read</TaskDescription>
    <CtImageFile>removed</CtImageFile>
    <SeriesInstanceUid>1.3.6.1.4.1.14519.5.2.1.6279.6001.233652865358649579816568545171</SeriesInstanceUid>
    <DateService>2009-01-27</DateService>
    <TimeService>00:00:00</TimeService>
    <ResponseDescription>1 - Reading complete</ResponseDescription>
  <StudyInstanceUID>1.3.6.1.4.1.14519.5.2.1.6279.6001.553558667874341556649497579315</StudyInstanceUID></ResponseHeader>
<readingSession>
<annotationVersion>3.12</annotationVersion>
<servicingRadiologistID>anon</servicingRadiologistID>
<unblindedReadNodule>
<noduleID>174375</noduleID>
<characteristics>
<subtlety>5</subtlety>
<internalStructure>1</internalStructure>
<calcification>2</calcification>
<sphericity>3</sphericity>
<margin>5</margin>
<lobulation>1</lobulation>
<spiculation>1</spiculation>
<texture>5</texture>
<malignancy>2</malignancy>
</characteristics>
<roi>
<imageZposition>-135.75</imageZposition>
<imageSOP_UID>1.3.6.1.4.1.14519.5.2.1.6279.6001.162020487202369094401784555879</imageSOP_UID>
<inclusion>TRUE</inclusion>
<edgeMap>
<xCoord>139</xCoord>
<yCoord>330</yCoord>
</edgeMap>
<edgeMap>
<xCoord>140</xCoord>
<yCoord>329</yCoord>
</edgeMap>
<edgeMap>
<xCoord>141</xCoord>
<yCoord>328</yCoord>
</edgeMap>
<edgeMap>
<xCoord>142</xCoord>
<yCoord>327</yCoord>
</edgeMap>
<edgeMap>
<xCoord>142</xCoord>
<yCoord>326</yCoord>
</edgeMap>
<edgeMap>
<xCoord>142</xCoord>
<yCoord>325</yCoord>
</edgeMap>
<edgeMap>
<xCoord>142</xCoord>
<yCoord>324</yCoord>
</edgeMap>
<edgeMap>
<xCoord>142</xCoord>
<yCoord>323</yCoord>
</edgeMap>
<edgeMap>
<xCoord>141</xCoord>
<yCoord>322</yCoord>
</edgeMap>
<edgeMap>
<xCoord>140</xCoord>
<yCoord>322</yCoord>
</edgeMap>
<edgeMap>
<xCoord>139</xCoord>
<yCoord>322</yCoord>
</edgeMap>
<edgeMap>
<xCoord>138</xCoord>
<yCoord>323</yCoord>
</edgeMap>
<edgeMap>
<xCoord>137</xCoord>
<yCoord>324</yCoord>
</edgeMap>
<edgeMap>
<xCoord>136</xCoord>
<yCoord>324</yCoord>
</edgeMap>
<edgeMap>
<xCoord>135</xCoord>
<yCoord>325</yCoord>
</edgeMap>
<edgeMap>
<xCoord>134</xCoord>
<yCoord>326</yCoord>
</edgeMap>
<edgeMap>
<xCoord>134</xCoord>
<yCoord>327</yCoord>
</edgeMap>
<edgeMap>
<xCoord>135</xCoord>
<yCoord>328</yCoord>
</edgeMap>
<edgeMap>
<xCoord>136</xCoord>
<yCoord>329</yCoord>
</edgeMap>
<edgeMap>
<xCoord>137</xCoord>
<yCoord>329</yCoord>
</edgeMap>
<edgeMap>
<xCoord>138</xCoord>
<yCoord>330</yCoord>
</edgeMap>
<edgeMap>
<xCoord>139</xCoord>
<yCoord>330</yCoord>
</edgeMap>
</roi>
<roi>
<imageZposition>-138.25</imageZposition>
<imageSOP_UID>1.3.6.1.4.1.14519.5.2.1.6279.6001.143786507290796094716988276623</imageSOP_UID>
<inclusion>TRUE</inclusion>
<edgeMap>
<xCoord>140</xCoord>
<yCoord>331</yCoord>
</edgeMap>
<edgeMap>
<xCoord>141</xCoord>
<yCoord>330</yCoord>
</edgeMap>
<edgeMap>
<xCoord>142</xCoord>
<yCoord>329</yCoord>
</edgeMap>
<edgeMap>
<xCoord>143</xCoord>
<yCoord>328</yCoord>
</edgeMap>
<edgeMap>
<xCoord>144</xCoord>
<yCoord>327</yCoord>
</edgeMap>
<edgeMap>
<xCoord>144</xCoord>
<yCoord>326</yCoord>
</edgeMap>
<edgeMap>
<xCoord>144</xCoord>
<yCoord>325</yCoord>
</edgeMap>
<edgeMap>
<xCoord>143</xCoord>
<yCoord>324</yCoord>
</edgeMap>
<edgeMap>
<xCoord>142</xCoord>
<yCoord>323</yCoord>
</edgeMap>
<edgeMap>
<xCoord>141</xCoord>
<yCoord>322</yCoord>
</edgeMap>
<edgeMap>
<xCoord>140</xCoord>
<yCoord>322</yCoord>
</edgeMap>
<edgeMap>
<xCoord>139</xCoord>
<yCoord>322</yCoord>
</edgeMap>
<edgeMap>
<xCoord>138</xCoord>
<yCoord>322</yCoord>
</edgeMap>
<edgeMap>
<xCoord>137</xCoord>
<yCoord>323</yCoord>
</edgeMap>
<edgeMap>
<xCoord>136</xCoord>
<yCoord>324</yCoord>
</edgeMap>
<edgeMap>
<xCoord>135</xCoord>
<yCoord>325</yCoord>
</edgeMap>
<edgeMap>
<xCoord>134</xCoord>
<yCoord>326</yCoord>
</edgeMap>
<edgeMap>
<xCoord>133</xCoord>
<yCoord>327</yCoord>
</edgeMap>
<edgeMap>
<xCoord>134</xCoord>
<yCoord>328</yCoord>
</edgeMap>
<edgeMap>
<xCoord>135</xCoord>
<yCoord>329</yCoord>
</edgeMap>
<edgeMap>
<xCoord>136</xCoord>
<yCoord>330</yCoord>
</edgeMap>
<edgeMap>
<xCoord>137</xCoord>
<yCoord>330</yCoord>
</edgeMap>
<edgeMap>
<xCoord>138</xCoord>
<yCoord>331</yCoord>
</edgeMap>
<edgeMap>
<xCoord>139</xCoord>
<yCoord>331</yCoord>
</edgeMap>
<edgeMap>
<xCoord>140</xCoord>
<yCoord>331</yCoord>
</edgeMap>
</roi>
<roi>
<imageZposition>-140.75</imageZposition>
<imageSOP_UID>1.3.6.1.4.1.14519.5.2.1.6279.6001.199444233725892094234111886436</imageSOP_UID>
<inclusion>TRUE</inclusion>
<edgeMap>
<xCoord>141</xCoord>
<yCoord>330</yCoord>
</edgeMap>
<edgeMap>
<xCoord>142</xCoord>
<yCoord>329</yCoord>
</edgeMap>
<edgeMap>
<xCoord>143</xCoord>
<yCoord>328</yCoord>
</edgeMap>
<edgeMap>
<xCoord>143</xCoord>
<yCoord>327</yCoord>
</edgeMap>
<edgeMap>
<xCoord>143</xCoord>
<yCoord>326</yCoord>
</edgeMap>
<edgeMap>
<xCoord>143</xCoord>
<yCoord>325</yCoord>
</edgeMap>
<edgeMap>
<xCoord>142</xCoord>
<yCoord>324</yCoord>
</edgeMap>
<edgeMap>
<xCoord>141</xCoord>
<yCoord>324</yCoord>
</edgeMap>
<edgeMap>
<xCoord>140</xCoord>
<yCoord>324</yCoord>
</edgeMap>
<edgeMap>
<xCoord>139</xCoord>
<yCoord>324</yCoord>
</edgeMap>
<edgeMap>
<xCoord>138</xCoord>
<yCoord>325</yCoord>
</edgeMap>
<edgeMap>
<xCoord>137</xCoord>
<yCoord>326</yCoord>
</edgeMap>
<edgeMap>
<xCoord>137</xCoord>
<yCoord>327</yCoord>
</edgeMap>
<edgeMap>
<xCoord>137</xCoord>
<yCoord>328</yCoord>
</edgeMap>
<edgeMap>
<xCoord>138</xCoord>
<yCoord>329</yCoord>
</edgeMap>
<edgeMap>
<xCoord>138</xCoord>
<yCoord>330</yCoord>
</edgeMap>
<edgeMap>
<xCoord>139</xCoord>
<yCoord>330</yCoord>
</edgeMap>
<edgeMap>
<xCoord>140</xCoord>
<yCoord>330</yCoord>
</edgeMap>
<edgeMap>
<xCoord>141</xCoord>
<yCoord>330</yCoord>
</edgeMap>
</roi>
</unblindedReadNodule>
<nonNodule>
<nonNoduleID>174376</nonNoduleID>
<imageZposition>-145.75</imageZposition>
<imageSOP_UID>1.3.6.1.4.1.14519.5.2.1.6279.6001.315777161780853024722256903167</imageSOP_UID>
<locus>
<xCoord>99</xCoord>
<yCoord>312</yCoord>
</locus>
</nonNodule>
<nonNodule>
<nonNoduleID>174379</nonNoduleID>
<imageZposition>-205.75</imageZposition>
<imageSOP_UID>1.3.6.1.4.1.14519.5.2.1.6279.6001.352477685542433965099503055308</imageSOP_UID>
<locus>
<xCoord>159</xCoord>
<yCoord>316</yCoord>
</locus>
</nonNodule>
<nonNodule>
<nonNoduleID>174380</nonNoduleID>
<imageZposition>-215.75</imageZposition>
<imageSOP_UID>1.3.6.1.4.1.14519.5.2.1.6279.6001.516476967815195592440173400079</imageSOP_UID>
<locus>
<xCoord>172</xCoord>
<yCoord>379</yCoord>
</locus>
</nonNodule>
<nonNodule>
<nonNoduleID>174381</nonNoduleID>
<imageZposition>-228.25</imageZposition>
<imageSOP_UID>1.3.6.1.4.1.14519.5.2.1.6279.6001.328866348457475096610026455954</imageSOP_UID>
<locus>
<xCoord>118</xCoord>
<yCoord>355</yCoord>
</locus>
</nonNodule>
<nonNodule>
<nonNoduleID>174382</nonNoduleID>
<imageZposition>-270.75</imageZposition>
<imageSOP_UID>1.3.6.1.4.1.14519.5.2.1.6279.6001.327410541144781261076183240039</imageSOP_UID>
<locus>
<xCoord>196</xCoord>
<yCoord>355</yCoord>
</locus>
</nonNodule>
<nonNodule>
<nonNoduleID>174383</nonNoduleID>
<imageZposition>-215.75</imageZposition>
<imageSOP_UID>1.3.6.1.4.1.14519.5.2.1.6279.6001.516476967815195592440173400079</imageSOP_UID>
<locus>
<xCoord>445</xCoord>
<yCoord>241</yCoord>
</locus>
</nonNodule>
<nonNodule>
<nonNoduleID>174384</nonNoduleID>
<imageZposition>-138.25</imageZposition>
<imageSOP_UID>1.3.6.1.4.1.14519.5.2.1.6279.6001.143786507290796094716988276623</imageSOP_UID>
<locus>
<xCoord>114</xCoord>
<yCoord>351</yCoord>
</locus>
</nonNodule>
<nonNodule>
<nonNoduleID>174385</nonNoduleID>
<imageZposition>-140.75</imageZposition>
<imageSOP_UID>1.3.6.1.4.1.14519.5.2.1.6279.6001.199444233725892094234111886436</imageSOP_UID>
<locus>
<xCoord>317</xCoord>
<yCoord>372</yCoord>
</locus>
</nonNodule>
<nonNodule>
<nonNoduleID>174386</nonNoduleID>
<imageZposition>-195.75</imageZposition>
<imageSOP_UID>1.3.6.1.4.1.14519.5.2.1.6279.6001.159647696493572031897003622646</imageSOP_UID>
<locus>
<xCoord>181</xCoord>
<yCoord>390</yCoord>
</locus>
</nonNodule>
<nonNodule>
<nonNoduleID>174388</nonNoduleID>
<imageZposition>-210.75</imageZposition>
<imageSOP_UID>1.3.6.1.4.1.14519.5.2.1.6279.6001.319224402158876803677496929377</imageSOP_UID>
<locus>
<xCoord>442</xCoord>
<yCoord>239</yCoord>
</locus>
</nonNodule>
<nonNodule>
<nonNoduleID>174389</nonNoduleID>
<imageZposition>-223.25</imageZposition>
<imageSOP_UID>1.3.6.1.4.1.14519.5.2.1.6279.6001.166092760723204749416309100861</imageSOP_UID>
<locus>
<xCoord>165</xCoord>
<yCoord>298</yCoord>
</locus>
</nonNodule>
<nonNodule>
<nonNoduleID>174390</nonNoduleID>
<imageZposition>-268.25</imageZposition>
<imageSOP_UID>1.3.6.1.4.1.14519.5.2.1.6279.6001.135435838715483087267573635615</imageSOP_UID>
<locus>
<xCoord>199</xCoord>
<yCoord>356</yCoord>
</locus>
</nonNodule>
<nonNodule>
<nonNoduleID>174391</nonNoduleID>
<imageZposition>-210.75</imageZposition>
<imageSOP_UID>1.3.6.1.4.1.14519.5.2.1.6279.6001.319224402158876803677496929377</imageSOP_UID>
<locus>
<xCoord>165</xCoord>
<yCoord>312</yCoord>
</locus>
</nonNodule>
<nonNodule>
<nonNoduleID>174392</nonNoduleID>
<imageZposition>-265.75</imageZposition>
<imageSOP_UID>1.3.6.1.4.1.14519.5.2.1.6279.6001.277292009820492868624105398821</imageSOP_UID>
<locus>
<xCoord>195</xCoord>
<yCoord>359</yCoord>
</locus>
</nonNodule>
<nonNodule>
<nonNoduleID>174393</nonNoduleID>
<imageZposition>-178.25</imageZposition>
<imageSOP_UID>1.3.6.1.4.1.14519.5.2.1.6279.6001.318391900144236059117983717023</imageSOP_UID>
<locus>
<xCoord>154</xCoord>
<yCoord>385</yCoord>
</locus>
</nonNodule>
<nonNodule>
<nonNoduleID>174394</nonNoduleID>
<imageZposition>-230.75</imageZposition>
<imageSOP_UID>1.3.6.1.4.1.14519.5.2.1.6279.6001.994908508901818033056682919373</imageSOP_UID>
<locus>
<xCoord>113</xCoord>
<yCoord>376</yCoord>
</locus>
</nonNodule>
<nonNodule>
<nonNoduleID>174395</nonNoduleID>
<imageZposition>-213.25</imageZposition>
<imageSOP_UID>1.3.6.1.4.1.14519.5.2.1.6279.6001.246758369071943388214097750607</imageSOP_UID>
<locus>
<xCoord>442</xCoord>
<yCoord>237</yCoord>
</locus>
</nonNodule>
</readingSession>
	<readingSession>
		<annotationVersion>3.12</annotationVersion>
		<servicingRadiologistID>anon</servicingRadiologistID>
			<unblindedReadNodule>
				<noduleID>0</noduleID>
				<characteristics>
					<subtlety>5</subtlety>
					<internalStructure>1</internalStructure>
					<calcification>3</calcification>
					<sphericity>5</sphericity>
					<margin>5</margin>
					<lobulation>1</lobulation>
					<spiculation>1</spiculation>
					<texture>5</texture>
					<malignancy>1</malignancy>
				</characteristics>
				<roi>
					<imageZposition>-135.75</imageZposition>
					<imageSOP_UID>1.3.6.1.4.1.14519.5.2.1.6279.6001.162020487202369094401784555879</imageSOP_UID>
					<inclusion>TRUE</inclusion>
					<edgeMap>
					<xCoord>142</xCoord>
					<yCoord>323</yCoord>
					</edgeMap>
					<edgeMap>
					<xCoord>141</xCoord>
					<yCoord>323</yCoord>
					</edgeMap>
					<edgeMap>
					<xCoord>140</xCoord>
					<yCoord>323</yCoord>
					</edgeMap>
					<edgeMap>
					<xCoord>139</xCoord>
					<yCoord>323</yCoord>
					</edgeMap>
					<edgeMap>
					<xCoord>138</xCoord>
					<yCoord>323</yCoord>
					</edgeMap>
					<edgeMap>
					<xCoord>137</xCoord>
					<yCoord>324</yCoord>
					</edgeMap>
					<edgeMap>
					<xCoord>136</xCoord>
					<yCoord>325</yCoord>
					</edgeMap>
					<edgeMap>
					<xCoord>135</xCoord>
					<yCoord>325</yCoord>
					</edgeMap>
					<edgeMap>
					<xCoord>134</xCoord>
					<yCoord>326</yCoord>
					</edgeMap>
					<edgeMap>
					<xCoord>134</xCoord>
					<yCoord>327</yCoord>
					</edgeMap>
					<edgeMap>
					<xCoord>135</xCoord>
					<yCoord>328</yCoord>
					</edgeMap>
					<edgeMap>
					<xCoord>136</xCoord>
					<yCoord>328</yCoord>
					</edgeMap>
					<edgeMap>
					<xCoord>137</xCoord>
					<yCoord>329</yCoord>
					</edgeMap>
					<edgeMap>
					<xCoord>138</xCoord>
					<yCoord>329</yCoord>
					</edgeMap>
					<edgeMap>
					<xCoord>139</xCoord>
					<yCoord>329</yCoord>
					</edgeMap>
					<edgeMap>
					<xCoord>140</xCoord>
					<yCoord>329</yCoord>
					</edgeMap>
					<edgeMap>
					<xCoord>141</xCoord>
					<yCoord>328</yCoord>
					</edgeMap>
					<edgeMap>
					<xCoord>142</xCoord>
					<yCoord>327</yCoord>
					</edgeMap>
					<edgeMap>
					<xCoord>142</xCoord>
					<yCoord>326</yCoord>
					</edgeMap>
					<edgeMap>
					<xCoord>142</xCoord>
					<yCoord>325</yCoord>
					</edgeMap>
					<edgeMap>
					<xCoord>142</xCoord>
					<yCoord>324</yCoord>
					</edgeMap>
					<edgeMap>
					<xCoord>142</xCoord>
					<yCoord>323</yCoord>
					</edgeMap>
				</roi>
				<roi>
					<imageZposition>-138.25</imageZposition>
					<imageSOP_UID>1.3.6.1.4.1.14519.5.2.1.6279.6001.143786507290796094716988276623</imageSOP_UID>
					<inclusion>TRUE</inclusion>
					<edgeMap>
					<xCoord>143</xCoord>
					<yCoord>324</yCoord>
					</edgeMap>
					<edgeMap>
					<xCoord>142</xCoord>
					<yCoord>323</yCoord>
					</edgeMap>
					<edgeMap>
					<xCoord>141</xCoord>
					<yCoord>323</yCoord>
					</edgeMap>
					<edgeMap>
					<xCoord>140</xCoord>
					<yCoord>323</yCoord>
					</edgeMap>
					<edgeMap>
					<xCoord>139</xCoord>
					<yCoord>323</yCoord>
					</edgeMap>
					<edgeMap>
					<xCoord>138</xCoord>
					<yCoord>323</yCoord>
					</edgeMap>
					<edgeMap>
					<xCoord>137</xCoord>
					<yCoord>324</yCoord>
					</edgeMap>
					<edgeMap>
					<xCoord>136</xCoord>
					<yCoord>324</yCoord>
					</edgeMap>
					<edgeMap>
					<xCoord>135</xCoord>
					<yCoord>325</yCoord>
					</edgeMap>
					<edgeMap>
					<xCoord>135</xCoord>
					<yCoord>326</yCoord>
					</edgeMap>
					<edgeMap>
					<xCoord>135</xCoord>
					<yCoord>327</yCoord>
					</edgeMap>
					<edgeMap>
					<xCoord>135</xCoord>
					<yCoord>328</yCoord>
					</edgeMap>
					<edgeMap>
					<xCoord>136</xCoord>
					<yCoord>329</yCoord>
					</edgeMap>
					<edgeMap>
					<xCoord>137</xCoord>
					<yCoord>330</yCoord>
					</edgeMap>
					<edgeMap>
					<xCoord>138</xCoord>
					<yCoord>330</yCoord>
					</edgeMap>
					<edgeMap>
					<xCoord>139</xCoord>
					<yCoord>330</yCoord>
					</edgeMap>
					<edgeMap>
					<xCoord>140</xCoord>
					<yCoord>330</yCoord>
					</edgeMap>
					<edgeMap>
					<xCoord>141</xCoord>
					<yCoord>330</yCoord>
					</edgeMap>
					<edgeMap>
					<xCoord>142</xCoord>
					<yCoord>329</yCoord>
					</edgeMap>
					<edgeMap>
					<xCoord>142</xCoord>
					<yCoord>328</yCoord>
					</edgeMap>
					<edgeMap>
					<xCoord>143</xCoord>
					<yCoord>327</yCoord>
					</edgeMap>
					<edgeMap>
					<xCoord>143</xCoord>
					<yCoord>326</yCoord>
					</edgeMap>
					<edgeMap>
					<xCoord>143</xCoord>
					<yCoord>325</yCoord>
					</edgeMap>
					<edgeMap>
					<xCoord>143</xCoord>
					<yCoord>324</yCoord>
					</edgeMap>
				</roi>
				<roi>
					<imageZposition>-140.75</imageZposition>
					<imageSOP_UID>1.3.6.1.4.1.14519.5.2.1.6279.6001.199444233725892094234111886436</imageSOP_UID>
					<inclusion>TRUE</inclusion>
					<edgeMap>
					<xCoord>141</xCoord>
					<yCoord>324</yCoord>
					</edgeMap>
					<edgeMap>
					<xCoord>140</xCoord>
					<yCoord>324</yCoord>
					</edgeMap>
					<edgeMap>
					<xCoord>139</xCoord>
					<yCoord>324</yCoord>
					</edgeMap>
					<edgeMap>
					<xCoord>138</xCoord>
					<yCoord>324</yCoord>
					</edgeMap>
					<edgeMap>
					<xCoord>137</xCoord>
					<yCoord>325</yCoord>
					</edgeMap>
					<edgeMap>
					<xCoord>136</xCoord>
					<yCoord>326</yCoord>
					</edgeMap>
					<edgeMap>
					<xCoord>136</xCoord>
					<yCoord>327</yCoord>
					</edgeMap>
					<edgeMap>
					<xCoord>137</xCoord>
					<yCoord>328</yCoord>
					</edgeMap>
					<edgeMap>
					<xCoord>138</xCoord>
					<yCoord>329</yCoord>
					</edgeMap>
					<edgeMap>
					<xCoord>138</xCoord>
					<yCoord>330</yCoord>
					</edgeMap>
					<edgeMap>
					<xCoord>139</xCoord>
					<yCoord>330</yCoord>
					</edgeMap>
					<edgeMap>
					<xCoord>140</xCoord>
					<yCoord>329</yCoord>
					</edgeMap>
					<edgeMap>
					<xCoord>141</xCoord>
					<yCoord>329</yCoord>
					</edgeMap>
					<edgeMap>
					<xCoord>142</xCoord>
					<yCoord>328</yCoord>
					</edgeMap>
					<edgeMap>
					<xCoord>143</xCoord>
					<yCoord>327</yCoord>
					</edgeMap>
					<edgeMap>
					<xCoord>144</xCoord>
					<yCoord>326</yCoord>
					</edgeMap>
					<edgeMap>
					<xCoord>144</xCoord>
					<yCoord>325</yCoord>
					</edgeMap>
					<edgeMap>
					<xCoord>143</xCoord>
					<yCoord>324</yCoord>
					</edgeMap>
					<edgeMap>
					<xCoord>142</xCoord>
					<yCoord>324</yCoord>
					</edgeMap>
					<edgeMap>
					<xCoord>141</xCoord>
					<yCoord>324</yCoord>
					</edgeMap>
				</roi>
			</unblindedReadNodule>
			<nonNodule>
				<nonNoduleID>1</nonNoduleID>
				<imageZposition>-195.75</imageZposition>
				<imageSOP_UID>1.3.6.1.4.1.14519.5.2.1.6279.6001.159647696493572031897003622646</imageSOP_UID>
				<locus>
					<xCoord>181</xCoord>
					<yCoord>390</yCoord>
				</locus>
			</nonNodule>
			<nonNodule>
				<nonNoduleID>2</nonNoduleID>
				<imageZposition>-223.25</imageZposition>
				<imageSOP_UID>1.3.6.1.4.1.14519.5.2.1.6279.6001.166092760723204749416309100861</imageSOP_UID>
				<locus>
					<xCoord>165</xCoord>
					<yCoord>298</yCoord>
				</locus>
			</nonNodule>
			<nonNodule>
				<nonNoduleID>3</nonNoduleID>
				<imageZposition>-268.25</imageZposition>
				<imageSOP_UID>1.3.6.1.4.1.14519.5.2.1.6279.6001.135435838715483087267573635615</imageSOP_UID>
				<locus>
					<xCoord>199</xCoord>
					<yCoord>356</yCoord>
				</locus>
			</nonNodule>
			<nonNodule>
				<nonNoduleID>4</nonNoduleID>
				<imageZposition>-210.75</imageZposition>
				<imageSOP_UID>1.3.6.1.4.1.14519.5.2.1.6279.6001.319224402158876803677496929377</imageSOP_UID>
				<locus>
					<xCoord>443</xCoord>
					<yCoord>238</yCoord>
				</locus>
			</nonNodule>
			<nonNodule>
				<nonNoduleID>5</nonNoduleID>
				<imageZposition>-138.25</imageZposition>
				<imageSOP_UID>1.3.6.1.4.1.14519.5.2.1.6279.6001.143786507290796094716988276623</imageSOP_UID>
				<locus>
					<xCoord>114</xCoord>
					<yCoord>351</yCoord>
				</locus>
			</nonNodule>
			<nonNodule>
				<nonNoduleID>6</nonNoduleID>
				<imageZposition>-140.75</imageZposition>
				<imageSOP_UID>1.3.6.1.4.1.14519.5.2.1.6279.6001.199444233725892094234111886436</imageSOP_UID>
				<locus>
					<xCoord>317</xCoord>
					<yCoord>372</yCoord>
				</locus>
			</nonNodule>
	</readingSession>
  <readingSession>
    <annotationVersion>3.12</annotationVersion>
    <servicingRadiologistID>anon</servicingRadiologistID>
    <unblindedReadNodule>
      <noduleID>Nodule 001</noduleID>
      <characteristics>
        <subtlety>4</subtlety>
        <internalStructure>1</internalStructure>
        <calcification>6</calcification>
        <sphericity>3</sphericity>
        <margin>4</margin>
        <lobulation>1</lobulation>
        <spiculation>1</spiculation>
        <texture>5</texture>
        <malignancy>3</malignancy>
      </characteristics>
      <roi>
        <imageZposition>-140.750</imageZposition>
        <imageSOP_UID>1.3.6.1.4.1.14519.5.2.1.6279.6001.199444233725892094234111886436</imageSOP_UID>
        <inclusion>TRUE</inclusion>
        <edgeMap>
          <xCoord>140</xCoord>
          <yCoord>322</yCoord>
        </edgeMap>
        <edgeMap>
          <xCoord>139</xCoord>
          <yCoord>323</yCoord>
        </edgeMap>
        <edgeMap>
          <xCoord>138</xCoord>
          <yCoord>324</yCoord>
        </edgeMap>
        <edgeMap>
          <xCoord>137</xCoord>
          <yCoord>325</yCoord>
        </edgeMap>
        <edgeMap>
          <xCoord>136</xCoord>
          <yCoord>326</yCoord>
        </edgeMap>
        <edgeMap>
          <xCoord>137</xCoord>
          <yCoord>327</yCoord>
        </edgeMap>
        <edgeMap>
          <xCoord>137</xCoord>
          <yCoord>328</yCoord>
        </edgeMap>
        <edgeMap>
          <xCoord>138</xCoord>
          <yCoord>329</yCoord>
        </edgeMap>
        <edgeMap>
          <xCoord>139</xCoord>
          <yCoord>329</yCoord>
        </edgeMap>
        <edgeMap>
          <xCoord>140</xCoord>
          <yCoord>329</yCoord>
        </edgeMap>
        <edgeMap>
          <xCoord>141</xCoord>
          <yCoord>328</yCoord>
        </edgeMap>
        <edgeMap>
          <xCoord>142</xCoord>
          <yCoord>327</yCoord>
        </edgeMap>
        <edgeMap>
          <xCoord>143</xCoord>
          <yCoord>327</yCoord>
        </edgeMap>
        <edgeMap>
          <xCoord>144</xCoord>
          <yCoord>326</yCoord>
        </edgeMap>
        <edgeMap>
          <xCoord>143</xCoord>
          <yCoord>325</yCoord>
        </edgeMap>
        <edgeMap>
          <xCoord>143</xCoord>
          <yCoord>324</yCoord>
        </edgeMap>
        <edgeMap>
          <xCoord>142</xCoord>
          <yCoord>323</yCoord>
        </edgeMap>
        <edgeMap>
          <xCoord>141</xCoord>
          <yCoord>322</yCoord>
        </edgeMap>
        <edgeMap>
          <xCoord>140</xCoord>
          <yCoord>322</yCoord>
        </edgeMap>
      </roi>
      <roi>
        <imageZposition>-138.250</imageZposition>
        <imageSOP_UID>1.3.6.1.4.1.14519.5.2.1.6279.6001.143786507290796094716988276623</imageSOP_UID>
        <inclusion>TRUE</inclusion>
        <edgeMap>
          <xCoord>135</xCoord>
          <yCoord>322</yCoord>
        </edgeMap>
        <edgeMap>
          <xCoord>134</xCoord>
          <yCoord>323</yCoord>
        </edgeMap>
        <edgeMap>
          <xCoord>133</xCoord>
          <yCoord>324</yCoord>
        </edgeMap>
        <edgeMap>
          <xCoord>132</xCoord>
          <yCoord>325</yCoord>
        </edgeMap>
        <edgeMap>
          <xCoord>132</xCoord>
          <yCoord>326</yCoord>
        </edgeMap>
        <edgeMap>
          <xCoord>131</xCoord>
          <yCoord>327</yCoord>
        </edgeMap>
        <edgeMap>
          <xCoord>132</xCoord>
          <yCoord>328</yCoord>
        </edgeMap>
        <edgeMap>
          <xCoord>133</xCoord>
          <yCoord>329</yCoord>
        </edgeMap>
        <edgeMap>
          <xCoord>134</xCoord>
          <yCoord>329</yCoord>
        </edgeMap>
        <edgeMap>
          <xCoord>135</xCoord>
          <yCoord>330</yCoord>
        </edgeMap>
        <edgeMap>
          <xCoord>136</xCoord>
          <yCoord>331</yCoord>
        </edgeMap>
        <edgeMap>
          <xCoord>137</xCoord>
          <yCoord>331</yCoord>
        </edgeMap>
        <edgeMap>
          <xCoord>138</xCoord>
          <yCoord>331</yCoord>
        </edgeMap>
        <edgeMap>
          <xCoord>139</xCoord>
          <yCoord>331</yCoord>
        </edgeMap>
        <edgeMap>
          <xCoord>140</xCoord>
          <yCoord>331</yCoord>
        </edgeMap>
        <edgeMap>
          <xCoord>141</xCoord>
          <yCoord>331</yCoord>
        </edgeMap>
        <edgeMap>
          <xCoord>142</xCoord>
          <yCoord>330</yCoord>
        </edgeMap>
        <edgeMap>
          <xCoord>143</xCoord>
          <yCoord>329</yCoord>
        </edgeMap>
        <edgeMap>
          <xCoord>143</xCoord>
          <yCoord>328</yCoord>
        </edgeMap>
        <edgeMap>
          <xCoord>143</xCoord>
          <yCoord>327</yCoord>
        </edgeMap>
        <edgeMap>
          <xCoord>143</xCoord>
          <yCoord>326</yCoord>
        </edgeMap>
        <edgeMap>
          <xCoord>143</xCoord>
          <yCoord>325</yCoord>
        </edgeMap>
        <edgeMap>
          <xCoord>143</xCoord>
          <yCoord>324</yCoord>
        </edgeMap>
        <edgeMap>
          <xCoord>143</xCoord>
          <yCoord>323</yCoord>
        </edgeMap>
        <edgeMap>
          <xCoord>142</xCoord>
          <yCoord>322</yCoord>
        </edgeMap>
        <edgeMap>
          <xCoord>141</xCoord>
          <yCoord>322</yCoord>
        </edgeMap>
        <edgeMap>
          <xCoord>140</xCoord>
          <yCoord>322</yCoord>
        </edgeMap>
        <edgeMap>
          <xCoord>139</xCoord>
          <yCoord>322</yCoord>
        </edgeMap>
        <edgeMap>
          <xCoord>138</xCoord>
          <yCoord>322</yCoord>
        </edgeMap>
        <edgeMap>
          <xCoord>137</xCoord>
          <yCoord>322</yCoord>
        </edgeMap>
        <edgeMap>
          <xCoord>136</xCoord>
          <yCoord>322</yCoord>
        </edgeMap>
        <edgeMap>
          <xCoord>135</xCoord>
          <yCoord>322</yCoord>
        </edgeMap>
      </roi>
      <roi>
        <imageZposition>-135.750</imageZposition>
        <imageSOP_UID>1.3.6.1.4.1.14519.5.2.1.6279.6001.162020487202369094401784555879</imageSOP_UID>
        <inclusion>TRUE</inclusion>
        <edgeMap>
          <xCoord>138</xCoord>
          <yCoord>322</yCoord>
        </edgeMap>
        <edgeMap>
          <xCoord>137</xCoord>
          <yCoord>323</yCoord>
        </edgeMap>
        <edgeMap>
          <xCoord>136</xCoord>
          <yCoord>324</yCoord>
        </edgeMap>
        <edgeMap>
          <xCoord>135</xCoord>
          <yCoord>324</yCoord>
        </edgeMap>
        <edgeMap>
          <xCoord>134</xCoord>
          <yCoord>325</yCoord>
        </edgeMap>
        <edgeMap>
          <xCoord>133</xCoord>
          <yCoord>326</yCoord>
        </edgeMap>
        <edgeMap>
          <xCoord>134</xCoord>
          <yCoord>327</yCoord>
        </edgeMap>
        <edgeMap>
          <xCoord>135</xCoord>
          <yCoord>328</yCoord>
        </edgeMap>
        <edgeMap>
          <xCoord>136</xCoord>
          <yCoord>329</yCoord>
        </edgeMap>
        <edgeMap>
          <xCoord>137</xCoord>
          <yCoord>330</yCoord>
        </edgeMap>
        <edgeMap>
          <xCoord>138</xCoord>
          <yCoord>330</yCoord>
        </edgeMap>
        <edgeMap>
          <xCoord>139</xCoord>
          <yCoord>329</yCoord>
        </edgeMap>
        <edgeMap>
          <xCoord>140</xCoord>
          <yCoord>328</yCoord>
        </edgeMap>
        <edgeMap>
          <xCoord>141</xCoord>
          <yCoord>327</yCoord>
        </edgeMap>
        <edgeMap>
          <xCoord>142</xCoord>
          <yCoord>326</yCoord>
        </edgeMap>
        <edgeMap>
          <xCoord>142</xCoord>
          <yCoord>325</yCoord>
        </edgeMap>
        <edgeMap>
          <xCoord>142</xCoord>
          <yCoord>324</yCoord>
        </edgeMap>
        <edgeMap>
          <xCoord>142</xCoord>
          <yCoord>323</yCoord>
        </edgeMap>
        <edgeMap>
          <xCoord>141</xCoord>
          <yCoord>322</yCoord>
        </edgeMap>
        <edgeMap>
          <xCoord>140</xCoord>
          <yCoord>322</yCoord>
        </edgeMap>
        <edgeMap>
          <xCoord>139</xCoord>
          <yCoord>322</yCoord>
        </edgeMap>
        <edgeMap>
          <xCoord>138</xCoord>
          <yCoord>322</yCoord>
        </edgeMap>
      </roi>
    </unblindedReadNodule>
    <nonNodule>
      <nonNoduleID>_Non-nodule 001</nonNoduleID>
      <imageZposition>-178.250</imageZposition>
      <imageSOP_UID>1.3.6.1.4.1.14519.5.2.1.6279.6001.318391900144236059117983717023</imageSOP_UID>
      <locus>
        <xCoord>154</xCoord>
        <yCoord>385</yCoord>
      </locus>
    </nonNodule>
    <nonNodule>
      <nonNoduleID>_Non-nodule 002</nonNoduleID>
      <imageZposition>-230.750</imageZposition>
      <imageSOP_UID>1.3.6.1.4.1.14519.5.2.1.6279.6001.994908508901818033056682919373</imageSOP_UID>
      <locus>
        <xCoord>113</xCoord>
        <yCoord>376</yCoord>
      </locus>
    </nonNodule>
    <nonNodule>
      <nonNoduleID>_Non-nodule 003</nonNoduleID>
      <imageZposition>-213.250</imageZposition>
      <imageSOP_UID>1.3.6.1.4.1.14519.5.2.1.6279.6001.246758369071943388214097750607</imageSOP_UID>
      <locus>
        <xCoord>442</xCoord>
        <yCoord>237</yCoord>
      </locus>
    </nonNodule>
    <nonNodule>
      <nonNoduleID>_Non-nodule 004</nonNoduleID>
      <imageZposition>-145.750</imageZposition>
      <imageSOP_UID>1.3.6.1.4.1.14519.5.2.1.6279.6001.315777161780853024722256903167</imageSOP_UID>
      <locus>
        <xCoord>97</xCoord>
        <yCoord>310</yCoord>
      </locus>
    </nonNodule>
  </readingSession>
  <readingSession>
    <annotationVersion>3.12</annotationVersion>
    <servicingRadiologistID>anon</servicingRadiologistID>
    <unblindedReadNodule>
      <noduleID>172555</noduleID>
      <characteristics>
        <subtlety>5</subtlety>
        <internalStructure>1</internalStructure>
        <calcification>3</calcification>
        <sphericity>5</sphericity>
        <margin>5</margin>
        <lobulation>1</lobulation>
        <spiculation>1</spiculation>
        <texture>5</texture>
        <malignancy>1</malignancy>
      </characteristics>
      <roi>
        <imageZposition>-135.75</imageZposition>
        <imageSOP_UID>1.3.6.1.4.1.14519.5.2.1.6279.6001.162020487202369094401784555879</imageSOP_UID>
        <inclusion>TRUE</inclusion>
        <edgeMap>
          <xCoord>139</xCoord>
          <yCoord>331</yCoord>
        </edgeMap>
        <edgeMap>
          <xCoord>140</xCoord>
          <yCoord>330</yCoord>
        </edgeMap>
        <edgeMap>
          <xCoord>141</xCoord>
          <yCoord>329</yCoord>
        </edgeMap>
        <edgeMap>
          <xCoord>142</xCoord>
          <yCoord>328</yCoord>
        </edgeMap>
        <edgeMap>
          <xCoord>143</xCoord>
          <yCoord>327</yCoord>
        </edgeMap>
        <edgeMap>
          <xCoord>143</xCoord>
          <yCoord>326</yCoord>
        </edgeMap>
        <edgeMap>
          <xCoord>143</xCoord>
          <yCoord>325</yCoord>
        </edgeMap>
        <edgeMap>
          <xCoord>143</xCoord>
          <yCoord>324</yCoord>
        </edgeMap>
        <edgeMap>
          <xCoord>143</xCoord>
          <yCoord>323</yCoord>
        </edgeMap>
        <edgeMap>
          <xCoord>142</xCoord>
          <yCoord>322</yCoord>
        </edgeMap>
        <edgeMap>
          <xCoord>141</xCoord>
          <yCoord>321</yCoord>
        </edgeMap>
        <edgeMap>
          <xCoord>140</xCoord>
          <yCoord>321</yCoord>
        </edgeMap>
        <edgeMap>
          <xCoord>139</xCoord>
          <yCoord>321</yCoord>
        </edgeMap>
        <edgeMap>
          <xCoord>138</xCoord>
          <yCoord>322</yCoord>
        </edgeMap>
        <edgeMap>
          <xCoord>137</xCoord>
          <yCoord>323</yCoord>
        </edgeMap>
        <edgeMap>
          <xCoord>136</xCoord>
          <yCoord>323</yCoord>
        </edgeMap>
        <edgeMap>
          <xCoord>135</xCoord>
          <yCoord>324</yCoord>
        </edgeMap>
        <edgeMap>
          <xCoord>134</xCoord>
          <yCoord>325</yCoord>
        </edgeMap>
        <edgeMap>
          <xCoord>133</xCoord>
          <yCoord>326</yCoord>
        </edgeMap>
        <edgeMap>
          <xCoord>133</xCoord>
          <yCoord>327</yCoord>
        </edgeMap>
        <edgeMap>
          <xCoord>134</xCoord>
          <yCoord>328</yCoord>
        </edgeMap>
        <edgeMap>
          <xCoord>135</xCoord>
          <yCoord>329</yCoord>
        </edgeMap>
        <edgeMap>
          <xCoord>136</xCoord>
          <yCoord>330</yCoord>
        </edgeMap>
        <edgeMap>
          <xCoord>137</xCoord>
          <yCoord>331</yCoord>
        </edgeMap>
        <edgeMap>
          <xCoord>138</xCoord>
          <yCoord>331</yCoord>
        </edgeMap>
        <edgeMap>
          <xCoord>139</xCoord>
          <yCoord>331</yCoord>
        </edgeMap>
      </roi>
      <roi>
        <imageZposition>-138.25</imageZposition>
        <imageSOP_UID>1.3.6.1.4.1.14519.5.2.1.6279.6001.143786507290796094716988276623</imageSOP_UID>
        <inclusion>TRUE</inclusion>
        <edgeMap>
          <xCoord>140</xCoord>
          <yCoord>332</yCoord>
        </edgeMap>
        <edgeMap>
          <xCoord>141</xCoord>
          <yCoord>331</yCoord>
        </edgeMap>
        <edgeMap>
          <xCoord>142</xCoord>
          <yCoord>330</yCoord>
        </edgeMap>
        <edgeMap>
          <xCoord>143</xCoord>
          <yCoord>329</yCoord>
        </edgeMap>
        <edgeMap>
          <xCoord>144</xCoord>
          <yCoord>328</yCoord>
        </edgeMap>
        <edgeMap>
          <xCoord>145</xCoord>
          <yCoord>327</yCoord>
        </edgeMap>
        <edgeMap>
          <xCoord>145</xCoord>
          <yCoord>326</yCoord>
        </edgeMap>
        <edgeMap>
          <xCoord>145</xCoord>
          <yCoord>325</yCoord>
        </edgeMap>
        <edgeMap>
          <xCoord>145</xCoord>
          <yCoord>324</yCoord>
        </edgeMap>
        <edgeMap>
          <xCoord>144</xCoord>
          <yCoord>323</yCoord>
        </edgeMap>
        <edgeMap>
          <xCoord>143</xCoord>
          <yCoord>322</yCoord>
        </edgeMap>
        <edgeMap>
          <xCoord>142</xCoord>
          <yCoord>322</yCoord>
        </edgeMap>
        <edgeMap>
          <xCoord>141</xCoord>
          <yCoord>321</yCoord>
        </edgeMap>
        <edgeMap>
          <xCoord>140</xCoord>
          <yCoord>321</yCoord>
        </edgeMap>
        <edgeMap>
          <xCoord>139</xCoord>
          <yCoord>321</yCoord>
        </edgeMap>
        <edgeMap>
          <xCoord>138</xCoord>
          <yCoord>321</yCoord>
        </edgeMap>
        <edgeMap>
          <xCoord>137</xCoord>
          <yCoord>322</yCoord>
        </edgeMap>
        <edgeMap>
          <xCoord>136</xCoord>
          <yCoord>322</yCoord>
        </edgeMap>
        <edgeMap>
          <xCoord>135</xCoord>
          <yCoord>323</yCoord>
        </edgeMap>
        <edgeMap>
          <xCoord>134</xCoord>
          <yCoord>324</yCoord>
        </edgeMap>
        <edgeMap>
          <xCoord>133</xCoord>
          <yCoord>325</yCoord>
        </edgeMap>
        <edgeMap>
          <xCoord>133</xCoord>
          <yCoord>326</yCoord>
        </edgeMap>
        <edgeMap>
          <xCoord>132</xCoord>
          <yCoord>327</yCoord>
        </edgeMap>
        <edgeMap>
          <xCoord>132</xCoord>
          <yCoord>328</yCoord>
        </edgeMap>
        <edgeMap>
          <xCoord>133</xCoord>
          <yCoord>329</yCoord>
        </edgeMap>
        <edgeMap>
          <xCoord>134</xCoord>
          <yCoord>330</yCoord>
        </edgeMap>
        <edgeMap>
          <xCoord>135</xCoord>
          <yCoord>330</yCoord>
        </edgeMap>
        <edgeMap>
          <xCoord>136</xCoord>
          <yCoord>331</yCoord>
        </edgeMap>
        <edgeMap>
          <xCoord>137</xCoord>
          <yCoord>331</yCoord>
        </edgeMap>
        <edgeMap>
          <xCoord>138</xCoord>
          <yCoord>332</yCoord>
        </edgeMap>
        <edgeMap>
          <xCoord>139</xCoord>
          <yCoord>332</yCoord>
        </edgeMap>
        <edgeMap>
          <xCoord>140</xCoord>
          <yCoord>332</yCoord>
        </edgeMap>
      </roi>
      <roi>
        <imageZposition>-140.75</imageZposition>
        <imageSOP_UID>1.3.6.1.4.1.14519.5.2.1.6279.6001.199444233725892094234111886436</imageSOP_UID>
        <inclusion>TRUE</inclusion>
        <edgeMap>
          <xCoord>140</xCoord>
          <yCoord>331</yCoord>
        </edgeMap>
        <edgeMap>
          <xCoord>141</xCoord>
          <yCoord>330</yCoord>
        </edgeMap>
        <edgeMap>
          <xCoord>142</xCoord>
          <yCoord>329</yCoord>
        </edgeMap>
        <edgeMap>
          <xCoord>143</xCoord>
          <yCoord>328</yCoord>
        </edgeMap>
        <edgeMap>
          <xCoord>143</xCoord>
          <yCoord>327</yCoord>
        </edgeMap>
        <edgeMap>
          <xCoord>144</xCoord>
          <yCoord>326</yCoord>
        </edgeMap>
        <edgeMap>
          <xCoord>144</xCoord>
          <yCoord>325</yCoord>
        </edgeMap>
        <edgeMap>
          <xCoord>143</xCoord>
          <yCoord>324</yCoord>
        </edgeMap>
        <edgeMap>
          <xCoord>142</xCoord>
          <yCoord>323</yCoord>
        </edgeMap>
        <edgeMap>
          <xCoord>141</xCoord>
          <yCoord>323</yCoord>
        </edgeMap>
        <edgeMap>
          <xCoord>140</xCoord>
          <yCoord>323</yCoord>
        </edgeMap>
        <edgeMap>
          <xCoord>139</xCoord>
          <yCoord>324</yCoord>
        </edgeMap>
        <edgeMap>
          <xCoord>138</xCoord>
          <yCoord>325</yCoord>
        </edgeMap>
        <edgeMap>
          <xCoord>137</xCoord>
          <yCoord>326</yCoord>
        </edgeMap>
        <edgeMap>
          <xCoord>137</xCoord>
          <yCoord>327</yCoord>
        </edgeMap>
        <edgeMap>
          <xCoord>137</xCoord>
          <yCoord>328</yCoord>
        </edgeMap>
        <edgeMap>
          <xCoord>137</xCoord>
          <yCoord>329</yCoord>
        </edgeMap>
        <edgeMap>
          <xCoord>138</xCoord>
          <yCoord>330</yCoord>
        </edgeMap>
        <edgeMap>
          <xCoord>139</xCoord>
          <yCoord>331</yCoord>
        </edgeMap>
        <edgeMap>
          <xCoord>140</xCoord>
          <yCoord>331</yCoord>
        </edgeMap>
      </roi>
    </unblindedReadNodule>
    <nonNodule>
      <nonNoduleID>172560</nonNoduleID>
      <imageZposition>-145.75</imageZposition>
      <imageSOP_UID>1.3.6.1.4.1.14519.5.2.1.6279.6001.315777161780853024722256903167</imageSOP_UID>
      <locus>
        <xCoord>97</xCoord>
        <yCoord>310</yCoord>
      </locus>
    </nonNodule>
    <nonNodule>
      <nonNoduleID>172574</nonNoduleID>
      <imageZposition>-210.75</imageZposition>
      <imageSOP_UID>1.3.6.1.4.1.14519.5.2.1.6279.6001.319224402158876803677496929377</imageSOP_UID>
      <locus>
        <xCoord>165</xCoord>
        <yCoord>312</yCoord>
      </locus>
    </nonNodule>
    <nonNodule>
      <nonNoduleID>172575</nonNoduleID>
      <imageZposition>-265.75</imageZposition>
      <imageSOP_UID>1.3.6.1.4.1.14519.5.2.1.6279.6001.277292009820492868624105398821</imageSOP_UID>
      <locus>
        <xCoord>195</xCoord>
        <yCoord>359</yCoord>
      </locus>
    </nonNodule>
    <nonNodule>
      <nonNoduleID>172571</nonNoduleID>
      <imageZposition>-210.75</imageZposition>
      <imageSOP_UID>1.3.6.1.4.1.14519.5.2.1.6279.6001.319224402158876803677496929377</imageSOP_UID>
      <locus>
        <xCoord>442</xCoord>
        <yCoord>239</yCoord>
      </locus>
    </nonNodule>
  </readingSession>
</LidcReadMessage>