<?xml version="1.0" encoding="UTF-8"?>
<LidcReadMessage uid="1.3.6.1.4.1.14519.5.2.1.6279.6001.1307390652546.0" xmlns="http://www.nih.gov" xmlns:xsi="http://www.w3.org/2001/XMLSchema-instance" xsi:schemaLocation="http://www.nih.gov       http://troll.rad.med.umich.edu/lidc/LidcReadMessage.xsd">
  <ResponseHeader>
    <Version>1.8</Version>
    <MessageId>UM1.3.6.1.4.1.9328.50.12.451407</MessageId>
    <DateRequest>2008-12-10</DateRequest>
    <TimeRequest>00:00:00</TimeRequest>
    <RequestingSite>removed</RequestingSite>
    <ServicingSite>removed</ServicingSite>
    <TaskDescription>Second unblinded read</TaskDescription>
    <CtImageFile>removed</CtImageFile>
    <SeriesInstanceUid>1.3.6.1.4.1.14519.5.2.1.6279.6001.124656777236468248920498636247</SeriesInstanceUid>
    <StudyInstanceUID>1.3.6.1.4.1.14519.5.2.1.6279.6001.230628711415147360622019058241</StudyInstanceUID>
    <DateService>2008-12-10</DateService>
    <TimeService>00:00:00</TimeService>
    <ResponseDescription>1 - Reading complete</ResponseDescription>
  </ResponseHeader>
	<readingSession>
		<annotationVersion>3.12</annotationVersion>
		<servicingRadiologistID>anon</servicingRadiologistID>
			<unblindedReadNodule>
				<noduleID>0</noduleID>
				<roi>
					<imageZposition>-195.25</imageZposition>
					<imageSOP_UID>1.3.6.1.4.1.14519.5.2.1.6279.6001.160307935903957492797385562826</imageSOP_UID>
					<inclusion>TRUE</inclusion>
					<edgeMap>
					<xCoord>291</xCoord>
					<yCoord>364</yCoord>
					</edgeMap>
				</roi>
			</unblindedReadNodule>
			<unblindedReadNodule>
				<noduleID>1</noduleID>
				<roi>
					<imageZposition>-307.75</imageZposition>
					<imageSOP_UID>1.3.6.1.4.1.14519.5.2.1.6279.6001.326495137859368794833924011799</imageSOP_UID>
					<inclusion>TRUE</inclusion>
					<edgeMap>
					<xCoord>169</xCoord>
					<yCoord>366</yCoord>
					</edgeMap>
				</roi>
			</unblindedReadNodule>
	</readingSession>
<readingSession>
<annotationVersion>3.12</annotationVersion>
<servicingRadiologistID>anon</servicingRadiologistID>
<unblindedReadNodule>
<noduleID>163194</noduleID>
<roi>
<imageZposition>-195.25</imageZposition>
<imageSOP_UID>1.3.6.1.4.1.14519.5.2.1.6279.6001.160307935903957492797385562826</imageSOP_UID>
<inclusion>TRUE</inclusion>
<edgeMap>
<xCoord>291</xCoord>
<yCoord>362</yCoord>
</edgeMap>
</roi>
</unblindedReadNodule>
<nonNodule>
<nonNoduleID>163196</nonNoduleID>
<imageZposition>-225.25</imageZposition>
<imageSOP_UID>1.3.6.1.4.1.14519.5.2.1.6279.6001.911549184555902008614023669367</imageSOP_UID>
<locus>
<xCoord>385</xCoord>
<yCoord>200</yCoord>
</locus>
</nonNodule>
</readingSession>
  <readingSession>
    <annotationVersion>3.12</annotationVersion>
    <servicingRadiologistID>anon</servicingRadiologistID>
    <nonNodule>
      <nonNoduleID>161973</nonNoduleID>
      <imageZposition>-225.25</imageZposition>
      <imageSOP_UID>1.3.6.1.4.1.14519.5.2.1.6279.6001.911549184555902008614023669367</imageSOP_UID>
      <locus>
        <xCoord>385</xCoord>
        <yCoord>200</yCoord>
      </locus>
    </nonNodule>
  </readingSession>
  <readingSession>
    <annotationVersion>3.12</annotationVersion>
    <servicingRadiologistID>anon</servicingRadiologistID>
    <unblindedReadNodule>
      <noduleID>Nodule 001</noduleID>
      <roi>
        <imageZposition>-195.250</imageZposition>
        <imageSOP_UID>1.3.6.1.4.1.14519.5.2.1.6279.6001.160307935903957492797385562826</imageSOP_UID>
        <inclusion>TRUE</inclusion>
        <edgeMap>
          <xCoord>291</xCoord>
          <yCoord>362</yCoord>
        </edgeMap>
      </roi>
    </unblindedReadNodule>
    <nonNodule>
      <nonNoduleID>_Non-nodule 001</nonNoduleID>
      <imageZposition>-225.250</imageZposition>
      <imageSOP_UID>1.3.6.1.4.1.14519.5.2.1.6279.6001.911549184555902008614023669367</imageSOP_UID>
      <locus>
        <xCoord>385</xCoord>
        <yCoord>201</yCoord>
      </locus>
    </nonNodule>
  </readingSession>
</LidcReadMessage>