<?xml version="1.0" encoding="UTF-8"?>
<LidcReadMessage uid="1.3.6.1.4.1.14519.5.2.1.6279.6001.1307390732286.0" xmlns="http://www.nih.gov" xmlns:xsi="http://www.w3.org/2001/XMLSchema-instance" xsi:schemaLocation="http://www.nih.gov       http://troll.rad.med.umich.edu/lidc/LidcReadMessage.xsd">
  <ResponseHeader>
    <Version>1.8</Version>
    <MessageId>UM1.3.6.1.4.1.9328.50.12.477658</MessageId>
    <DateRequest>2009-01-26</DateRequest>
    <TimeRequest>00:00:00</TimeRequest>
    <RequestingSite>removed</RequestingSite>
    <ServicingSite>removed</ServicingSite>
    <TaskDescription>Second unblinded read</TaskDescription>
    <CtImageFile>removed</CtImageFile>
    <SeriesInstanceUid>1.3.6.1.4.1.14519.5.2.1.6279.6001.177985905159808659201278495182</SeriesInstanceUid>
    <DateService>2009-01-26</DateService>
    <TimeService>00:00:00</TimeService>
    <ResponseDescription>1 - Reading complete</ResponseDescription>
  <StudyInstanceUID>1.3.6.1.4.1.14519.5.2.1.6279.6001.456657617221039306684558366650</StudyInstanceUID></ResponseHeader>
	<readingSession>
		<annotationVersion>3.12</annotationVersion>
		<servicingRadiologistID>anon</servicingRadiologistID>
			<unblindedReadNodule>
				<noduleID>0</noduleID>
				<roi>
					<imageZposition>-121.75</imageZposition>
					<imageSOP_UID>1.3.6.1.4.1.14519.5.2.1.6279.6001.336318481483939152902428910509</imageSOP_UID>
					<inclusion>TRUE</inclusion>
					<edgeMap>
					<xCoord>123</xCoord>
					<yCoord>316</yCoord>
					</edgeMap>
				</roi>
			</unblindedReadNodule>
			<unblindedReadNodule>
				<noduleID>2</noduleID>
				<roi>
					<imageZposition>-59.25</imageZposition>
					<imageSOP_UID>1.3.6.1.4.1.14519.5.2.1.6279.6001.306495405083671808809790899118</imageSOP_UID>
					<inclusion>TRUE</inclusion>
					<edgeMap>
					<xCoord>319</xCoord>
					<yCoord>250</yCoord>
					</edgeMap>
				</roi>
			</unblindedReadNodule>
			<nonNodule>
				<nonNoduleID>1</nonNoduleID>
				<imageZposition>-51.75</imageZposition>
				<imageSOP_UID>1.3.6.1.4.1.14519.5.2.1.6279.6001.669430964850857274703147873675</imageSOP_UID>
				<locus>
					<xCoord>340</xCoord>
					<yCoord>277</yCoord>
				</locus>
			</nonNodule>
			<nonNodule>
				<nonNoduleID>3</nonNoduleID>
				<imageZposition>-211.75</imageZposition>
				<imageSOP_UID>1.3.6.1.4.1.14519.5.2.1.6279.6001.215607248187185193889631568011</imageSOP_UID>
				<locus>
					<xCoord>202</xCoord>
					<yCoord>239</yCoord>
				</locus>
			</nonNodule>
	</readingSession>
<readingSession>
<annotationVersion>3.12</annotationVersion>
<servicingRadiologistID>anon</servicingRadiologistID>
<unblindedReadNodule>
<noduleID>171405</noduleID>
<roi>
<imageZposition>-121.75</imageZposition>
<imageSOP_UID>1.3.6.1.4.1.14519.5.2.1.6279.6001.336318481483939152902428910509</imageSOP_UID>
<inclusion>TRUE</inclusion>
<edgeMap>
<xCoord>121</xCoord>
<yCoord>317</yCoord>
</edgeMap>
</roi>
</unblindedReadNodule>
<unblindedReadNodule>
<noduleID>171412</noduleID>
<characteristics>
<subtlety>4</subtlety>
<internalStructure>1</internalStructure>
<calcification>3</calcification>
<sphericity>3</sphericity>
<margin>5</margin>
<lobulation>2</lobulation>
<spiculation>1</spiculation>
<texture>5</texture>
<malignancy>1</malignancy>
</characteristics>
<roi>
<imageZposition>-209.25</imageZposition>
<imageSOP_UID>1.3.6.1.4.1.14519.5.2.1.6279.6001.839045957762954168917653639932</imageSOP_UID>
<inclusion>TRUE</inclusion>
<edgeMap>
<xCoord>203</xCoord>
<yCoord>243</yCoord>
</edgeMap>
<edgeMap>
<xCoord>203</xCoord>
<yCoord>242</yCoord>
</edgeMap>
<edgeMap>
<xCoord>204</xCoord>
<yCoord>241</yCoord>
</edgeMap>
<edgeMap>
<xCoord>205</xCoord>
<yCoord>240</yCoord>
</edgeMap>
<edgeMap>
<xCoord>206</xCoord>
<yCoord>239</yCoord>
</edgeMap>
<edgeMap>
<xCoord>206</xCoord>
<yCoord>238</yCoord>
</edgeMap>
<edgeMap>
<xCoord>206</xCoord>
<yCoord>237</yCoord>
</edgeMap>
<edgeMap>
<xCoord>206</xCoord>
<yCoord>236</yCoord>
</edgeMap>
<edgeMap>
<xCoord>205</xCoord>
<yCoord>236</yCoord>
</edgeMap>
<edgeMap>
<xCoord>204</xCoord>
<yCoord>235</yCoord>
</edgeMap>
<edgeMap>
<xCoord>203</xCoord>
<yCoord>234</yCoord>
</edgeMap>
<edgeMap>
<xCoord>202</xCoord>
<yCoord>235</yCoord>
</edgeMap>
<edgeMap>
<xCoord>201</xCoord>
<yCoord>236</yCoord>
</edgeMap>
<edgeMap>
<xCoord>200</xCoord>
<yCoord>237</yCoord>
</edgeMap>
<edgeMap>
<xCoord>200</xCoord>
<yCoord>238</yCoord>
</edgeMap>
<edgeMap>
<xCoord>199</xCoord>
<yCoord>239</yCoord>
</edgeMap>
<edgeMap>
<xCoord>199</xCoord>
<yCoord>240</yCoord>
</edgeMap>
<edgeMap>
<xCoord>200</xCoord>
<yCoord>241</yCoord>
</edgeMap>
<edgeMap>
<xCoord>201</xCoord>
<yCoord>242</yCoord>
</edgeMap>
<edgeMap>
<xCoord>201</xCoord>
<yCoord>243</yCoord>
</edgeMap>
<edgeMap>
<xCoord>202</xCoord>
<yCoord>243</yCoord>
</edgeMap>
<edgeMap>
<xCoord>203</xCoord>
<yCoord>243</yCoord>
</edgeMap>
</roi>
<roi>
<imageZposition>-211.75</imageZposition>
<imageSOP_UID>1.3.6.1.4.1.14519.5.2.1.6279.6001.215607248187185193889631568011</imageSOP_UID>
<inclusion>TRUE</inclusion>
<edgeMap>
<xCoord>205</xCoord>
<yCoord>241</yCoord>
</edgeMap>
<edgeMap>
<xCoord>206</xCoord>
<yCoord>240</yCoord>
</edgeMap>
<edgeMap>
<xCoord>207</xCoord>
<yCoord>239</yCoord>
</edgeMap>
<edgeMap>
<xCoord>207</xCoord>
<yCoord>238</yCoord>
</edgeMap>
<edgeMap>
<xCoord>207</xCoord>
<yCoord>237</yCoord>
</edgeMap>
<edgeMap>
<xCoord>206</xCoord>
<yCoord>236</yCoord>
</edgeMap>
<edgeMap>
<xCoord>205</xCoord>
<yCoord>235</yCoord>
</edgeMap>
<edgeMap>
<xCoord>204</xCoord>
<yCoord>235</yCoord>
</edgeMap>
<edgeMap>
<xCoord>203</xCoord>
<yCoord>235</yCoord>
</edgeMap>
<edgeMap>
<xCoord>202</xCoord>
<yCoord>235</yCoord>
</edgeMap>
<edgeMap>
<xCoord>201</xCoord>
<yCoord>235</yCoord>
</edgeMap>
<edgeMap>
<xCoord>201</xCoord>
<yCoord>236</yCoord>
</edgeMap>
<edgeMap>
<xCoord>200</xCoord>
<yCoord>237</yCoord>
</edgeMap>
<edgeMap>
<xCoord>200</xCoord>
<yCoord>238</yCoord>
</edgeMap>
<edgeMap>
<xCoord>199</xCoord>
<yCoord>239</yCoord>
</edgeMap>
<edgeMap>
<xCoord>200</xCoord>
<yCoord>240</yCoord>
</edgeMap>
<edgeMap>
<xCoord>201</xCoord>
<yCoord>241</yCoord>
</edgeMap>
<edgeMap>
<xCoord>202</xCoord>
<yCoord>241</yCoord>
</edgeMap>
<edgeMap>
<xCoord>203</xCoord>
<yCoord>241</yCoord>
</edgeMap>
<edgeMap>
<xCoord>204</xCoord>
<yCoord>241</yCoord>
</edgeMap>
<edgeMap>
<xCoord>205</xCoord>
<yCoord>241</yCoord>
</edgeMap>
</roi>
</unblindedReadNodule>
<nonNodule>
<nonNoduleID>171408</nonNoduleID>
<imageZposition>-216.75</imageZposition>
<imageSOP_UID>1.3.6.1.4.1.14519.5.2.1.6279.6001.234952196805310016888538055212</imageSOP_UID>
<locus>
<xCoord>180</xCoord>
<yCoord>164</yCoord>
</locus>
</nonNodule>
<nonNodule>
<nonNoduleID>171409</nonNoduleID>
<imageZposition>-36.75</imageZposition>
<imageSOP_UID>1.3.6.1.4.1.14519.5.2.1.6279.6001.143763170894418152525517223568</imageSOP_UID>
<locus>
<xCoord>310</xCoord>
<yCoord>250</yCoord>
</locus>
</nonNodule>
</readingSession>
  <readingSession>
    <annotationVersion>3.12</annotationVersion>
    <servicingRadiologistID>anon</servicingRadiologistID>
    <unblindedReadNodule>
      <noduleID>168247</noduleID>
      <characteristics>
        <subtlety>3</subtlety>
        <internalStructure>1</internalStructure>
        <calcification>6</calcification>
        <sphericity>3</sphericity>
        <margin>4</margin>
        <lobulation>3</lobulation>
        <spiculation>1</spiculation>
        <texture>5</texture>
        <malignancy>3</malignancy>
      </characteristics>
      <roi>
        <imageZposition>-119.25</imageZposition>
        <imageSOP_UID>1.3.6.1.4.1.14519.5.2.1.6279.6001.106238767343217615288273630682</imageSOP_UID>
        <inclusion>TRUE</inclusion>
        <edgeMap>
          <xCoord>122</xCoord>
          <yCoord>319</yCoord>
        </edgeMap>
        <edgeMap>
          <xCoord>123</xCoord>
          <yCoord>318</yCoord>
        </edgeMap>
        <edgeMap>
          <xCoord>124</xCoord>
          <yCoord>317</yCoord>
        </edgeMap>
        <edgeMap>
          <xCoord>125</xCoord>
          <yCoord>316</yCoord>
        </edgeMap>
        <edgeMap>
          <xCoord>124</xCoord>
          <yCoord>315</yCoord>
        </edgeMap>
        <edgeMap>
          <xCoord>123</xCoord>
          <yCoord>314</yCoord>
        </edgeMap>
        <edgeMap>
          <xCoord>122</xCoord>
          <yCoord>313</yCoord>
        </edgeMap>
        <edgeMap>
          <xCoord>121</xCoord>
          <yCoord>314</yCoord>
        </edgeMap>
        <edgeMap>
          <xCoord>120</xCoord>
          <yCoord>315</yCoord>
        </edgeMap>
        <edgeMap>
          <xCoord>119</xCoord>
          <yCoord>316</yCoord>
        </edgeMap>
        <edgeMap>
          <xCoord>120</xCoord>
          <yCoord>317</yCoord>
        </edgeMap>
        <edgeMap>
          <xCoord>121</xCoord>
          <yCoord>318</yCoord>
        </edgeMap>
        <edgeMap>
          <xCoord>122</xCoord>
          <yCoord>319</yCoord>
        </edgeMap>
      </roi>
      <roi>
        <imageZposition>-121.75</imageZposition>
        <imageSOP_UID>1.3.6.1.4.1.14519.5.2.1.6279.6001.336318481483939152902428910509</imageSOP_UID>
        <inclusion>TRUE</inclusion>
        <edgeMap>
          <xCoord>122</xCoord>
          <yCoord>321</yCoord>
        </edgeMap>
        <edgeMap>
          <xCoord>123</xCoord>
          <yCoord>320</yCoord>
        </edgeMap>
        <edgeMap>
          <xCoord>124</xCoord>
          <yCoord>319</yCoord>
        </edgeMap>
        <edgeMap>
          <xCoord>125</xCoord>
          <yCoord>319</yCoord>
        </edgeMap>
        <edgeMap>
          <xCoord>126</xCoord>
          <yCoord>318</yCoord>
        </edgeMap>
        <edgeMap>
          <xCoord>127</xCoord>
          <yCoord>317</yCoord>
        </edgeMap>
        <edgeMap>
          <xCoord>127</xCoord>
          <yCoord>316</yCoord>
        </edgeMap>
        <edgeMap>
          <xCoord>127</xCoord>
          <yCoord>315</yCoord>
        </edgeMap>
        <edgeMap>
          <xCoord>126</xCoord>
          <yCoord>314</yCoord>
        </edgeMap>
        <edgeMap>
          <xCoord>125</xCoord>
          <yCoord>314</yCoord>
        </edgeMap>
        <edgeMap>
          <xCoord>124</xCoord>
          <yCoord>313</yCoord>
        </edgeMap>
        <edgeMap>
          <xCoord>123</xCoord>
          <yCoord>313</yCoord>
        </edgeMap>
        <edgeMap>
          <xCoord>122</xCoord>
          <yCoord>313</yCoord>
        </edgeMap>
        <edgeMap>
          <xCoord>121</xCoord>
          <yCoord>314</yCoord>
        </edgeMap>
        <edgeMap>
          <xCoord>120</xCoord>
          <yCoord>315</yCoord>
        </edgeMap>
        <edgeMap>
          <xCoord>119</xCoord>
          <yCoord>316</yCoord>
        </edgeMap>
        <edgeMap>
          <xCoord>118</xCoord>
          <yCoord>317</yCoord>
        </edgeMap>
        <edgeMap>
          <xCoord>118</xCoord>
          <yCoord>318</yCoord>
        </edgeMap>
        <edgeMap>
          <xCoord>119</xCoord>
          <yCoord>319</yCoord>
        </edgeMap>
        <edgeMap>
          <xCoord>119</xCoord>
          <yCoord>320</yCoord>
        </edgeMap>
        <edgeMap>
          <xCoord>120</xCoord>
          <yCoord>321</yCoord>
        </edgeMap>
        <edgeMap>
          <xCoord>121</xCoord>
          <yCoord>321</yCoord>
        </edgeMap>
        <edgeMap>
          <xCoord>122</xCoord>
          <yCoord>321</yCoord>
        </edgeMap>
      </roi>
    </unblindedReadNodule>
    <unblindedReadNodule>
      <noduleID>168252</noduleID>
      <roi>
        <imageZposition>-51.75</imageZposition>
        <imageSOP_UID>1.3.6.1.4.1.14519.5.2.1.6279.6001.669430964850857274703147873675</imageSOP_UID>
        <inclusion>TRUE</inclusion>
        <edgeMap>
          <xCoord>340</xCoord>
          <yCoord>277</yCoord>
        </edgeMap>
      </roi>
    </unblindedReadNodule>
  </readingSession>
  <readingSession>
    <annotationVersion>3.12</annotationVersion>
    <servicingRadiologistID>anon</servicingRadiologistID>
    <unblindedReadNodule>
      <noduleID>Nodule 001</noduleID>
      <characteristics>
        <subtlety>4</subtlety>
        <internalStructure>1</internalStructure>
        <calcification>6</calcification>
        <sphericity>4</sphericity>
        <margin>5</margin>
        <lobulation>1</lobulation>
        <spiculation>1</spiculation>
        <texture>5</texture>
        <malignancy>3</malignancy>
      </characteristics>
      <roi>
        <imageZposition>-121.750</imageZposition>
        <imageSOP_UID>1.3.6.1.4.1.14519.5.2.1.6279.6001.336318481483939152902428910509</imageSOP_UID>
        <inclusion>TRUE</inclusion>
        <edgeMap>
          <xCoord>122</xCoord>
          <yCoord>313</yCoord>
        </edgeMap>
        <edgeMap>
          <xCoord>121</xCoord>
          <yCoord>314</yCoord>
        </edgeMap>
        <edgeMap>
          <xCoord>120</xCoord>
          <yCoord>314</yCoord>
        </edgeMap>
        <edgeMap>
          <xCoord>119</xCoord>
          <yCoord>315</yCoord>
        </edgeMap>
        <edgeMap>
          <xCoord>118</xCoord>
          <yCoord>316</yCoord>
        </edgeMap>
        <edgeMap>
          <xCoord>119</xCoord>
          <yCoord>317</yCoord>
        </edgeMap>
        <edgeMap>
          <xCoord>119</xCoord>
          <yCoord>318</yCoord>
        </edgeMap>
        <edgeMap>
          <xCoord>119</xCoord>
          <yCoord>319</yCoord>
        </edgeMap>
        <edgeMap>
          <xCoord>120</xCoord>
          <yCoord>320</yCoord>
        </edgeMap>
        <edgeMap>
          <xCoord>121</xCoord>
          <yCoord>321</yCoord>
        </edgeMap>
        <edgeMap>
          <xCoord>122</xCoord>
          <yCoord>321</yCoord>
        </edgeMap>
        <edgeMap>
          <xCoord>123</xCoord>
          <yCoord>321</yCoord>
        </edgeMap>
        <edgeMap>
          <xCoord>124</xCoord>
          <yCoord>321</yCoord>
        </edgeMap>
        <edgeMap>
          <xCoord>125</xCoord>
          <yCoord>320</yCoord>
        </edgeMap>
        <edgeMap>
          <xCoord>126</xCoord>
          <yCoord>319</yCoord>
        </edgeMap>
        <edgeMap>
          <xCoord>126</xCoord>
          <yCoord>318</yCoord>
        </edgeMap>
        <edgeMap>
          <xCoord>126</xCoord>
          <yCoord>317</yCoord>
        </edgeMap>
        <edgeMap>
          <xCoord>126</xCoord>
          <yCoord>316</yCoord>
        </edgeMap>
        <edgeMap>
          <xCoord>125</xCoord>
          <yCoord>315</yCoord>
        </edgeMap>
        <edgeMap>
          <xCoord>125</xCoord>
          <yCoord>314</yCoord>
        </edgeMap>
        <edgeMap>
          <xCoord>124</xCoord>
          <yCoord>313</yCoord>
        </edgeMap>
        <edgeMap>
          <xCoord>123</xCoord>
          <yCoord>313</yCoord>
        </edgeMap>
        <edgeMap>
          <xCoord>122</xCoord>
          <yCoord>313</yCoord>
        </edgeMap>
      </roi>
    </unblindedReadNodule>
    <unblindedReadNodule>
      <noduleID>Nodule 002</noduleID>
      <roi>
        <imageZposition>-51.750 </imageZposition>
        <imageSOP_UID>1.3.6.1.4.1.14519.5.2.1.6279.6001.669430964850857274703147873675</imageSOP_UID>
        <inclusion>TRUE</inclusion>
        <edgeMap>
          <xCoord>339</xCoord>
          <yCoord>276</yCoord>
        </edgeMap>
      </roi>
    </unblindedReadNodule>
    <nonNodule>
      <nonNoduleID>_Non-nodule 001</nonNoduleID>
      <imageZposition>-216.750</imageZposition>
      <imageSOP_UID>1.3.6.1.4.1.14519.5.2.1.6279.6001.234952196805310016888538055212</imageSOP_UID>
      <locus>
        <xCoord>180</xCoord>
        <yCoord>164</yCoord>
      </locus>
    </nonNodule>
    <nonNodule>
      <nonNoduleID>_Non-nodule 002</nonNoduleID>
      <imageZposition>-36.750 </imageZposition>
      <imageSOP_UID>1.3.6.1.4.1.14519.5.2.1.6279.6001.143763170894418152525517223568</imageSOP_UID>
      <locus>
        <xCoord>310</xCoord>
        <yCoord>250</yCoord>
      </locus>
    </nonNodule>
  </readingSession>
</LidcReadMessage>