<?xml version="1.0" encoding="UTF-8"?>
<LidcReadMessage uid="1.3.6.1.4.1.14519.5.2.1.6279.6001.1307390763777.0" xmlns="http://www.nih.gov" xmlns:xsi="http://www.w3.org/2001/XMLSchema-instance" xsi:schemaLocation="http://www.nih.gov       http://troll.rad.med.umich.edu/lidc/LidcReadMessage.xsd">
  <ResponseHeader>
    <Version>1.8</Version>
    <MessageId>UM1.3.6.1.4.1.9328.50.12.475015</MessageId>
    <DateRequest>2009-01-26</DateRequest>
    <TimeRequest>00:00:00</TimeRequest>
    <RequestingSite>removed</RequestingSite>
    <ServicingSite>removed</ServicingSite>
    <TaskDescription>Second unblinded read</TaskDescription>
    <CtImageFile>removed</CtImageFile>
    <SeriesInstanceUid>1.3.6.1.4.1.14519.5.2.1.6279.6001.106164978370116976238911317774</SeriesInstanceUid>
    <DateService>2009-01-26</DateService>
    <TimeService>00:00:00</TimeService>
    <ResponseDescription>1 - Reading complete</ResponseDescription>
  <StudyInstanceUID>1.3.6.1.4.1.14519.5.2.1.6279.6001.305011216002720504189976406136</StudyInstanceUID></ResponseHeader>
	<readingSession>
		<annotationVersion>3.12</annotationVersion>
		<servicingRadiologistID>anon</servicingRadiologistID>
			<unblindedReadNodule>
				<noduleID>0</noduleID>
				<characteristics>
					<subtlety>3</subtlety>
					<internalStructure>1</internalStructure>
					<calcification>6</calcification>
					<sphericity>5</sphericity>
					<margin>5</margin>
					<lobulation>1</lobulation>
					<spiculation>1</spiculation>
					<texture>5</texture>
					<malignancy>2</malignancy>
				</characteristics>
				<roi>
					<imageZposition>-166.75</imageZposition>
					<imageSOP_UID>1.3.6.1.4.1.14519.5.2.1.6279.6001.230515731588650912146494360279</imageSOP_UID>
					<inclusion>TRUE</inclusion>
					<edgeMap>
					<xCoord>247</xCoord>
					<yCoord>311</yCoord>
					</edgeMap>
					<edgeMap>
					<xCoord>247</xCoord>
					<yCoord>310</yCoord>
					</edgeMap>
					<edgeMap>
					<xCoord>247</xCoord>
					<yCoord>309</yCoord>
					</edgeMap>
					<edgeMap>
					<xCoord>247</xCoord>
					<yCoord>308</yCoord>
					</edgeMap>
					<edgeMap>
					<xCoord>247</xCoord>
					<yCoord>307</yCoord>
					</edgeMap>
					<edgeMap>
					<xCoord>248</xCoord>
					<yCoord>306</yCoord>
					</edgeMap>
					<edgeMap>
					<xCoord>249</xCoord>
					<yCoord>306</yCoord>
					</edgeMap>
					<edgeMap>
					<xCoord>250</xCoord>
					<yCoord>305</yCoord>
					</edgeMap>
					<edgeMap>
					<xCoord>251</xCoord>
					<yCoord>305</yCoord>
					</edgeMap>
					<edgeMap>
					<xCoord>252</xCoord>
					<yCoord>305</yCoord>
					</edgeMap>
					<edgeMap>
					<xCoord>253</xCoord>
					<yCoord>305</yCoord>
					</edgeMap>
					<edgeMap>
					<xCoord>254</xCoord>
					<yCoord>306</yCoord>
					</edgeMap>
					<edgeMap>
					<xCoord>255</xCoord>
					<yCoord>307</yCoord>
					</edgeMap>
					<edgeMap>
					<xCoord>255</xCoord>
					<yCoord>308</yCoord>
					</edgeMap>
					<edgeMap>
					<xCoord>255</xCoord>
					<yCoord>309</yCoord>
					</edgeMap>
					<edgeMap>
					<xCoord>255</xCoord>
					<yCoord>310</yCoord>
					</edgeMap>
					<edgeMap>
					<xCoord>254</xCoord>
					<yCoord>311</yCoord>
					</edgeMap>
					<edgeMap>
					<xCoord>253</xCoord>
					<yCoord>312</yCoord>
					</edgeMap>
					<edgeMap>
					<xCoord>252</xCoord>
					<yCoord>312</yCoord>
					</edgeMap>
					<edgeMap>
					<xCoord>251</xCoord>
					<yCoord>312</yCoord>
					</edgeMap>
					<edgeMap>
					<xCoord>250</xCoord>
					<yCoord>312</yCoord>
					</edgeMap>
					<edgeMap>
					<xCoord>249</xCoord>
					<yCoord>312</yCoord>
					</edgeMap>
					<edgeMap>
					<xCoord>248</xCoord>
					<yCoord>312</yCoord>
					</edgeMap>
					<edgeMap>
					<xCoord>247</xCoord>
					<yCoord>311</yCoord>
					</edgeMap>
				</roi>
				<roi>
					<imageZposition>-169.25</imageZposition>
					<imageSOP_UID>1.3.6.1.4.1.14519.5.2.1.6279.6001.656562771869487801082273812277</imageSOP_UID>
					<inclusion>TRUE</inclusion>
					<edgeMap>
					<xCoord>252</xCoord>
					<yCoord>313</yCoord>
					</edgeMap>
					<edgeMap>
					<xCoord>251</xCoord>
					<yCoord>313</yCoord>
					</edgeMap>
					<edgeMap>
					<xCoord>250</xCoord>
					<yCoord>314</yCoord>
					</edgeMap>
					<edgeMap>
					<xCoord>249</xCoord>
					<yCoord>314</yCoord>
					</edgeMap>
					<edgeMap>
					<xCoord>248</xCoord>
					<yCoord>314</yCoord>
					</edgeMap>
					<edgeMap>
					<xCoord>247</xCoord>
					<yCoord>313</yCoord>
					</edgeMap>
					<edgeMap>
					<xCoord>246</xCoord>
					<yCoord>312</yCoord>
					</edgeMap>
					<edgeMap>
					<xCoord>246</xCoord>
					<yCoord>311</yCoord>
					</edgeMap>
					<edgeMap>
					<xCoord>246</xCoord>
					<yCoord>310</yCoord>
					</edgeMap>
					<edgeMap>
					<xCoord>246</xCoord>
					<yCoord>309</yCoord>
					</edgeMap>
					<edgeMap>
					<xCoord>246</xCoord>
					<yCoord>308</yCoord>
					</edgeMap>
					<edgeMap>
					<xCoord>246</xCoord>
					<yCoord>307</yCoord>
					</edgeMap>
					<edgeMap>
					<xCoord>246</xCoord>
					<yCoord>306</yCoord>
					</edgeMap>
					<edgeMap>
					<xCoord>247</xCoord>
					<yCoord>305</yCoord>
					</edgeMap>
					<edgeMap>
					<xCoord>248</xCoord>
					<yCoord>304</yCoord>
					</edgeMap>
					<edgeMap>
					<xCoord>249</xCoord>
					<yCoord>304</yCoord>
					</edgeMap>
					<edgeMap>
					<xCoord>250</xCoord>
					<yCoord>303</yCoord>
					</edgeMap>
					<edgeMap>
					<xCoord>251</xCoord>
					<yCoord>303</yCoord>
					</edgeMap>
					<edgeMap>
					<xCoord>252</xCoord>
					<yCoord>303</yCoord>
					</edgeMap>
					<edgeMap>
					<xCoord>253</xCoord>
					<yCoord>303</yCoord>
					</edgeMap>
					<edgeMap>
					<xCoord>254</xCoord>
					<yCoord>303</yCoord>
					</edgeMap>
					<edgeMap>
					<xCoord>255</xCoord>
					<yCoord>304</yCoord>
					</edgeMap>
					<edgeMap>
					<xCoord>255</xCoord>
					<yCoord>305</yCoord>
					</edgeMap>
					<edgeMap>
					<xCoord>256</xCoord>
					<yCoord>306</yCoord>
					</edgeMap>
					<edgeMap>
					<xCoord>256</xCoord>
					<yCoord>307</yCoord>
					</edgeMap>
					<edgeMap>
					<xCoord>256</xCoord>
					<yCoord>308</yCoord>
					</edgeMap>
					<edgeMap>
					<xCoord>256</xCoord>
					<yCoord>309</yCoord>
					</edgeMap>
					<edgeMap>
					<xCoord>256</xCoord>
					<yCoord>310</yCoord>
					</edgeMap>
					<edgeMap>
					<xCoord>256</xCoord>
					<yCoord>311</yCoord>
					</edgeMap>
					<edgeMap>
					<xCoord>255</xCoord>
					<yCoord>312</yCoord>
					</edgeMap>
					<edgeMap>
					<xCoord>254</xCoord>
					<yCoord>312</yCoord>
					</edgeMap>
					<edgeMap>
					<xCoord>253</xCoord>
					<yCoord>312</yCoord>
					</edgeMap>
					<edgeMap>
					<xCoord>252</xCoord>
					<yCoord>313</yCoord>
					</edgeMap>
				</roi>
				<roi>
					<imageZposition>-171.75</imageZposition>
					<imageSOP_UID>1.3.6.1.4.1.14519.5.2.1.6279.6001.278889270582149247728725522085</imageSOP_UID>
					<inclusion>TRUE</inclusion>
					<edgeMap>
					<xCoord>246</xCoord>
					<yCoord>315</yCoord>
					</edgeMap>
					<edgeMap>
					<xCoord>246</xCoord>
					<yCoord>314</yCoord>
					</edgeMap>
					<edgeMap>
					<xCoord>246</xCoord>
					<yCoord>313</yCoord>
					</edgeMap>
					<edgeMap>
					<xCoord>245</xCoord>
					<yCoord>312</yCoord>
					</edgeMap>
					<edgeMap>
					<xCoord>245</xCoord>
					<yCoord>311</yCoord>
					</edgeMap>
					<edgeMap>
					<xCoord>246</xCoord>
					<yCoord>310</yCoord>
					</edgeMap>
					<edgeMap>
					<xCoord>246</xCoord>
					<yCoord>309</yCoord>
					</edgeMap>
					<edgeMap>
					<xCoord>246</xCoord>
					<yCoord>308</yCoord>
					</edgeMap>
					<edgeMap>
					<xCoord>247</xCoord>
					<yCoord>307</yCoord>
					</edgeMap>
					<edgeMap>
					<xCoord>248</xCoord>
					<yCoord>307</yCoord>
					</edgeMap>
					<edgeMap>
					<xCoord>249</xCoord>
					<yCoord>306</yCoord>
					</edgeMap>
					<edgeMap>
					<xCoord>250</xCoord>
					<yCoord>306</yCoord>
					</edgeMap>
					<edgeMap>
					<xCoord>251</xCoord>
					<yCoord>306</yCoord>
					</edgeMap>
					<edgeMap>
					<xCoord>251</xCoord>
					<yCoord>305</yCoord>
					</edgeMap>
					<edgeMap>
					<xCoord>252</xCoord>
					<yCoord>305</yCoord>
					</edgeMap>
					<edgeMap>
					<xCoord>253</xCoord>
					<yCoord>306</yCoord>
					</edgeMap>
					<edgeMap>
					<xCoord>254</xCoord>
					<yCoord>306</yCoord>
					</edgeMap>
					<edgeMap>
					<xCoord>255</xCoord>
					<yCoord>307</yCoord>
					</edgeMap>
					<edgeMap>
					<xCoord>255</xCoord>
					<yCoord>308</yCoord>
					</edgeMap>
					<edgeMap>
					<xCoord>255</xCoord>
					<yCoord>309</yCoord>
					</edgeMap>
					<edgeMap>
					<xCoord>255</xCoord>
					<yCoord>310</yCoord>
					</edgeMap>
					<edgeMap>
					<xCoord>255</xCoord>
					<yCoord>311</yCoord>
					</edgeMap>
					<edgeMap>
					<xCoord>254</xCoord>
					<yCoord>312</yCoord>
					</edgeMap>
					<edgeMap>
					<xCoord>253</xCoord>
					<yCoord>313</yCoord>
					</edgeMap>
					<edgeMap>
					<xCoord>253</xCoord>
					<yCoord>314</yCoord>
					</edgeMap>
					<edgeMap>
					<xCoord>252</xCoord>
					<yCoord>315</yCoord>
					</edgeMap>
					<edgeMap>
					<xCoord>251</xCoord>
					<yCoord>316</yCoord>
					</edgeMap>
					<edgeMap>
					<xCoord>250</xCoord>
					<yCoord>316</yCoord>
					</edgeMap>
					<edgeMap>
					<xCoord>249</xCoord>
					<yCoord>316</yCoord>
					</edgeMap>
					<edgeMap>
					<xCoord>248</xCoord>
					<yCoord>316</yCoord>
					</edgeMap>
					<edgeMap>
					<xCoord>247</xCoord>
					<yCoord>316</yCoord>
					</edgeMap>
					<edgeMap>
					<xCoord>246</xCoord>
					<yCoord>315</yCoord>
					</edgeMap>
				</roi>
				<roi>
					<imageZposition>-174.25</imageZposition>
					<imageSOP_UID>1.3.6.1.4.1.14519.5.2.1.6279.6001.624325056058325454068911457234</imageSOP_UID>
					<inclusion>TRUE</inclusion>
					<edgeMap>
					<xCoord>246</xCoord>
					<yCoord>313</yCoord>
					</edgeMap>
					<edgeMap>
					<xCoord>246</xCoord>
					<yCoord>312</yCoord>
					</edgeMap>
					<edgeMap>
					<xCoord>246</xCoord>
					<yCoord>311</yCoord>
					</edgeMap>
					<edgeMap>
					<xCoord>246</xCoord>
					<yCoord>310</yCoord>
					</edgeMap>
					<edgeMap>
					<xCoord>247</xCoord>
					<yCoord>309</yCoord>
					</edgeMap>
					<edgeMap>
					<xCoord>248</xCoord>
					<yCoord>308</yCoord>
					</edgeMap>
					<edgeMap>
					<xCoord>249</xCoord>
					<yCoord>308</yCoord>
					</edgeMap>
					<edgeMap>
					<xCoord>250</xCoord>
					<yCoord>308</yCoord>
					</edgeMap>
					<edgeMap>
					<xCoord>251</xCoord>
					<yCoord>308</yCoord>
					</edgeMap>
					<edgeMap>
					<xCoord>252</xCoord>
					<yCoord>308</yCoord>
					</edgeMap>
					<edgeMap>
					<xCoord>253</xCoord>
					<yCoord>308</yCoord>
					</edgeMap>
					<edgeMap>
					<xCoord>254</xCoord>
					<yCoord>308</yCoord>
					</edgeMap>
					<edgeMap>
					<xCoord>254</xCoord>
					<yCoord>309</yCoord>
					</edgeMap>
					<edgeMap>
					<xCoord>255</xCoord>
					<yCoord>310</yCoord>
					</edgeMap>
					<edgeMap>
					<xCoord>254</xCoord>
					<yCoord>311</yCoord>
					</edgeMap>
					<edgeMap>
					<xCoord>253</xCoord>
					<yCoord>312</yCoord>
					</edgeMap>
					<edgeMap>
					<xCoord>253</xCoord>
					<yCoord>313</yCoord>
					</edgeMap>
					<edgeMap>
					<xCoord>252</xCoord>
					<yCoord>314</yCoord>
					</edgeMap>
					<edgeMap>
					<xCoord>251</xCoord>
					<yCoord>315</yCoord>
					</edgeMap>
					<edgeMap>
					<xCoord>250</xCoord>
					<yCoord>316</yCoord>
					</edgeMap>
					<edgeMap>
					<xCoord>249</xCoord>
					<yCoord>316</yCoord>
					</edgeMap>
					<edgeMap>
					<xCoord>248</xCoord>
					<yCoord>316</yCoord>
					</edgeMap>
					<edgeMap>
					<xCoord>248</xCoord>
					<yCoord>315</yCoord>
					</edgeMap>
					<edgeMap>
					<xCoord>247</xCoord>
					<yCoord>314</yCoord>
					</edgeMap>
					<edgeMap>
					<xCoord>246</xCoord>
					<yCoord>313</yCoord>
					</edgeMap>
				</roi>
			</unblindedReadNodule>
			<nonNodule>
				<nonNoduleID>1</nonNoduleID>
				<imageZposition>-81.75</imageZposition>
				<imageSOP_UID>1.3.6.1.4.1.14519.5.2.1.6279.6001.255683196642715167387247269325</imageSOP_UID>
				<locus>
					<xCoord>410</xCoord>
					<yCoord>348</yCoord>
				</locus>
			</nonNodule>
			<nonNodule>
				<nonNoduleID>2</nonNoduleID>
				<imageZposition>-106.75</imageZposition>
				<imageSOP_UID>1.3.6.1.4.1.14519.5.2.1.6279.6001.311456892454034308579318375790</imageSOP_UID>
				<locus>
					<xCoord>339</xCoord>
					<yCoord>393</yCoord>
				</locus>
			</nonNodule>
	</readingSession>
<readingSession>
<annotationVersion>3.12</annotationVersion>
<servicingRadiologistID>anon</servicingRadiologistID>
<unblindedReadNodule>
<noduleID>171373</noduleID>
<characteristics>
<subtlety>5</subtlety>
<internalStructure>1</internalStructure>
<calcification>6</calcification>
<sphericity>3</sphericity>
<margin>4</margin>
<lobulation>2</lobulation>
<spiculation>2</spiculation>
<texture>5</texture>
<malignancy>3</malignancy>
</characteristics>
<roi>
<imageZposition>-166.75</imageZposition>
<imageSOP_UID>1.3.6.1.4.1.14519.5.2.1.6279.6001.230515731588650912146494360279</imageSOP_UID>
<inclusion>TRUE</inclusion>
<edgeMap>
<xCoord>252</xCoord>
<yCoord>312</yCoord>
</edgeMap>
<edgeMap>
<xCoord>253</xCoord>
<yCoord>311</yCoord>
</edgeMap>
<edgeMap>
<xCoord>254</xCoord>
<yCoord>310</yCoord>
</edgeMap>
<edgeMap>
<xCoord>255</xCoord>
<yCoord>309</yCoord>
</edgeMap>
<edgeMap>
<xCoord>255</xCoord>
<yCoord>308</yCoord>
</edgeMap>
<edgeMap>
<xCoord>255</xCoord>
<yCoord>307</yCoord>
</edgeMap>
<edgeMap>
<xCoord>255</xCoord>
<yCoord>306</yCoord>
</edgeMap>
<edgeMap>
<xCoord>254</xCoord>
<yCoord>305</yCoord>
</edgeMap>
<edgeMap>
<xCoord>253</xCoord>
<yCoord>305</yCoord>
</edgeMap>
<edgeMap>
<xCoord>252</xCoord>
<yCoord>305</yCoord>
</edgeMap>
<edgeMap>
<xCoord>251</xCoord>
<yCoord>305</yCoord>
</edgeMap>
<edgeMap>
<xCoord>250</xCoord>
<yCoord>306</yCoord>
</edgeMap>
<edgeMap>
<xCoord>249</xCoord>
<yCoord>307</yCoord>
</edgeMap>
<edgeMap>
<xCoord>248</xCoord>
<yCoord>308</yCoord>
</edgeMap>
<edgeMap>
<xCoord>248</xCoord>
<yCoord>309</yCoord>
</edgeMap>
<edgeMap>
<xCoord>248</xCoord>
<yCoord>310</yCoord>
</edgeMap>
<edgeMap>
<xCoord>249</xCoord>
<yCoord>311</yCoord>
</edgeMap>
<edgeMap>
<xCoord>250</xCoord>
<yCoord>312</yCoord>
</edgeMap>
<edgeMap>
<xCoord>251</xCoord>
<yCoord>312</yCoord>
</edgeMap>
<edgeMap>
<xCoord>252</xCoord>
<yCoord>312</yCoord>
</edgeMap>
</roi>
<roi>
<imageZposition>-169.25</imageZposition>
<imageSOP_UID>1.3.6.1.4.1.14519.5.2.1.6279.6001.656562771869487801082273812277</imageSOP_UID>
<inclusion>TRUE</inclusion>
<edgeMap>
<xCoord>252</xCoord>
<yCoord>314</yCoord>
</edgeMap>
<edgeMap>
<xCoord>253</xCoord>
<yCoord>313</yCoord>
</edgeMap>
<edgeMap>
<xCoord>254</xCoord>
<yCoord>312</yCoord>
</edgeMap>
<edgeMap>
<xCoord>255</xCoord>
<yCoord>311</yCoord>
</edgeMap>
<edgeMap>
<xCoord>255</xCoord>
<yCoord>310</yCoord>
</edgeMap>
<edgeMap>
<xCoord>256</xCoord>
<yCoord>309</yCoord>
</edgeMap>
<edgeMap>
<xCoord>256</xCoord>
<yCoord>308</yCoord>
</edgeMap>
<edgeMap>
<xCoord>256</xCoord>
<yCoord>307</yCoord>
</edgeMap>
<edgeMap>
<xCoord>256</xCoord>
<yCoord>306</yCoord>
</edgeMap>
<edgeMap>
<xCoord>255</xCoord>
<yCoord>305</yCoord>
</edgeMap>
<edgeMap>
<xCoord>254</xCoord>
<yCoord>304</yCoord>
</edgeMap>
<edgeMap>
<xCoord>253</xCoord>
<yCoord>304</yCoord>
</edgeMap>
<edgeMap>
<xCoord>252</xCoord>
<yCoord>304</yCoord>
</edgeMap>
<edgeMap>
<xCoord>251</xCoord>
<yCoord>304</yCoord>
</edgeMap>
<edgeMap>
<xCoord>250</xCoord>
<yCoord>304</yCoord>
</edgeMap>
<edgeMap>
<xCoord>249</xCoord>
<yCoord>305</yCoord>
</edgeMap>
<edgeMap>
<xCoord>248</xCoord>
<yCoord>305</yCoord>
</edgeMap>
<edgeMap>
<xCoord>247</xCoord>
<yCoord>306</yCoord>
</edgeMap>
<edgeMap>
<xCoord>246</xCoord>
<yCoord>307</yCoord>
</edgeMap>
<edgeMap>
<xCoord>246</xCoord>
<yCoord>308</yCoord>
</edgeMap>
<edgeMap>
<xCoord>246</xCoord>
<yCoord>309</yCoord>
</edgeMap>
<edgeMap>
<xCoord>246</xCoord>
<yCoord>310</yCoord>
</edgeMap>
<edgeMap>
<xCoord>246</xCoord>
<yCoord>311</yCoord>
</edgeMap>
<edgeMap>
<xCoord>246</xCoord>
<yCoord>312</yCoord>
</edgeMap>
<edgeMap>
<xCoord>247</xCoord>
<yCoord>313</yCoord>
</edgeMap>
<edgeMap>
<xCoord>248</xCoord>
<yCoord>314</yCoord>
</edgeMap>
<edgeMap>
<xCoord>249</xCoord>
<yCoord>314</yCoord>
</edgeMap>
<edgeMap>
<xCoord>250</xCoord>
<yCoord>314</yCoord>
</edgeMap>
<edgeMap>
<xCoord>251</xCoord>
<yCoord>314</yCoord>
</edgeMap>
<edgeMap>
<xCoord>252</xCoord>
<yCoord>314</yCoord>
</edgeMap>
</roi>
<roi>
<imageZposition>-171.75</imageZposition>
<imageSOP_UID>1.3.6.1.4.1.14519.5.2.1.6279.6001.278889270582149247728725522085</imageSOP_UID>
<inclusion>TRUE</inclusion>
<edgeMap>
<xCoord>251</xCoord>
<yCoord>315</yCoord>
</edgeMap>
<edgeMap>
<xCoord>252</xCoord>
<yCoord>314</yCoord>
</edgeMap>
<edgeMap>
<xCoord>253</xCoord>
<yCoord>313</yCoord>
</edgeMap>
<edgeMap>
<xCoord>254</xCoord>
<yCoord>312</yCoord>
</edgeMap>
<edgeMap>
<xCoord>255</xCoord>
<yCoord>311</yCoord>
</edgeMap>
<edgeMap>
<xCoord>256</xCoord>
<yCoord>310</yCoord>
</edgeMap>
<edgeMap>
<xCoord>256</xCoord>
<yCoord>309</yCoord>
</edgeMap>
<edgeMap>
<xCoord>256</xCoord>
<yCoord>308</yCoord>
</edgeMap>
<edgeMap>
<xCoord>255</xCoord>
<yCoord>307</yCoord>
</edgeMap>
<edgeMap>
<xCoord>255</xCoord>
<yCoord>306</yCoord>
</edgeMap>
<edgeMap>
<xCoord>254</xCoord>
<yCoord>305</yCoord>
</edgeMap>
<edgeMap>
<xCoord>253</xCoord>
<yCoord>305</yCoord>
</edgeMap>
<edgeMap>
<xCoord>252</xCoord>
<yCoord>305</yCoord>
</edgeMap>
<edgeMap>
<xCoord>251</xCoord>
<yCoord>305</yCoord>
</edgeMap>
<edgeMap>
<xCoord>250</xCoord>
<yCoord>306</yCoord>
</edgeMap>
<edgeMap>
<xCoord>249</xCoord>
<yCoord>307</yCoord>
</edgeMap>
<edgeMap>
<xCoord>248</xCoord>
<yCoord>307</yCoord>
</edgeMap>
<edgeMap>
<xCoord>247</xCoord>
<yCoord>308</yCoord>
</edgeMap>
<edgeMap>
<xCoord>247</xCoord>
<yCoord>309</yCoord>
</edgeMap>
<edgeMap>
<xCoord>246</xCoord>
<yCoord>310</yCoord>
</edgeMap>
<edgeMap>
<xCoord>246</xCoord>
<yCoord>311</yCoord>
</edgeMap>
<edgeMap>
<xCoord>246</xCoord>
<yCoord>312</yCoord>
</edgeMap>
<edgeMap>
<xCoord>247</xCoord>
<yCoord>313</yCoord>
</edgeMap>
<edgeMap>
<xCoord>248</xCoord>
<yCoord>314</yCoord>
</edgeMap>
<edgeMap>
<xCoord>249</xCoord>
<yCoord>315</yCoord>
</edgeMap>
<edgeMap>
<xCoord>250</xCoord>
<yCoord>315</yCoord>
</edgeMap>
<edgeMap>
<xCoord>251</xCoord>
<yCoord>315</yCoord>
</edgeMap>
</roi>
<roi>
<imageZposition>-174.25</imageZposition>
<imageSOP_UID>1.3.6.1.4.1.14519.5.2.1.6279.6001.624325056058325454068911457234</imageSOP_UID>
<inclusion>TRUE</inclusion>
<edgeMap>
<xCoord>251</xCoord>
<yCoord>313</yCoord>
</edgeMap>
<edgeMap>
<xCoord>252</xCoord>
<yCoord>312</yCoord>
</edgeMap>
<edgeMap>
<xCoord>253</xCoord>
<yCoord>311</yCoord>
</edgeMap>
<edgeMap>
<xCoord>254</xCoord>
<yCoord>310</yCoord>
</edgeMap>
<edgeMap>
<xCoord>254</xCoord>
<yCoord>309</yCoord>
</edgeMap>
<edgeMap>
<xCoord>253</xCoord>
<yCoord>308</yCoord>
</edgeMap>
<edgeMap>
<xCoord>252</xCoord>
<yCoord>307</yCoord>
</edgeMap>
<edgeMap>
<xCoord>251</xCoord>
<yCoord>307</yCoord>
</edgeMap>
<edgeMap>
<xCoord>250</xCoord>
<yCoord>307</yCoord>
</edgeMap>
<edgeMap>
<xCoord>249</xCoord>
<yCoord>308</yCoord>
</edgeMap>
<edgeMap>
<xCoord>248</xCoord>
<yCoord>308</yCoord>
</edgeMap>
<edgeMap>
<xCoord>247</xCoord>
<yCoord>309</yCoord>
</edgeMap>
<edgeMap>
<xCoord>246</xCoord>
<yCoord>310</yCoord>
</edgeMap>
<edgeMap>
<xCoord>246</xCoord>
<yCoord>311</yCoord>
</edgeMap>
<edgeMap>
<xCoord>246</xCoord>
<yCoord>312</yCoord>
</edgeMap>
<edgeMap>
<xCoord>247</xCoord>
<yCoord>313</yCoord>
</edgeMap>
<edgeMap>
<xCoord>248</xCoord>
<yCoord>313</yCoord>
</edgeMap>
<edgeMap>
<xCoord>249</xCoord>
<yCoord>313</yCoord>
</edgeMap>
<edgeMap>
<xCoord>250</xCoord>
<yCoord>313</yCoord>
</edgeMap>
<edgeMap>
<xCoord>251</xCoord>
<yCoord>313</yCoord>
</edgeMap>
</roi>
</unblindedReadNodule>
<nonNodule>
<nonNoduleID>171371</nonNoduleID>
<imageZposition>-81.75</imageZposition>
<imageSOP_UID>1.3.6.1.4.1.14519.5.2.1.6279.6001.255683196642715167387247269325</imageSOP_UID>
<locus>
<xCoord>410</xCoord>
<yCoord>348</yCoord>
</locus>
</nonNodule>
<nonNodule>
<nonNoduleID>171375</nonNoduleID>
<imageZposition>-109.25</imageZposition>
<imageSOP_UID>1.3.6.1.4.1.14519.5.2.1.6279.6001.117382760445229072464627211977</imageSOP_UID>
<locus>
<xCoord>341</xCoord>
<yCoord>393</yCoord>
</locus>
</nonNodule>
</readingSession>
  <readingSession>
    <annotationVersion>3.12</annotationVersion>
    <servicingRadiologistID>anon</servicingRadiologistID>
    <unblindedReadNodule>
      <noduleID>168238</noduleID>
      <characteristics>
        <subtlety>5</subtlety>
        <internalStructure>1</internalStructure>
        <calcification>6</calcification>
        <sphericity>3</sphericity>
        <margin>4</margin>
        <lobulation>1</lobulation>
        <spiculation>1</spiculation>
        <texture>5</texture>
        <malignancy>3</malignancy>
      </characteristics>
      <roi>
        <imageZposition>-76.75</imageZposition>
        <imageSOP_UID>1.3.6.1.4.1.14519.5.2.1.6279.6001.925586591570117637481311013683</imageSOP_UID>
        <inclusion>TRUE</inclusion>
        <edgeMap>
          <xCoord>413</xCoord>
          <yCoord>360</yCoord>
        </edgeMap>
        <edgeMap>
          <xCoord>414</xCoord>
          <yCoord>359</yCoord>
        </edgeMap>
        <edgeMap>
          <xCoord>414</xCoord>
          <yCoord>358</yCoord>
        </edgeMap>
        <edgeMap>
          <xCoord>415</xCoord>
          <yCoord>357</yCoord>
        </edgeMap>
        <edgeMap>
          <xCoord>415</xCoord>
          <yCoord>356</yCoord>
        </edgeMap>
        <edgeMap>
          <xCoord>416</xCoord>
          <yCoord>355</yCoord>
        </edgeMap>
        <edgeMap>
          <xCoord>417</xCoord>
          <yCoord>354</yCoord>
        </edgeMap>
        <edgeMap>
          <xCoord>417</xCoord>
          <yCoord>353</yCoord>
        </edgeMap>
        <edgeMap>
          <xCoord>416</xCoord>
          <yCoord>352</yCoord>
        </edgeMap>
        <edgeMap>
          <xCoord>416</xCoord>
          <yCoord>351</yCoord>
        </edgeMap>
        <edgeMap>
          <xCoord>416</xCoord>
          <yCoord>350</yCoord>
        </edgeMap>
        <edgeMap>
          <xCoord>416</xCoord>
          <yCoord>349</yCoord>
        </edgeMap>
        <edgeMap>
          <xCoord>416</xCoord>
          <yCoord>348</yCoord>
        </edgeMap>
        <edgeMap>
          <xCoord>416</xCoord>
          <yCoord>347</yCoord>
        </edgeMap>
        <edgeMap>
          <xCoord>416</xCoord>
          <yCoord>346</yCoord>
        </edgeMap>
        <edgeMap>
          <xCoord>415</xCoord>
          <yCoord>346</yCoord>
        </edgeMap>
        <edgeMap>
          <xCoord>414</xCoord>
          <yCoord>346</yCoord>
        </edgeMap>
        <edgeMap>
          <xCoord>413</xCoord>
          <yCoord>345</yCoord>
        </edgeMap>
        <edgeMap>
          <xCoord>412</xCoord>
          <yCoord>345</yCoord>
        </edgeMap>
        <edgeMap>
          <xCoord>411</xCoord>
          <yCoord>345</yCoord>
        </edgeMap>
        <edgeMap>
          <xCoord>410</xCoord>
          <yCoord>345</yCoord>
        </edgeMap>
        <edgeMap>
          <xCoord>409</xCoord>
          <yCoord>346</yCoord>
        </edgeMap>
        <edgeMap>
          <xCoord>408</xCoord>
          <yCoord>346</yCoord>
        </edgeMap>
        <edgeMap>
          <xCoord>407</xCoord>
          <yCoord>346</yCoord>
        </edgeMap>
        <edgeMap>
          <xCoord>406</xCoord>
          <yCoord>346</yCoord>
        </edgeMap>
        <edgeMap>
          <xCoord>405</xCoord>
          <yCoord>347</yCoord>
        </edgeMap>
        <edgeMap>
          <xCoord>404</xCoord>
          <yCoord>348</yCoord>
        </edgeMap>
        <edgeMap>
          <xCoord>403</xCoord>
          <yCoord>348</yCoord>
        </edgeMap>
        <edgeMap>
          <xCoord>402</xCoord>
          <yCoord>349</yCoord>
        </edgeMap>
        <edgeMap>
          <xCoord>402</xCoord>
          <yCoord>350</yCoord>
        </edgeMap>
        <edgeMap>
          <xCoord>402</xCoord>
          <yCoord>351</yCoord>
        </edgeMap>
        <edgeMap>
          <xCoord>402</xCoord>
          <yCoord>352</yCoord>
        </edgeMap>
        <edgeMap>
          <xCoord>402</xCoord>
          <yCoord>353</yCoord>
        </edgeMap>
        <edgeMap>
          <xCoord>403</xCoord>
          <yCoord>353</yCoord>
        </edgeMap>
        <edgeMap>
          <xCoord>404</xCoord>
          <yCoord>354</yCoord>
        </edgeMap>
        <edgeMap>
          <xCoord>405</xCoord>
          <yCoord>354</yCoord>
        </edgeMap>
        <edgeMap>
          <xCoord>406</xCoord>
          <yCoord>355</yCoord>
        </edgeMap>
        <edgeMap>
          <xCoord>407</xCoord>
          <yCoord>356</yCoord>
        </edgeMap>
        <edgeMap>
          <xCoord>408</xCoord>
          <yCoord>357</yCoord>
        </edgeMap>
        <edgeMap>
          <xCoord>409</xCoord>
          <yCoord>357</yCoord>
        </edgeMap>
        <edgeMap>
          <xCoord>410</xCoord>
          <yCoord>358</yCoord>
        </edgeMap>
        <edgeMap>
          <xCoord>411</xCoord>
          <yCoord>359</yCoord>
        </edgeMap>
        <edgeMap>
          <xCoord>412</xCoord>
          <yCoord>360</yCoord>
        </edgeMap>
        <edgeMap>
          <xCoord>413</xCoord>
          <yCoord>360</yCoord>
        </edgeMap>
      </roi>
      <roi>
        <imageZposition>-79.25</imageZposition>
        <imageSOP_UID>1.3.6.1.4.1.14519.5.2.1.6279.6001.563514495853914082038044746214</imageSOP_UID>
        <inclusion>TRUE</inclusion>
        <edgeMap>
          <xCoord>414</xCoord>
          <yCoord>359</yCoord>
        </edgeMap>
        <edgeMap>
          <xCoord>415</xCoord>
          <yCoord>358</yCoord>
        </edgeMap>
        <edgeMap>
          <xCoord>415</xCoord>
          <yCoord>357</yCoord>
        </edgeMap>
        <edgeMap>
          <xCoord>416</xCoord>
          <yCoord>356</yCoord>
        </edgeMap>
        <edgeMap>
          <xCoord>417</xCoord>
          <yCoord>355</yCoord>
        </edgeMap>
        <edgeMap>
          <xCoord>418</xCoord>
          <yCoord>354</yCoord>
        </edgeMap>
        <edgeMap>
          <xCoord>418</xCoord>
          <yCoord>353</yCoord>
        </edgeMap>
        <edgeMap>
          <xCoord>419</xCoord>
          <yCoord>352</yCoord>
        </edgeMap>
        <edgeMap>
          <xCoord>419</xCoord>
          <yCoord>351</yCoord>
        </edgeMap>
        <edgeMap>
          <xCoord>418</xCoord>
          <yCoord>350</yCoord>
        </edgeMap>
        <edgeMap>
          <xCoord>417</xCoord>
          <yCoord>349</yCoord>
        </edgeMap>
        <edgeMap>
          <xCoord>417</xCoord>
          <yCoord>348</yCoord>
        </edgeMap>
        <edgeMap>
          <xCoord>417</xCoord>
          <yCoord>347</yCoord>
        </edgeMap>
        <edgeMap>
          <xCoord>416</xCoord>
          <yCoord>346</yCoord>
        </edgeMap>
        <edgeMap>
          <xCoord>415</xCoord>
          <yCoord>345</yCoord>
        </edgeMap>
        <edgeMap>
          <xCoord>414</xCoord>
          <yCoord>344</yCoord>
        </edgeMap>
        <edgeMap>
          <xCoord>413</xCoord>
          <yCoord>344</yCoord>
        </edgeMap>
        <edgeMap>
          <xCoord>412</xCoord>
          <yCoord>344</yCoord>
        </edgeMap>
        <edgeMap>
          <xCoord>411</xCoord>
          <yCoord>344</yCoord>
        </edgeMap>
        <edgeMap>
          <xCoord>410</xCoord>
          <yCoord>344</yCoord>
        </edgeMap>
        <edgeMap>
          <xCoord>409</xCoord>
          <yCoord>345</yCoord>
        </edgeMap>
        <edgeMap>
          <xCoord>408</xCoord>
          <yCoord>345</yCoord>
        </edgeMap>
        <edgeMap>
          <xCoord>407</xCoord>
          <yCoord>345</yCoord>
        </edgeMap>
        <edgeMap>
          <xCoord>406</xCoord>
          <yCoord>346</yCoord>
        </edgeMap>
        <edgeMap>
          <xCoord>405</xCoord>
          <yCoord>346</yCoord>
        </edgeMap>
        <edgeMap>
          <xCoord>404</xCoord>
          <yCoord>347</yCoord>
        </edgeMap>
        <edgeMap>
          <xCoord>403</xCoord>
          <yCoord>348</yCoord>
        </edgeMap>
        <edgeMap>
          <xCoord>402</xCoord>
          <yCoord>349</yCoord>
        </edgeMap>
        <edgeMap>
          <xCoord>402</xCoord>
          <yCoord>350</yCoord>
        </edgeMap>
        <edgeMap>
          <xCoord>403</xCoord>
          <yCoord>351</yCoord>
        </edgeMap>
        <edgeMap>
          <xCoord>404</xCoord>
          <yCoord>352</yCoord>
        </edgeMap>
        <edgeMap>
          <xCoord>405</xCoord>
          <yCoord>353</yCoord>
        </edgeMap>
        <edgeMap>
          <xCoord>406</xCoord>
          <yCoord>354</yCoord>
        </edgeMap>
        <edgeMap>
          <xCoord>407</xCoord>
          <yCoord>354</yCoord>
        </edgeMap>
        <edgeMap>
          <xCoord>408</xCoord>
          <yCoord>355</yCoord>
        </edgeMap>
        <edgeMap>
          <xCoord>409</xCoord>
          <yCoord>355</yCoord>
        </edgeMap>
        <edgeMap>
          <xCoord>410</xCoord>
          <yCoord>356</yCoord>
        </edgeMap>
        <edgeMap>
          <xCoord>411</xCoord>
          <yCoord>356</yCoord>
        </edgeMap>
        <edgeMap>
          <xCoord>412</xCoord>
          <yCoord>357</yCoord>
        </edgeMap>
        <edgeMap>
          <xCoord>413</xCoord>
          <yCoord>358</yCoord>
        </edgeMap>
        <edgeMap>
          <xCoord>414</xCoord>
          <yCoord>359</yCoord>
        </edgeMap>
      </roi>
      <roi>
        <imageZposition>-81.75</imageZposition>
        <imageSOP_UID>1.3.6.1.4.1.14519.5.2.1.6279.6001.255683196642715167387247269325</imageSOP_UID>
        <inclusion>TRUE</inclusion>
        <edgeMap>
          <xCoord>417</xCoord>
          <yCoord>356</yCoord>
        </edgeMap>
        <edgeMap>
          <xCoord>418</xCoord>
          <yCoord>355</yCoord>
        </edgeMap>
        <edgeMap>
          <xCoord>419</xCoord>
          <yCoord>354</yCoord>
        </edgeMap>
        <edgeMap>
          <xCoord>420</xCoord>
          <yCoord>353</yCoord>
        </edgeMap>
        <edgeMap>
          <xCoord>421</xCoord>
          <yCoord>352</yCoord>
        </edgeMap>
        <edgeMap>
          <xCoord>422</xCoord>
          <yCoord>351</yCoord>
        </edgeMap>
        <edgeMap>
          <xCoord>423</xCoord>
          <yCoord>350</yCoord>
        </edgeMap>
        <edgeMap>
          <xCoord>422</xCoord>
          <yCoord>349</yCoord>
        </edgeMap>
        <edgeMap>
          <xCoord>421</xCoord>
          <yCoord>349</yCoord>
        </edgeMap>
        <edgeMap>
          <xCoord>420</xCoord>
          <yCoord>348</yCoord>
        </edgeMap>
        <edgeMap>
          <xCoord>419</xCoord>
          <yCoord>347</yCoord>
        </edgeMap>
        <edgeMap>
          <xCoord>418</xCoord>
          <yCoord>346</yCoord>
        </edgeMap>
        <edgeMap>
          <xCoord>417</xCoord>
          <yCoord>345</yCoord>
        </edgeMap>
        <edgeMap>
          <xCoord>416</xCoord>
          <yCoord>345</yCoord>
        </edgeMap>
        <edgeMap>
          <xCoord>415</xCoord>
          <yCoord>344</yCoord>
        </edgeMap>
        <edgeMap>
          <xCoord>414</xCoord>
          <yCoord>344</yCoord>
        </edgeMap>
        <edgeMap>
          <xCoord>413</xCoord>
          <yCoord>343</yCoord>
        </edgeMap>
        <edgeMap>
          <xCoord>412</xCoord>
          <yCoord>343</yCoord>
        </edgeMap>
        <edgeMap>
          <xCoord>411</xCoord>
          <yCoord>343</yCoord>
        </edgeMap>
        <edgeMap>
          <xCoord>410</xCoord>
          <yCoord>343</yCoord>
        </edgeMap>
        <edgeMap>
          <xCoord>409</xCoord>
          <yCoord>344</yCoord>
        </edgeMap>
        <edgeMap>
          <xCoord>408</xCoord>
          <yCoord>344</yCoord>
        </edgeMap>
        <edgeMap>
          <xCoord>407</xCoord>
          <yCoord>344</yCoord>
        </edgeMap>
        <edgeMap>
          <xCoord>406</xCoord>
          <yCoord>344</yCoord>
        </edgeMap>
        <edgeMap>
          <xCoord>405</xCoord>
          <yCoord>345</yCoord>
        </edgeMap>
        <edgeMap>
          <xCoord>404</xCoord>
          <yCoord>346</yCoord>
        </edgeMap>
        <edgeMap>
          <xCoord>403</xCoord>
          <yCoord>347</yCoord>
        </edgeMap>
        <edgeMap>
          <xCoord>402</xCoord>
          <yCoord>348</yCoord>
        </edgeMap>
        <edgeMap>
          <xCoord>403</xCoord>
          <yCoord>349</yCoord>
        </edgeMap>
        <edgeMap>
          <xCoord>404</xCoord>
          <yCoord>350</yCoord>
        </edgeMap>
        <edgeMap>
          <xCoord>405</xCoord>
          <yCoord>351</yCoord>
        </edgeMap>
        <edgeMap>
          <xCoord>406</xCoord>
          <yCoord>351</yCoord>
        </edgeMap>
        <edgeMap>
          <xCoord>407</xCoord>
          <yCoord>352</yCoord>
        </edgeMap>
        <edgeMap>
          <xCoord>408</xCoord>
          <yCoord>352</yCoord>
        </edgeMap>
        <edgeMap>
          <xCoord>409</xCoord>
          <yCoord>352</yCoord>
        </edgeMap>
        <edgeMap>
          <xCoord>410</xCoord>
          <yCoord>353</yCoord>
        </edgeMap>
        <edgeMap>
          <xCoord>411</xCoord>
          <yCoord>353</yCoord>
        </edgeMap>
        <edgeMap>
          <xCoord>412</xCoord>
          <yCoord>354</yCoord>
        </edgeMap>
        <edgeMap>
          <xCoord>413</xCoord>
          <yCoord>354</yCoord>
        </edgeMap>
        <edgeMap>
          <xCoord>414</xCoord>
          <yCoord>355</yCoord>
        </edgeMap>
        <edgeMap>
          <xCoord>415</xCoord>
          <yCoord>355</yCoord>
        </edgeMap>
        <edgeMap>
          <xCoord>416</xCoord>
          <yCoord>356</yCoord>
        </edgeMap>
        <edgeMap>
          <xCoord>417</xCoord>
          <yCoord>356</yCoord>
        </edgeMap>
      </roi>
      <roi>
        <imageZposition>-84.25</imageZposition>
        <imageSOP_UID>1.3.6.1.4.1.14519.5.2.1.6279.6001.758239868769738807643372861463</imageSOP_UID>
        <inclusion>TRUE</inclusion>
        <edgeMap>
          <xCoord>422</xCoord>
          <yCoord>353</yCoord>
        </edgeMap>
        <edgeMap>
          <xCoord>422</xCoord>
          <yCoord>352</yCoord>
        </edgeMap>
        <edgeMap>
          <xCoord>422</xCoord>
          <yCoord>351</yCoord>
        </edgeMap>
        <edgeMap>
          <xCoord>422</xCoord>
          <yCoord>350</yCoord>
        </edgeMap>
        <edgeMap>
          <xCoord>423</xCoord>
          <yCoord>349</yCoord>
        </edgeMap>
        <edgeMap>
          <xCoord>422</xCoord>
          <yCoord>348</yCoord>
        </edgeMap>
        <edgeMap>
          <xCoord>422</xCoord>
          <yCoord>347</yCoord>
        </edgeMap>
        <edgeMap>
          <xCoord>421</xCoord>
          <yCoord>346</yCoord>
        </edgeMap>
        <edgeMap>
          <xCoord>420</xCoord>
          <yCoord>346</yCoord>
        </edgeMap>
        <edgeMap>
          <xCoord>419</xCoord>
          <yCoord>345</yCoord>
        </edgeMap>
        <edgeMap>
          <xCoord>418</xCoord>
          <yCoord>344</yCoord>
        </edgeMap>
        <edgeMap>
          <xCoord>418</xCoord>
          <yCoord>343</yCoord>
        </edgeMap>
        <edgeMap>
          <xCoord>417</xCoord>
          <yCoord>343</yCoord>
        </edgeMap>
        <edgeMap>
          <xCoord>416</xCoord>
          <yCoord>343</yCoord>
        </edgeMap>
        <edgeMap>
          <xCoord>415</xCoord>
          <yCoord>343</yCoord>
        </edgeMap>
        <edgeMap>
          <xCoord>414</xCoord>
          <yCoord>343</yCoord>
        </edgeMap>
        <edgeMap>
          <xCoord>413</xCoord>
          <yCoord>343</yCoord>
        </edgeMap>
        <edgeMap>
          <xCoord>412</xCoord>
          <yCoord>343</yCoord>
        </edgeMap>
        <edgeMap>
          <xCoord>411</xCoord>
          <yCoord>343</yCoord>
        </edgeMap>
        <edgeMap>
          <xCoord>410</xCoord>
          <yCoord>343</yCoord>
        </edgeMap>
        <edgeMap>
          <xCoord>409</xCoord>
          <yCoord>343</yCoord>
        </edgeMap>
        <edgeMap>
          <xCoord>408</xCoord>
          <yCoord>343</yCoord>
        </edgeMap>
        <edgeMap>
          <xCoord>407</xCoord>
          <yCoord>343</yCoord>
        </edgeMap>
        <edgeMap>
          <xCoord>406</xCoord>
          <yCoord>343</yCoord>
        </edgeMap>
        <edgeMap>
          <xCoord>406</xCoord>
          <yCoord>344</yCoord>
        </edgeMap>
        <edgeMap>
          <xCoord>405</xCoord>
          <yCoord>345</yCoord>
        </edgeMap>
        <edgeMap>
          <xCoord>404</xCoord>
          <yCoord>345</yCoord>
        </edgeMap>
        <edgeMap>
          <xCoord>403</xCoord>
          <yCoord>345</yCoord>
        </edgeMap>
        <edgeMap>
          <xCoord>403</xCoord>
          <yCoord>346</yCoord>
        </edgeMap>
        <edgeMap>
          <xCoord>404</xCoord>
          <yCoord>347</yCoord>
        </edgeMap>
        <edgeMap>
          <xCoord>405</xCoord>
          <yCoord>347</yCoord>
        </edgeMap>
        <edgeMap>
          <xCoord>406</xCoord>
          <yCoord>347</yCoord>
        </edgeMap>
        <edgeMap>
          <xCoord>407</xCoord>
          <yCoord>348</yCoord>
        </edgeMap>
        <edgeMap>
          <xCoord>408</xCoord>
          <yCoord>348</yCoord>
        </edgeMap>
        <edgeMap>
          <xCoord>409</xCoord>
          <yCoord>348</yCoord>
        </edgeMap>
        <edgeMap>
          <xCoord>410</xCoord>
          <yCoord>349</yCoord>
        </edgeMap>
        <edgeMap>
          <xCoord>410</xCoord>
          <yCoord>350</yCoord>
        </edgeMap>
        <edgeMap>
          <xCoord>411</xCoord>
          <yCoord>350</yCoord>
        </edgeMap>
        <edgeMap>
          <xCoord>412</xCoord>
          <yCoord>351</yCoord>
        </edgeMap>
        <edgeMap>
          <xCoord>413</xCoord>
          <yCoord>351</yCoord>
        </edgeMap>
        <edgeMap>
          <xCoord>414</xCoord>
          <yCoord>351</yCoord>
        </edgeMap>
        <edgeMap>
          <xCoord>415</xCoord>
          <yCoord>351</yCoord>
        </edgeMap>
        <edgeMap>
          <xCoord>416</xCoord>
          <yCoord>351</yCoord>
        </edgeMap>
        <edgeMap>
          <xCoord>417</xCoord>
          <yCoord>352</yCoord>
        </edgeMap>
        <edgeMap>
          <xCoord>418</xCoord>
          <yCoord>352</yCoord>
        </edgeMap>
        <edgeMap>
          <xCoord>419</xCoord>
          <yCoord>352</yCoord>
        </edgeMap>
        <edgeMap>
          <xCoord>420</xCoord>
          <yCoord>352</yCoord>
        </edgeMap>
        <edgeMap>
          <xCoord>421</xCoord>
          <yCoord>353</yCoord>
        </edgeMap>
        <edgeMap>
          <xCoord>422</xCoord>
          <yCoord>353</yCoord>
        </edgeMap>
      </roi>
      <roi>
        <imageZposition>-86.75</imageZposition>
        <imageSOP_UID>1.3.6.1.4.1.14519.5.2.1.6279.6001.437466337474353061646321609976</imageSOP_UID>
        <inclusion>TRUE</inclusion>
        <edgeMap>
          <xCoord>422</xCoord>
          <yCoord>348</yCoord>
        </edgeMap>
        <edgeMap>
          <xCoord>422</xCoord>
          <yCoord>347</yCoord>
        </edgeMap>
        <edgeMap>
          <xCoord>422</xCoord>
          <yCoord>346</yCoord>
        </edgeMap>
        <edgeMap>
          <xCoord>421</xCoord>
          <yCoord>345</yCoord>
        </edgeMap>
        <edgeMap>
          <xCoord>420</xCoord>
          <yCoord>345</yCoord>
        </edgeMap>
        <edgeMap>
          <xCoord>419</xCoord>
          <yCoord>344</yCoord>
        </edgeMap>
        <edgeMap>
          <xCoord>418</xCoord>
          <yCoord>343</yCoord>
        </edgeMap>
        <edgeMap>
          <xCoord>417</xCoord>
          <yCoord>343</yCoord>
        </edgeMap>
        <edgeMap>
          <xCoord>416</xCoord>
          <yCoord>343</yCoord>
        </edgeMap>
        <edgeMap>
          <xCoord>415</xCoord>
          <yCoord>342</yCoord>
        </edgeMap>
        <edgeMap>
          <xCoord>414</xCoord>
          <yCoord>342</yCoord>
        </edgeMap>
        <edgeMap>
          <xCoord>413</xCoord>
          <yCoord>342</yCoord>
        </edgeMap>
        <edgeMap>
          <xCoord>412</xCoord>
          <yCoord>342</yCoord>
        </edgeMap>
        <edgeMap>
          <xCoord>412</xCoord>
          <yCoord>343</yCoord>
        </edgeMap>
        <edgeMap>
          <xCoord>413</xCoord>
          <yCoord>344</yCoord>
        </edgeMap>
        <edgeMap>
          <xCoord>413</xCoord>
          <yCoord>345</yCoord>
        </edgeMap>
        <edgeMap>
          <xCoord>414</xCoord>
          <yCoord>345</yCoord>
        </edgeMap>
        <edgeMap>
          <xCoord>415</xCoord>
          <yCoord>345</yCoord>
        </edgeMap>
        <edgeMap>
          <xCoord>416</xCoord>
          <yCoord>346</yCoord>
        </edgeMap>
        <edgeMap>
          <xCoord>417</xCoord>
          <yCoord>346</yCoord>
        </edgeMap>
        <edgeMap>
          <xCoord>418</xCoord>
          <yCoord>347</yCoord>
        </edgeMap>
        <edgeMap>
          <xCoord>419</xCoord>
          <yCoord>347</yCoord>
        </edgeMap>
        <edgeMap>
          <xCoord>420</xCoord>
          <yCoord>347</yCoord>
        </edgeMap>
        <edgeMap>
          <xCoord>421</xCoord>
          <yCoord>347</yCoord>
        </edgeMap>
        <edgeMap>
          <xCoord>422</xCoord>
          <yCoord>348</yCoord>
        </edgeMap>
      </roi>
    </unblindedReadNodule>
    <unblindedReadNodule>
      <noduleID>184217</noduleID>
      <characteristics>
        <subtlety>3</subtlety>
        <internalStructure>1</internalStructure>
        <calcification>6</calcification>
        <sphericity>4</sphericity>
        <margin>5</margin>
        <lobulation>1</lobulation>
        <spiculation>1</spiculation>
        <texture>5</texture>
        <malignancy>4</malignancy>
      </characteristics>
      <roi>
        <imageZposition>-169.25</imageZposition>
        <imageSOP_UID>1.3.6.1.4.1.14519.5.2.1.6279.6001.656562771869487801082273812277</imageSOP_UID>
        <inclusion>TRUE</inclusion>
        <edgeMap>
          <xCoord>251</xCoord>
          <yCoord>314</yCoord>
        </edgeMap>
        <edgeMap>
          <xCoord>252</xCoord>
          <yCoord>313</yCoord>
        </edgeMap>
        <edgeMap>
          <xCoord>253</xCoord>
          <yCoord>313</yCoord>
        </edgeMap>
        <edgeMap>
          <xCoord>254</xCoord>
          <yCoord>312</yCoord>
        </edgeMap>
        <edgeMap>
          <xCoord>255</xCoord>
          <yCoord>311</yCoord>
        </edgeMap>
        <edgeMap>
          <xCoord>255</xCoord>
          <yCoord>310</yCoord>
        </edgeMap>
        <edgeMap>
          <xCoord>256</xCoord>
          <yCoord>309</yCoord>
        </edgeMap>
        <edgeMap>
          <xCoord>256</xCoord>
          <yCoord>308</yCoord>
        </edgeMap>
        <edgeMap>
          <xCoord>256</xCoord>
          <yCoord>307</yCoord>
        </edgeMap>
        <edgeMap>
          <xCoord>256</xCoord>
          <yCoord>306</yCoord>
        </edgeMap>
        <edgeMap>
          <xCoord>255</xCoord>
          <yCoord>305</yCoord>
        </edgeMap>
        <edgeMap>
          <xCoord>254</xCoord>
          <yCoord>304</yCoord>
        </edgeMap>
        <edgeMap>
          <xCoord>253</xCoord>
          <yCoord>304</yCoord>
        </edgeMap>
        <edgeMap>
          <xCoord>252</xCoord>
          <yCoord>304</yCoord>
        </edgeMap>
        <edgeMap>
          <xCoord>251</xCoord>
          <yCoord>304</yCoord>
        </edgeMap>
        <edgeMap>
          <xCoord>250</xCoord>
          <yCoord>304</yCoord>
        </edgeMap>
        <edgeMap>
          <xCoord>249</xCoord>
          <yCoord>305</yCoord>
        </edgeMap>
        <edgeMap>
          <xCoord>248</xCoord>
          <yCoord>305</yCoord>
        </edgeMap>
        <edgeMap>
          <xCoord>247</xCoord>
          <yCoord>306</yCoord>
        </edgeMap>
        <edgeMap>
          <xCoord>246</xCoord>
          <yCoord>307</yCoord>
        </edgeMap>
        <edgeMap>
          <xCoord>246</xCoord>
          <yCoord>308</yCoord>
        </edgeMap>
        <edgeMap>
          <xCoord>246</xCoord>
          <yCoord>309</yCoord>
        </edgeMap>
        <edgeMap>
          <xCoord>246</xCoord>
          <yCoord>310</yCoord>
        </edgeMap>
        <edgeMap>
          <xCoord>246</xCoord>
          <yCoord>311</yCoord>
        </edgeMap>
        <edgeMap>
          <xCoord>246</xCoord>
          <yCoord>312</yCoord>
        </edgeMap>
        <edgeMap>
          <xCoord>247</xCoord>
          <yCoord>313</yCoord>
        </edgeMap>
        <edgeMap>
          <xCoord>248</xCoord>
          <yCoord>314</yCoord>
        </edgeMap>
        <edgeMap>
          <xCoord>249</xCoord>
          <yCoord>314</yCoord>
        </edgeMap>
        <edgeMap>
          <xCoord>250</xCoord>
          <yCoord>314</yCoord>
        </edgeMap>
        <edgeMap>
          <xCoord>251</xCoord>
          <yCoord>314</yCoord>
        </edgeMap>
      </roi>
      <roi>
        <imageZposition>-171.75</imageZposition>
        <imageSOP_UID>1.3.6.1.4.1.14519.5.2.1.6279.6001.278889270582149247728725522085</imageSOP_UID>
        <inclusion>TRUE</inclusion>
        <edgeMap>
          <xCoord>251</xCoord>
          <yCoord>316</yCoord>
        </edgeMap>
        <edgeMap>
          <xCoord>252</xCoord>
          <yCoord>315</yCoord>
        </edgeMap>
        <edgeMap>
          <xCoord>252</xCoord>
          <yCoord>314</yCoord>
        </edgeMap>
        <edgeMap>
          <xCoord>253</xCoord>
          <yCoord>313</yCoord>
        </edgeMap>
        <edgeMap>
          <xCoord>254</xCoord>
          <yCoord>312</yCoord>
        </edgeMap>
        <edgeMap>
          <xCoord>255</xCoord>
          <yCoord>311</yCoord>
        </edgeMap>
        <edgeMap>
          <xCoord>256</xCoord>
          <yCoord>310</yCoord>
        </edgeMap>
        <edgeMap>
          <xCoord>256</xCoord>
          <yCoord>309</yCoord>
        </edgeMap>
        <edgeMap>
          <xCoord>256</xCoord>
          <yCoord>308</yCoord>
        </edgeMap>
        <edgeMap>
          <xCoord>255</xCoord>
          <yCoord>307</yCoord>
        </edgeMap>
        <edgeMap>
          <xCoord>255</xCoord>
          <yCoord>306</yCoord>
        </edgeMap>
        <edgeMap>
          <xCoord>254</xCoord>
          <yCoord>305</yCoord>
        </edgeMap>
        <edgeMap>
          <xCoord>253</xCoord>
          <yCoord>305</yCoord>
        </edgeMap>
        <edgeMap>
          <xCoord>252</xCoord>
          <yCoord>305</yCoord>
        </edgeMap>
        <edgeMap>
          <xCoord>251</xCoord>
          <yCoord>305</yCoord>
        </edgeMap>
        <edgeMap>
          <xCoord>250</xCoord>
          <yCoord>306</yCoord>
        </edgeMap>
        <edgeMap>
          <xCoord>249</xCoord>
          <yCoord>306</yCoord>
        </edgeMap>
        <edgeMap>
          <xCoord>248</xCoord>
          <yCoord>307</yCoord>
        </edgeMap>
        <edgeMap>
          <xCoord>247</xCoord>
          <yCoord>308</yCoord>
        </edgeMap>
        <edgeMap>
          <xCoord>247</xCoord>
          <yCoord>309</yCoord>
        </edgeMap>
        <edgeMap>
          <xCoord>246</xCoord>
          <yCoord>310</yCoord>
        </edgeMap>
        <edgeMap>
          <xCoord>246</xCoord>
          <yCoord>311</yCoord>
        </edgeMap>
        <edgeMap>
          <xCoord>246</xCoord>
          <yCoord>312</yCoord>
        </edgeMap>
        <edgeMap>
          <xCoord>246</xCoord>
          <yCoord>313</yCoord>
        </edgeMap>
        <edgeMap>
          <xCoord>246</xCoord>
          <yCoord>314</yCoord>
        </edgeMap>
        <edgeMap>
          <xCoord>246</xCoord>
          <yCoord>315</yCoord>
        </edgeMap>
        <edgeMap>
          <xCoord>247</xCoord>
          <yCoord>316</yCoord>
        </edgeMap>
        <edgeMap>
          <xCoord>248</xCoord>
          <yCoord>316</yCoord>
        </edgeMap>
        <edgeMap>
          <xCoord>249</xCoord>
          <yCoord>316</yCoord>
        </edgeMap>
        <edgeMap>
          <xCoord>250</xCoord>
          <yCoord>316</yCoord>
        </edgeMap>
        <edgeMap>
          <xCoord>251</xCoord>
          <yCoord>316</yCoord>
        </edgeMap>
      </roi>
      <roi>
        <imageZposition>-174.25</imageZposition>
        <imageSOP_UID>1.3.6.1.4.1.14519.5.2.1.6279.6001.624325056058325454068911457234</imageSOP_UID>
        <inclusion>TRUE</inclusion>
        <edgeMap>
          <xCoord>245</xCoord>
          <yCoord>319</yCoord>
        </edgeMap>
        <edgeMap>
          <xCoord>246</xCoord>
          <yCoord>318</yCoord>
        </edgeMap>
        <edgeMap>
          <xCoord>247</xCoord>
          <yCoord>317</yCoord>
        </edgeMap>
        <edgeMap>
          <xCoord>248</xCoord>
          <yCoord>316</yCoord>
        </edgeMap>
        <edgeMap>
          <xCoord>249</xCoord>
          <yCoord>316</yCoord>
        </edgeMap>
        <edgeMap>
          <xCoord>250</xCoord>
          <yCoord>316</yCoord>
        </edgeMap>
        <edgeMap>
          <xCoord>251</xCoord>
          <yCoord>315</yCoord>
        </edgeMap>
        <edgeMap>
          <xCoord>252</xCoord>
          <yCoord>314</yCoord>
        </edgeMap>
        <edgeMap>
          <xCoord>253</xCoord>
          <yCoord>313</yCoord>
        </edgeMap>
        <edgeMap>
          <xCoord>253</xCoord>
          <yCoord>312</yCoord>
        </edgeMap>
        <edgeMap>
          <xCoord>254</xCoord>
          <yCoord>311</yCoord>
        </edgeMap>
        <edgeMap>
          <xCoord>254</xCoord>
          <yCoord>310</yCoord>
        </edgeMap>
        <edgeMap>
          <xCoord>255</xCoord>
          <yCoord>309</yCoord>
        </edgeMap>
        <edgeMap>
          <xCoord>254</xCoord>
          <yCoord>308</yCoord>
        </edgeMap>
        <edgeMap>
          <xCoord>253</xCoord>
          <yCoord>308</yCoord>
        </edgeMap>
        <edgeMap>
          <xCoord>252</xCoord>
          <yCoord>308</yCoord>
        </edgeMap>
        <edgeMap>
          <xCoord>251</xCoord>
          <yCoord>308</yCoord>
        </edgeMap>
        <edgeMap>
          <xCoord>250</xCoord>
          <yCoord>309</yCoord>
        </edgeMap>
        <edgeMap>
          <xCoord>249</xCoord>
          <yCoord>309</yCoord>
        </edgeMap>
        <edgeMap>
          <xCoord>248</xCoord>
          <yCoord>310</yCoord>
        </edgeMap>
        <edgeMap>
          <xCoord>247</xCoord>
          <yCoord>311</yCoord>
        </edgeMap>
        <edgeMap>
          <xCoord>247</xCoord>
          <yCoord>312</yCoord>
        </edgeMap>
        <edgeMap>
          <xCoord>247</xCoord>
          <yCoord>313</yCoord>
        </edgeMap>
        <edgeMap>
          <xCoord>246</xCoord>
          <yCoord>314</yCoord>
        </edgeMap>
        <edgeMap>
          <xCoord>245</xCoord>
          <yCoord>315</yCoord>
        </edgeMap>
        <edgeMap>
          <xCoord>245</xCoord>
          <yCoord>316</yCoord>
        </edgeMap>
        <edgeMap>
          <xCoord>244</xCoord>
          <yCoord>317</yCoord>
        </edgeMap>
        <edgeMap>
          <xCoord>244</xCoord>
          <yCoord>318</yCoord>
        </edgeMap>
        <edgeMap>
          <xCoord>245</xCoord>
          <yCoord>319</yCoord>
        </edgeMap>
      </roi>
    </unblindedReadNodule>
  </readingSession>
  <readingSession>
    <annotationVersion>3.12</annotationVersion>
    <servicingRadiologistID>anon</servicingRadiologistID>
    <unblindedReadNodule>
      <noduleID>Nodule 001</noduleID>
      <characteristics>
        <subtlety>3</subtlety>
        <internalStructure>1</internalStructure>
        <calcification>6</calcification>
        <sphericity>4</sphericity>
        <margin>5</margin>
        <lobulation>1</lobulation>
        <spiculation>1</spiculation>
        <texture>5</texture>
        <malignancy>2</malignancy>
      </characteristics>
      <roi>
        <imageZposition>-174.250</imageZposition>
        <imageSOP_UID>1.3.6.1.4.1.14519.5.2.1.6279.6001.624325056058325454068911457234</imageSOP_UID>
        <inclusion>TRUE</inclusion>
        <edgeMap>
          <xCoord>250</xCoord>
          <yCoord>306</yCoord>
        </edgeMap>
        <edgeMap>
          <xCoord>249</xCoord>
          <yCoord>307</yCoord>
        </edgeMap>
        <edgeMap>
          <xCoord>248</xCoord>
          <yCoord>308</yCoord>
        </edgeMap>
        <edgeMap>
          <xCoord>247</xCoord>
          <yCoord>309</yCoord>
        </edgeMap>
        <edgeMap>
          <xCoord>247</xCoord>
          <yCoord>310</yCoord>
        </edgeMap>
        <edgeMap>
          <xCoord>247</xCoord>
          <yCoord>311</yCoord>
        </edgeMap>
        <edgeMap>
          <xCoord>247</xCoord>
          <yCoord>312</yCoord>
        </edgeMap>
        <edgeMap>
          <xCoord>247</xCoord>
          <yCoord>313</yCoord>
        </edgeMap>
        <edgeMap>
          <xCoord>248</xCoord>
          <yCoord>314</yCoord>
        </edgeMap>
        <edgeMap>
          <xCoord>249</xCoord>
          <yCoord>314</yCoord>
        </edgeMap>
        <edgeMap>
          <xCoord>250</xCoord>
          <yCoord>314</yCoord>
        </edgeMap>
        <edgeMap>
          <xCoord>251</xCoord>
          <yCoord>314</yCoord>
        </edgeMap>
        <edgeMap>
          <xCoord>252</xCoord>
          <yCoord>313</yCoord>
        </edgeMap>
        <edgeMap>
          <xCoord>253</xCoord>
          <yCoord>312</yCoord>
        </edgeMap>
        <edgeMap>
          <xCoord>254</xCoord>
          <yCoord>311</yCoord>
        </edgeMap>
        <edgeMap>
          <xCoord>254</xCoord>
          <yCoord>310</yCoord>
        </edgeMap>
        <edgeMap>
          <xCoord>254</xCoord>
          <yCoord>309</yCoord>
        </edgeMap>
        <edgeMap>
          <xCoord>253</xCoord>
          <yCoord>308</yCoord>
        </edgeMap>
        <edgeMap>
          <xCoord>253</xCoord>
          <yCoord>307</yCoord>
        </edgeMap>
        <edgeMap>
          <xCoord>252</xCoord>
          <yCoord>306</yCoord>
        </edgeMap>
        <edgeMap>
          <xCoord>251</xCoord>
          <yCoord>306</yCoord>
        </edgeMap>
        <edgeMap>
          <xCoord>250</xCoord>
          <yCoord>306</yCoord>
        </edgeMap>
      </roi>
      <roi>
        <imageZposition>-171.750</imageZposition>
        <imageSOP_UID>1.3.6.1.4.1.14519.5.2.1.6279.6001.278889270582149247728725522085</imageSOP_UID>
        <inclusion>TRUE</inclusion>
        <edgeMap>
          <xCoord>251</xCoord>
          <yCoord>304</yCoord>
        </edgeMap>
        <edgeMap>
          <xCoord>250</xCoord>
          <yCoord>305</yCoord>
        </edgeMap>
        <edgeMap>
          <xCoord>249</xCoord>
          <yCoord>305</yCoord>
        </edgeMap>
        <edgeMap>
          <xCoord>248</xCoord>
          <yCoord>306</yCoord>
        </edgeMap>
        <edgeMap>
          <xCoord>247</xCoord>
          <yCoord>307</yCoord>
        </edgeMap>
        <edgeMap>
          <xCoord>246</xCoord>
          <yCoord>308</yCoord>
        </edgeMap>
        <edgeMap>
          <xCoord>245</xCoord>
          <yCoord>309</yCoord>
        </edgeMap>
        <edgeMap>
          <xCoord>244</xCoord>
          <yCoord>310</yCoord>
        </edgeMap>
        <edgeMap>
          <xCoord>244</xCoord>
          <yCoord>311</yCoord>
        </edgeMap>
        <edgeMap>
          <xCoord>244</xCoord>
          <yCoord>312</yCoord>
        </edgeMap>
        <edgeMap>
          <xCoord>244</xCoord>
          <yCoord>313</yCoord>
        </edgeMap>
        <edgeMap>
          <xCoord>245</xCoord>
          <yCoord>314</yCoord>
        </edgeMap>
        <edgeMap>
          <xCoord>246</xCoord>
          <yCoord>315</yCoord>
        </edgeMap>
        <edgeMap>
          <xCoord>247</xCoord>
          <yCoord>315</yCoord>
        </edgeMap>
        <edgeMap>
          <xCoord>248</xCoord>
          <yCoord>316</yCoord>
        </edgeMap>
        <edgeMap>
          <xCoord>249</xCoord>
          <yCoord>315</yCoord>
        </edgeMap>
        <edgeMap>
          <xCoord>250</xCoord>
          <yCoord>314</yCoord>
        </edgeMap>
        <edgeMap>
          <xCoord>251</xCoord>
          <yCoord>314</yCoord>
        </edgeMap>
        <edgeMap>
          <xCoord>252</xCoord>
          <yCoord>313</yCoord>
        </edgeMap>
        <edgeMap>
          <xCoord>253</xCoord>
          <yCoord>312</yCoord>
        </edgeMap>
        <edgeMap>
          <xCoord>254</xCoord>
          <yCoord>311</yCoord>
        </edgeMap>
        <edgeMap>
          <xCoord>254</xCoord>
          <yCoord>310</yCoord>
        </edgeMap>
        <edgeMap>
          <xCoord>254</xCoord>
          <yCoord>309</yCoord>
        </edgeMap>
        <edgeMap>
          <xCoord>254</xCoord>
          <yCoord>308</yCoord>
        </edgeMap>
        <edgeMap>
          <xCoord>255</xCoord>
          <yCoord>307</yCoord>
        </edgeMap>
        <edgeMap>
          <xCoord>255</xCoord>
          <yCoord>306</yCoord>
        </edgeMap>
        <edgeMap>
          <xCoord>254</xCoord>
          <yCoord>305</yCoord>
        </edgeMap>
        <edgeMap>
          <xCoord>253</xCoord>
          <yCoord>304</yCoord>
        </edgeMap>
        <edgeMap>
          <xCoord>252</xCoord>
          <yCoord>304</yCoord>
        </edgeMap>
        <edgeMap>
          <xCoord>251</xCoord>
          <yCoord>304</yCoord>
        </edgeMap>
      </roi>
      <roi>
        <imageZposition>-169.250</imageZposition>
        <imageSOP_UID>1.3.6.1.4.1.14519.5.2.1.6279.6001.656562771869487801082273812277</imageSOP_UID>
        <inclusion>TRUE</inclusion>
        <edgeMap>
          <xCoord>249</xCoord>
          <yCoord>304</yCoord>
        </edgeMap>
        <edgeMap>
          <xCoord>248</xCoord>
          <yCoord>305</yCoord>
        </edgeMap>
        <edgeMap>
          <xCoord>247</xCoord>
          <yCoord>305</yCoord>
        </edgeMap>
        <edgeMap>
          <xCoord>246</xCoord>
          <yCoord>306</yCoord>
        </edgeMap>
        <edgeMap>
          <xCoord>245</xCoord>
          <yCoord>307</yCoord>
        </edgeMap>
        <edgeMap>
          <xCoord>244</xCoord>
          <yCoord>308</yCoord>
        </edgeMap>
        <edgeMap>
          <xCoord>244</xCoord>
          <yCoord>309</yCoord>
        </edgeMap>
        <edgeMap>
          <xCoord>244</xCoord>
          <yCoord>310</yCoord>
        </edgeMap>
        <edgeMap>
          <xCoord>244</xCoord>
          <yCoord>311</yCoord>
        </edgeMap>
        <edgeMap>
          <xCoord>245</xCoord>
          <yCoord>312</yCoord>
        </edgeMap>
        <edgeMap>
          <xCoord>245</xCoord>
          <yCoord>313</yCoord>
        </edgeMap>
        <edgeMap>
          <xCoord>246</xCoord>
          <yCoord>314</yCoord>
        </edgeMap>
        <edgeMap>
          <xCoord>247</xCoord>
          <yCoord>314</yCoord>
        </edgeMap>
        <edgeMap>
          <xCoord>248</xCoord>
          <yCoord>314</yCoord>
        </edgeMap>
        <edgeMap>
          <xCoord>249</xCoord>
          <yCoord>314</yCoord>
        </edgeMap>
        <edgeMap>
          <xCoord>250</xCoord>
          <yCoord>314</yCoord>
        </edgeMap>
        <edgeMap>
          <xCoord>251</xCoord>
          <yCoord>314</yCoord>
        </edgeMap>
        <edgeMap>
          <xCoord>252</xCoord>
          <yCoord>313</yCoord>
        </edgeMap>
        <edgeMap>
          <xCoord>253</xCoord>
          <yCoord>312</yCoord>
        </edgeMap>
        <edgeMap>
          <xCoord>254</xCoord>
          <yCoord>312</yCoord>
        </edgeMap>
        <edgeMap>
          <xCoord>255</xCoord>
          <yCoord>311</yCoord>
        </edgeMap>
        <edgeMap>
          <xCoord>256</xCoord>
          <yCoord>311</yCoord>
        </edgeMap>
        <edgeMap>
          <xCoord>257</xCoord>
          <yCoord>310</yCoord>
        </edgeMap>
        <edgeMap>
          <xCoord>256</xCoord>
          <yCoord>309</yCoord>
        </edgeMap>
        <edgeMap>
          <xCoord>256</xCoord>
          <yCoord>308</yCoord>
        </edgeMap>
        <edgeMap>
          <xCoord>255</xCoord>
          <yCoord>307</yCoord>
        </edgeMap>
        <edgeMap>
          <xCoord>255</xCoord>
          <yCoord>306</yCoord>
        </edgeMap>
        <edgeMap>
          <xCoord>254</xCoord>
          <yCoord>305</yCoord>
        </edgeMap>
        <edgeMap>
          <xCoord>253</xCoord>
          <yCoord>304</yCoord>
        </edgeMap>
        <edgeMap>
          <xCoord>252</xCoord>
          <yCoord>304</yCoord>
        </edgeMap>
        <edgeMap>
          <xCoord>251</xCoord>
          <yCoord>304</yCoord>
        </edgeMap>
        <edgeMap>
          <xCoord>250</xCoord>
          <yCoord>304</yCoord>
        </edgeMap>
        <edgeMap>
          <xCoord>249</xCoord>
          <yCoord>304</yCoord>
        </edgeMap>
      </roi>
    </unblindedReadNodule>
    <nonNodule>
      <nonNoduleID>_Non-nodule 001</nonNoduleID>
      <imageZposition>-81.750 </imageZposition>
      <imageSOP_UID>1.3.6.1.4.1.14519.5.2.1.6279.6001.255683196642715167387247269325</imageSOP_UID>
      <locus>
        <xCoord>411</xCoord>
        <yCoord>348</yCoord>
      </locus>
    </nonNodule>
    <nonNodule>
      <nonNoduleID>_Non-nodule 002</nonNoduleID>
      <imageZposition>-106.750</imageZposition>
      <imageSOP_UID>1.3.6.1.4.1.14519.5.2.1.6279.6001.311456892454034308579318375790</imageSOP_UID>
      <locus>
        <xCoord>337</xCoord>
        <yCoord>392</yCoord>
      </locus>
    </nonNodule>
  </readingSession>
</LidcReadMessage>