<?xml version="1.0" encoding="UTF-8"?>
<LidcReadMessage uid="1.3.6.1.4.1.14519.5.2.1.6279.6001.1307390680271.0" xmlns="http://www.nih.gov" xmlns:xsi="http://www.w3.org/2001/XMLSchema-instance" xsi:schemaLocation="http://www.nih.gov       http://troll.rad.med.umich.edu/lidc/LidcReadMessage.xsd">
  <ResponseHeader>
    <Version>1.8</Version>
    <MessageId>UM1.3.6.1.4.1.9328.50.12.482134</MessageId>
    <DateRequest>2008-12-15</DateRequest>
    <TimeRequest>00:00:00</TimeRequest>
    <RequestingSite>removed</RequestingSite>
    <ServicingSite>removed</ServicingSite>
    <TaskDescription>Second unblinded read</TaskDescription>
    <CtImageFile>removed</CtImageFile>
    <SeriesInstanceUid>1.3.6.1.4.1.14519.5.2.1.6279.6001.320111824803959660037459294083</SeriesInstanceUid>
    <DateService>2008-12-15</DateService>
    <TimeService>00:00:00</TimeService>
    <ResponseDescription>1 - Reading complete</ResponseDescription>
  <StudyInstanceUID>1.3.6.1.4.1.14519.5.2.1.6279.6001.188204058669364993757306038569</StudyInstanceUID></ResponseHeader>
	<readingSession>
		<annotationVersion>3.12</annotationVersion>
		<servicingRadiologistID>anon</servicingRadiologistID>
			<unblindedReadNodule>
				<noduleID>0</noduleID>
				<roi>
					<imageZposition>-134.25</imageZposition>
					<imageSOP_UID>1.3.6.1.4.1.14519.5.2.1.6279.6001.174709294346221185939404118591</imageSOP_UID>
					<inclusion>TRUE</inclusion>
					<edgeMap>
					<xCoord>133</xCoord>
					<yCoord>383</yCoord>
					</edgeMap>
				</roi>
			</unblindedReadNodule>
	</readingSession>
<readingSession>
<annotationVersion>3.12</annotationVersion>
<servicingRadiologistID>anon</servicingRadiologistID>
<unblindedReadNodule>
<noduleID>171520</noduleID>
<characteristics>
<subtlety>4</subtlety>
<internalStructure>1</internalStructure>
<calcification>6</calcification>
<sphericity>3</sphericity>
<margin>5</margin>
<lobulation>1</lobulation>
<spiculation>1</spiculation>
<texture>5</texture>
<malignancy>3</malignancy>
</characteristics>
<roi>
<imageZposition>-134.25</imageZposition>
<imageSOP_UID>1.3.6.1.4.1.14519.5.2.1.6279.6001.174709294346221185939404118591</imageSOP_UID>
<inclusion>TRUE</inclusion>
<edgeMap>
<xCoord>135</xCoord>
<yCoord>388</yCoord>
</edgeMap>
<edgeMap>
<xCoord>136</xCoord>
<yCoord>387</yCoord>
</edgeMap>
<edgeMap>
<xCoord>137</xCoord>
<yCoord>386</yCoord>
</edgeMap>
<edgeMap>
<xCoord>137</xCoord>
<yCoord>385</yCoord>
</edgeMap>
<edgeMap>
<xCoord>137</xCoord>
<yCoord>384</yCoord>
</edgeMap>
<edgeMap>
<xCoord>137</xCoord>
<yCoord>383</yCoord>
</edgeMap>
<edgeMap>
<xCoord>137</xCoord>
<yCoord>382</yCoord>
</edgeMap>
<edgeMap>
<xCoord>136</xCoord>
<yCoord>381</yCoord>
</edgeMap>
<edgeMap>
<xCoord>135</xCoord>
<yCoord>380</yCoord>
</edgeMap>
<edgeMap>
<xCoord>134</xCoord>
<yCoord>380</yCoord>
</edgeMap>
<edgeMap>
<xCoord>133</xCoord>
<yCoord>380</yCoord>
</edgeMap>
<edgeMap>
<xCoord>132</xCoord>
<yCoord>380</yCoord>
</edgeMap>
<edgeMap>
<xCoord>131</xCoord>
<yCoord>380</yCoord>
</edgeMap>
<edgeMap>
<xCoord>130</xCoord>
<yCoord>381</yCoord>
</edgeMap>
<edgeMap>
<xCoord>129</xCoord>
<yCoord>382</yCoord>
</edgeMap>
<edgeMap>
<xCoord>129</xCoord>
<yCoord>383</yCoord>
</edgeMap>
<edgeMap>
<xCoord>129</xCoord>
<yCoord>384</yCoord>
</edgeMap>
<edgeMap>
<xCoord>129</xCoord>
<yCoord>385</yCoord>
</edgeMap>
<edgeMap>
<xCoord>129</xCoord>
<yCoord>386</yCoord>
</edgeMap>
<edgeMap>
<xCoord>130</xCoord>
<yCoord>387</yCoord>
</edgeMap>
<edgeMap>
<xCoord>131</xCoord>
<yCoord>387</yCoord>
</edgeMap>
<edgeMap>
<xCoord>132</xCoord>
<yCoord>388</yCoord>
</edgeMap>
<edgeMap>
<xCoord>133</xCoord>
<yCoord>388</yCoord>
</edgeMap>
<edgeMap>
<xCoord>134</xCoord>
<yCoord>388</yCoord>
</edgeMap>
<edgeMap>
<xCoord>135</xCoord>
<yCoord>388</yCoord>
</edgeMap>
</roi>
<roi>
<imageZposition>-136.75</imageZposition>
<imageSOP_UID>1.3.6.1.4.1.14519.5.2.1.6279.6001.913822175577584923808873900715</imageSOP_UID>
<inclusion>TRUE</inclusion>
<edgeMap>
<xCoord>133</xCoord>
<yCoord>387</yCoord>
</edgeMap>
<edgeMap>
<xCoord>134</xCoord>
<yCoord>386</yCoord>
</edgeMap>
<edgeMap>
<xCoord>135</xCoord>
<yCoord>385</yCoord>
</edgeMap>
<edgeMap>
<xCoord>135</xCoord>
<yCoord>384</yCoord>
</edgeMap>
<edgeMap>
<xCoord>135</xCoord>
<yCoord>383</yCoord>
</edgeMap>
<edgeMap>
<xCoord>134</xCoord>
<yCoord>382</yCoord>
</edgeMap>
<edgeMap>
<xCoord>133</xCoord>
<yCoord>381</yCoord>
</edgeMap>
<edgeMap>
<xCoord>132</xCoord>
<yCoord>381</yCoord>
</edgeMap>
<edgeMap>
<xCoord>131</xCoord>
<yCoord>381</yCoord>
</edgeMap>
<edgeMap>
<xCoord>130</xCoord>
<yCoord>382</yCoord>
</edgeMap>
<edgeMap>
<xCoord>129</xCoord>
<yCoord>383</yCoord>
</edgeMap>
<edgeMap>
<xCoord>129</xCoord>
<yCoord>384</yCoord>
</edgeMap>
<edgeMap>
<xCoord>129</xCoord>
<yCoord>385</yCoord>
</edgeMap>
<edgeMap>
<xCoord>130</xCoord>
<yCoord>386</yCoord>
</edgeMap>
<edgeMap>
<xCoord>131</xCoord>
<yCoord>387</yCoord>
</edgeMap>
<edgeMap>
<xCoord>132</xCoord>
<yCoord>387</yCoord>
</edgeMap>
<edgeMap>
<xCoord>133</xCoord>
<yCoord>387</yCoord>
</edgeMap>
</roi>
</unblindedReadNodule>
</readingSession>
  <readingSession>
    <annotationVersion>3.12</annotationVersion>
    <servicingRadiologistID>anon</servicingRadiologistID>
    <unblindedReadNodule>
      <noduleID>168163</noduleID>
      <characteristics>
        <subtlety>2</subtlety>
        <internalStructure>1</internalStructure>
        <calcification>6</calcification>
        <sphericity>5</sphericity>
        <margin>4</margin>
        <lobulation>1</lobulation>
        <spiculation>1</spiculation>
        <texture>5</texture>
        <malignancy>3</malignancy>
      </characteristics>
      <roi>
        <imageZposition>-134.25</imageZposition>
        <imageSOP_UID>1.3.6.1.4.1.14519.5.2.1.6279.6001.174709294346221185939404118591</imageSOP_UID>
        <inclusion>TRUE</inclusion>
        <edgeMap>
          <xCoord>134</xCoord>
          <yCoord>388</yCoord>
        </edgeMap>
        <edgeMap>
          <xCoord>135</xCoord>
          <yCoord>387</yCoord>
        </edgeMap>
        <edgeMap>
          <xCoord>136</xCoord>
          <yCoord>387</yCoord>
        </edgeMap>
        <edgeMap>
          <xCoord>137</xCoord>
          <yCoord>386</yCoord>
        </edgeMap>
        <edgeMap>
          <xCoord>137</xCoord>
          <yCoord>385</yCoord>
        </edgeMap>
        <edgeMap>
          <xCoord>137</xCoord>
          <yCoord>384</yCoord>
        </edgeMap>
        <edgeMap>
          <xCoord>137</xCoord>
          <yCoord>383</yCoord>
        </edgeMap>
        <edgeMap>
          <xCoord>136</xCoord>
          <yCoord>382</yCoord>
        </edgeMap>
        <edgeMap>
          <xCoord>135</xCoord>
          <yCoord>381</yCoord>
        </edgeMap>
        <edgeMap>
          <xCoord>134</xCoord>
          <yCoord>381</yCoord>
        </edgeMap>
        <edgeMap>
          <xCoord>133</xCoord>
          <yCoord>380</yCoord>
        </edgeMap>
        <edgeMap>
          <xCoord>132</xCoord>
          <yCoord>381</yCoord>
        </edgeMap>
        <edgeMap>
          <xCoord>131</xCoord>
          <yCoord>381</yCoord>
        </edgeMap>
        <edgeMap>
          <xCoord>130</xCoord>
          <yCoord>381</yCoord>
        </edgeMap>
        <edgeMap>
          <xCoord>129</xCoord>
          <yCoord>382</yCoord>
        </edgeMap>
        <edgeMap>
          <xCoord>129</xCoord>
          <yCoord>383</yCoord>
        </edgeMap>
        <edgeMap>
          <xCoord>129</xCoord>
          <yCoord>384</yCoord>
        </edgeMap>
        <edgeMap>
          <xCoord>129</xCoord>
          <yCoord>385</yCoord>
        </edgeMap>
        <edgeMap>
          <xCoord>130</xCoord>
          <yCoord>386</yCoord>
        </edgeMap>
        <edgeMap>
          <xCoord>131</xCoord>
          <yCoord>387</yCoord>
        </edgeMap>
        <edgeMap>
          <xCoord>132</xCoord>
          <yCoord>387</yCoord>
        </edgeMap>
        <edgeMap>
          <xCoord>133</xCoord>
          <yCoord>388</yCoord>
        </edgeMap>
        <edgeMap>
          <xCoord>134</xCoord>
          <yCoord>388</yCoord>
        </edgeMap>
      </roi>
      <roi>
        <imageZposition>-136.75</imageZposition>
        <imageSOP_UID>1.3.6.1.4.1.14519.5.2.1.6279.6001.913822175577584923808873900715</imageSOP_UID>
        <inclusion>TRUE</inclusion>
        <edgeMap>
          <xCoord>133</xCoord>
          <yCoord>387</yCoord>
        </edgeMap>
        <edgeMap>
          <xCoord>134</xCoord>
          <yCoord>386</yCoord>
        </edgeMap>
        <edgeMap>
          <xCoord>135</xCoord>
          <yCoord>385</yCoord>
        </edgeMap>
        <edgeMap>
          <xCoord>135</xCoord>
          <yCoord>384</yCoord>
        </edgeMap>
        <edgeMap>
          <xCoord>135</xCoord>
          <yCoord>383</yCoord>
        </edgeMap>
        <edgeMap>
          <xCoord>134</xCoord>
          <yCoord>382</yCoord>
        </edgeMap>
        <edgeMap>
          <xCoord>133</xCoord>
          <yCoord>381</yCoord>
        </edgeMap>
        <edgeMap>
          <xCoord>132</xCoord>
          <yCoord>381</yCoord>
        </edgeMap>
        <edgeMap>
          <xCoord>131</xCoord>
          <yCoord>381</yCoord>
        </edgeMap>
        <edgeMap>
          <xCoord>130</xCoord>
          <yCoord>382</yCoord>
        </edgeMap>
        <edgeMap>
          <xCoord>129</xCoord>
          <yCoord>383</yCoord>
        </edgeMap>
        <edgeMap>
          <xCoord>128</xCoord>
          <yCoord>384</yCoord>
        </edgeMap>
        <edgeMap>
          <xCoord>129</xCoord>
          <yCoord>385</yCoord>
        </edgeMap>
        <edgeMap>
          <xCoord>130</xCoord>
          <yCoord>386</yCoord>
        </edgeMap>
        <edgeMap>
          <xCoord>131</xCoord>
          <yCoord>387</yCoord>
        </edgeMap>
        <edgeMap>
          <xCoord>132</xCoord>
          <yCoord>387</yCoord>
        </edgeMap>
        <edgeMap>
          <xCoord>133</xCoord>
          <yCoord>387</yCoord>
        </edgeMap>
      </roi>
    </unblindedReadNodule>
  </readingSession>
  <readingSession>
    <annotationVersion>3.12</annotationVersion>
    <servicingRadiologistID>anon</servicingRadiologistID>
    <unblindedReadNodule>
      <noduleID>Nodule 001</noduleID>
      <characteristics>
        <subtlety>3</subtlety>
        <internalStructure>1</internalStructure>
        <calcification>6</calcification>
        <sphericity>4</sphericity>
        <margin>4</margin>
        <lobulation>1</lobulation>
        <spiculation>1</spiculation>
        <texture>5</texture>
        <malignancy>2</malignancy>
      </characteristics>
      <roi>
        <imageZposition>-136.750</imageZposition>
        <imageSOP_UID>1.3.6.1.4.1.14519.5.2.1.6279.6001.913822175577584923808873900715</imageSOP_UID>
        <inclusion>TRUE</inclusion>
        <edgeMap>
          <xCoord>130</xCoord>
          <yCoord>381</yCoord>
        </edgeMap>
        <edgeMap>
          <xCoord>129</xCoord>
          <yCoord>382</yCoord>
        </edgeMap>
        <edgeMap>
          <xCoord>128</xCoord>
          <yCoord>383</yCoord>
        </edgeMap>
        <edgeMap>
          <xCoord>128</xCoord>
          <yCoord>384</yCoord>
        </edgeMap>
        <edgeMap>
          <xCoord>129</xCoord>
          <yCoord>385</yCoord>
        </edgeMap>
        <edgeMap>
          <xCoord>130</xCoord>
          <yCoord>386</yCoord>
        </edgeMap>
        <edgeMap>
          <xCoord>131</xCoord>
          <yCoord>386</yCoord>
        </edgeMap>
        <edgeMap>
          <xCoord>132</xCoord>
          <yCoord>386</yCoord>
        </edgeMap>
        <edgeMap>
          <xCoord>133</xCoord>
          <yCoord>386</yCoord>
        </edgeMap>
        <edgeMap>
          <xCoord>134</xCoord>
          <yCoord>385</yCoord>
        </edgeMap>
        <edgeMap>
          <xCoord>134</xCoord>
          <yCoord>384</yCoord>
        </edgeMap>
        <edgeMap>
          <xCoord>134</xCoord>
          <yCoord>383</yCoord>
        </edgeMap>
        <edgeMap>
          <xCoord>134</xCoord>
          <yCoord>382</yCoord>
        </edgeMap>
        <edgeMap>
          <xCoord>133</xCoord>
          <yCoord>381</yCoord>
        </edgeMap>
        <edgeMap>
          <xCoord>132</xCoord>
          <yCoord>381</yCoord>
        </edgeMap>
        <edgeMap>
          <xCoord>131</xCoord>
          <yCoord>381</yCoord>
        </edgeMap>
        <edgeMap>
          <xCoord>130</xCoord>
          <yCoord>381</yCoord>
        </edgeMap>
      </roi>
      <roi>
        <imageZposition>-134.250</imageZposition>
        <imageSOP_UID>1.3.6.1.4.1.14519.5.2.1.6279.6001.174709294346221185939404118591</imageSOP_UID>
        <inclusion>TRUE</inclusion>
        <edgeMap>
          <xCoord>132</xCoord>
          <yCoord>380</yCoord>
        </edgeMap>
        <edgeMap>
          <xCoord>131</xCoord>
          <yCoord>381</yCoord>
        </edgeMap>
        <edgeMap>
          <xCoord>130</xCoord>
          <yCoord>382</yCoord>
        </edgeMap>
        <edgeMap>
          <xCoord>129</xCoord>
          <yCoord>383</yCoord>
        </edgeMap>
        <edgeMap>
          <xCoord>128</xCoord>
          <yCoord>384</yCoord>
        </edgeMap>
        <edgeMap>
          <xCoord>129</xCoord>
          <yCoord>385</yCoord>
        </edgeMap>
        <edgeMap>
          <xCoord>130</xCoord>
          <yCoord>386</yCoord>
        </edgeMap>
        <edgeMap>
          <xCoord>131</xCoord>
          <yCoord>387</yCoord>
        </edgeMap>
        <edgeMap>
          <xCoord>132</xCoord>
          <yCoord>387</yCoord>
        </edgeMap>
        <edgeMap>
          <xCoord>133</xCoord>
          <yCoord>387</yCoord>
        </edgeMap>
        <edgeMap>
          <xCoord>134</xCoord>
          <yCoord>387</yCoord>
        </edgeMap>
        <edgeMap>
          <xCoord>135</xCoord>
          <yCoord>387</yCoord>
        </edgeMap>
        <edgeMap>
          <xCoord>136</xCoord>
          <yCoord>386</yCoord>
        </edgeMap>
        <edgeMap>
          <xCoord>136</xCoord>
          <yCoord>385</yCoord>
        </edgeMap>
        <edgeMap>
          <xCoord>136</xCoord>
          <yCoord>384</yCoord>
        </edgeMap>
        <edgeMap>
          <xCoord>136</xCoord>
          <yCoord>383</yCoord>
        </edgeMap>
        <edgeMap>
          <xCoord>136</xCoord>
          <yCoord>382</yCoord>
        </edgeMap>
        <edgeMap>
          <xCoord>135</xCoord>
          <yCoord>381</yCoord>
        </edgeMap>
        <edgeMap>
          <xCoord>134</xCoord>
          <yCoord>381</yCoord>
        </edgeMap>
        <edgeMap>
          <xCoord>133</xCoord>
          <yCoord>380</yCoord>
        </edgeMap>
        <edgeMap>
          <xCoord>132</xCoord>
          <yCoord>380</yCoord>
        </edgeMap>
      </roi>
    </unblindedReadNodule>
  </readingSession>
</LidcReadMessage>