<?xml version="1.0" encoding="UTF-8"?>
<IdriReadMessage uid="1.3.6.1.4.1.14519.5.2.1.6279.6001.1307985403636.0" xmlns="http://www.nih.gov/idri" xmlns:xsi="http://www.w3.org/2001/XMLSchema-instance" xsi:schemaLocation="http://www.nih.gov/idri  http://troll.rad.med.umich.edu/idri/IdriReadMessage.xsd">
  <ResponseHeader>
    <Version>1.4</Version>
    <MessageId>UM1.3.6.1.4.1.9328.50.12.492179</MessageId>
    <DateRequest>2009-04-16</DateRequest>
    <TimeRequest>09:08:10</TimeRequest>
    <RequestingSite>removed</RequestingSite>
    <ServicingSite>removed</ServicingSite>
    <TaskDescription>CXR read</TaskDescription>
    <CTImageFile>removed</CTImageFile>
    <CTSeriesInstanceUid>1.3.6.1.4.1.14519.5.2.1.6279.6001.944888107209008719031293531091</CTSeriesInstanceUid>
    <CXRImageFile>removed</CXRImageFile>
    <CXRSeriesInstanceUid>1.3.6.1.4.1.14519.5.2.1.6279.6001.872298293574787924842447249863</CXRSeriesInstanceUid>
    <Modality>CXR</Modality>
    <DateService>2010-10-10</DateService>
    <TimeService>12:00:00</TimeService>
    <ResponseDescription>1 - Reading complete</ResponseDescription>
    <ResponseComments></ResponseComments>
  <StudyInstanceUID>1.3.6.1.4.1.14519.5.2.1.6279.6001.162851468709063699896971767634</StudyInstanceUID><SeriesInstanceUID>1.3.6.1.4.1.14519.5.2.1.6279.6001.872298293574787924842447249863</SeriesInstanceUID></ResponseHeader>
  <CXRreadingSession>
    <servicingRadiologistID>anonymous</servicingRadiologistID>
    <unblindedRead>
      <noduleID>Nodule 001</noduleID>
      <characteristics>
        <confidence>1</confidence>
      </characteristics>
      <roi>
        <imageSOP_UID>1.3.6.1.4.1.14519.5.2.1.6279.6001.330308655862991026815456898317</imageSOP_UID>
        <edgeMap>
          <xCoord>1274</xCoord>
          <yCoord>914</yCoord>
        </edgeMap>
      </roi>
    </unblindedRead>
  </CXRreadingSession>
  <CXRreadingSession>
    <servicingRadiologistID>anonymous</servicingRadiologistID>
    <unblindedRead>
      <noduleID>Nodule 001</noduleID>
      <characteristics>
        <confidence>2</confidence>
        <subtlety>3</subtlety>
        <obscuration>2</obscuration>
        <reason>3</reason>
      </characteristics>
      <roi>
        <imageSOP_UID>1.3.6.1.4.1.14519.5.2.1.6279.6001.330308655862991026815456898317</imageSOP_UID>
        <edgeMap>
          <xCoord>1320</xCoord>
          <yCoord>1043</yCoord>
        </edgeMap>
      </roi>
    </unblindedRead>
  </CXRreadingSession>
  <CXRreadingSession>
    <servicingRadiologistID>anonymous</servicingRadiologistID>
    <unblindedRead>
      <noduleID>Nodule 001</noduleID>
      <characteristics>
        <confidence>1</confidence>
      </characteristics>
      <roi>
        <imageSOP_UID>1.3.6.1.4.1.14519.5.2.1.6279.6001.330308655862991026815456898317</imageSOP_UID>
        <edgeMap>
          <xCoord>1288</xCoord>
          <yCoord>930</yCoord>
        </edgeMap>
      </roi>
    </unblindedRead>
  </CXRreadingSession>
  <CXRreadingSession>
    <servicingRadiologistID>anonymous</servicingRadiologistID>
    <unblindedRead>
      <noduleID>Nodule 001</noduleID>
      <characteristics>
        <confidence>1</confidence>
      </characteristics>
      <roi>
        <imageSOP_UID>1.3.6.1.4.1.14519.5.2.1.6279.6001.330308655862991026815456898317</imageSOP_UID>
        <edgeMap>
          <xCoord>1291</xCoord>
          <yCoord>975</yCoord>
        </edgeMap>
      </roi>
    </unblindedRead>
  </CXRreadingSession>
</IdriReadMessage>