<?xml version="1.0" encoding="UTF-8"?>
<LidcReadMessage uid="1.3.6.1.4.1.14519.5.2.1.6279.6001.1307390646862.0" xmlns="http://www.nih.gov" xmlns:xsi="http://www.w3.org/2001/XMLSchema-instance" xsi:schemaLocation="http://www.nih.gov       http://troll.rad.med.umich.edu/lidc/LidcReadMessage.xsd">
  <ResponseHeader>
    <Version>1.8</Version>
    <MessageId>UM1.3.6.1.4.1.9328.50.12.492034</MessageId>
    <DateRequest>2009-01-26</DateRequest>
    <TimeRequest>00:00:00</TimeRequest>
    <RequestingSite>removed</RequestingSite>
    <ServicingSite>removed</ServicingSite>
    <TaskDescription>Second unblinded read</TaskDescription>
    <CtImageFile>removed</CtImageFile>
    <SeriesInstanceUid>1.3.6.1.4.1.14519.5.2.1.6279.6001.944888107209008719031293531091</SeriesInstanceUid>
    <DateService>2009-01-26</DateService>
    <TimeService>00:00:00</TimeService>
    <ResponseDescription>1 - Reading complete</ResponseDescription>
  <StudyInstanceUID>1.3.6.1.4.1.14519.5.2.1.6279.6001.326975664298894323901926187239</StudyInstanceUID></ResponseHeader>
<readingSession>
<annotationVersion>3.12</annotationVersion>
<servicingRadiologistID>anon</servicingRadiologistID>
<unblindedReadNodule>
<noduleID>174072</noduleID>
<roi>
<imageZposition>-207.75</imageZposition>
<imageSOP_UID>1.3.6.1.4.1.14519.5.2.1.6279.6001.338708453883051154892279329161</imageSOP_UID>
<inclusion>TRUE</inclusion>
<edgeMap>
<xCoord>143</xCoord>
<yCoord>267</yCoord>
</edgeMap>
</roi>
</unblindedReadNodule>
<unblindedReadNodule>
<noduleID>174067</noduleID>
<characteristics>
<subtlety>5</subtlety>
<internalStructure>1</internalStructure>
<calcification>4</calcification>
<sphericity>5</sphericity>
<margin>4</margin>
<lobulation>1</lobulation>
<spiculation>2</spiculation>
<texture>5</texture>
<malignancy>3</malignancy>
</characteristics>
<roi>
<imageZposition>-147.75</imageZposition>
<imageSOP_UID>1.3.6.1.4.1.14519.5.2.1.6279.6001.119639065676765764135954033036</imageSOP_UID>
<inclusion>TRUE</inclusion>
<edgeMap>
<xCoord>310</xCoord>
<yCoord>181</yCoord>
</edgeMap>
<edgeMap>
<xCoord>311</xCoord>
<yCoord>180</yCoord>
</edgeMap>
<edgeMap>
<xCoord>312</xCoord>
<yCoord>179</yCoord>
</edgeMap>
<edgeMap>
<xCoord>313</xCoord>
<yCoord>178</yCoord>
</edgeMap>
<edgeMap>
<xCoord>314</xCoord>
<yCoord>177</yCoord>
</edgeMap>
<edgeMap>
<xCoord>315</xCoord>
<yCoord>176</yCoord>
</edgeMap>
<edgeMap>
<xCoord>315</xCoord>
<yCoord>175</yCoord>
</edgeMap>
<edgeMap>
<xCoord>315</xCoord>
<yCoord>174</yCoord>
</edgeMap>
<edgeMap>
<xCoord>314</xCoord>
<yCoord>173</yCoord>
</edgeMap>
<edgeMap>
<xCoord>314</xCoord>
<yCoord>172</yCoord>
</edgeMap>
<edgeMap>
<xCoord>313</xCoord>
<yCoord>171</yCoord>
</edgeMap>
<edgeMap>
<xCoord>312</xCoord>
<yCoord>170</yCoord>
</edgeMap>
<edgeMap>
<xCoord>311</xCoord>
<yCoord>170</yCoord>
</edgeMap>
<edgeMap>
<xCoord>310</xCoord>
<yCoord>170</yCoord>
</edgeMap>
<edgeMap>
<xCoord>309</xCoord>
<yCoord>169</yCoord>
</edgeMap>
<edgeMap>
<xCoord>308</xCoord>
<yCoord>169</yCoord>
</edgeMap>
<edgeMap>
<xCoord>307</xCoord>
<yCoord>169</yCoord>
</edgeMap>
<edgeMap>
<xCoord>306</xCoord>
<yCoord>169</yCoord>
</edgeMap>
<edgeMap>
<xCoord>305</xCoord>
<yCoord>170</yCoord>
</edgeMap>
<edgeMap>
<xCoord>304</xCoord>
<yCoord>171</yCoord>
</edgeMap>
<edgeMap>
<xCoord>303</xCoord>
<yCoord>172</yCoord>
</edgeMap>
<edgeMap>
<xCoord>303</xCoord>
<yCoord>173</yCoord>
</edgeMap>
<edgeMap>
<xCoord>302</xCoord>
<yCoord>174</yCoord>
</edgeMap>
<edgeMap>
<xCoord>301</xCoord>
<yCoord>175</yCoord>
</edgeMap>
<edgeMap>
<xCoord>302</xCoord>
<yCoord>176</yCoord>
</edgeMap>
<edgeMap>
<xCoord>302</xCoord>
<yCoord>177</yCoord>
</edgeMap>
<edgeMap>
<xCoord>303</xCoord>
<yCoord>178</yCoord>
</edgeMap>
<edgeMap>
<xCoord>304</xCoord>
<yCoord>179</yCoord>
</edgeMap>
<edgeMap>
<xCoord>305</xCoord>
<yCoord>179</yCoord>
</edgeMap>
<edgeMap>
<xCoord>306</xCoord>
<yCoord>179</yCoord>
</edgeMap>
<edgeMap>
<xCoord>307</xCoord>
<yCoord>180</yCoord>
</edgeMap>
<edgeMap>
<xCoord>308</xCoord>
<yCoord>180</yCoord>
</edgeMap>
<edgeMap>
<xCoord>309</xCoord>
<yCoord>180</yCoord>
</edgeMap>
<edgeMap>
<xCoord>310</xCoord>
<yCoord>181</yCoord>
</edgeMap>
</roi>
<roi>
<imageZposition>-150.25</imageZposition>
<imageSOP_UID>1.3.6.1.4.1.14519.5.2.1.6279.6001.521781047469481044583257214631</imageSOP_UID>
<inclusion>TRUE</inclusion>
<edgeMap>
<xCoord>308</xCoord>
<yCoord>182</yCoord>
</edgeMap>
<edgeMap>
<xCoord>309</xCoord>
<yCoord>181</yCoord>
</edgeMap>
<edgeMap>
<xCoord>310</xCoord>
<yCoord>181</yCoord>
</edgeMap>
<edgeMap>
<xCoord>311</xCoord>
<yCoord>181</yCoord>
</edgeMap>
<edgeMap>
<xCoord>312</xCoord>
<yCoord>180</yCoord>
</edgeMap>
<edgeMap>
<xCoord>313</xCoord>
<yCoord>179</yCoord>
</edgeMap>
<edgeMap>
<xCoord>314</xCoord>
<yCoord>178</yCoord>
</edgeMap>
<edgeMap>
<xCoord>315</xCoord>
<yCoord>177</yCoord>
</edgeMap>
<edgeMap>
<xCoord>315</xCoord>
<yCoord>176</yCoord>
</edgeMap>
<edgeMap>
<xCoord>315</xCoord>
<yCoord>175</yCoord>
</edgeMap>
<edgeMap>
<xCoord>315</xCoord>
<yCoord>174</yCoord>
</edgeMap>
<edgeMap>
<xCoord>315</xCoord>
<yCoord>173</yCoord>
</edgeMap>
<edgeMap>
<xCoord>315</xCoord>
<yCoord>172</yCoord>
</edgeMap>
<edgeMap>
<xCoord>314</xCoord>
<yCoord>171</yCoord>
</edgeMap>
<edgeMap>
<xCoord>313</xCoord>
<yCoord>170</yCoord>
</edgeMap>
<edgeMap>
<xCoord>312</xCoord>
<yCoord>169</yCoord>
</edgeMap>
<edgeMap>
<xCoord>311</xCoord>
<yCoord>169</yCoord>
</edgeMap>
<edgeMap>
<xCoord>310</xCoord>
<yCoord>169</yCoord>
</edgeMap>
<edgeMap>
<xCoord>309</xCoord>
<yCoord>168</yCoord>
</edgeMap>
<edgeMap>
<xCoord>308</xCoord>
<yCoord>168</yCoord>
</edgeMap>
<edgeMap>
<xCoord>307</xCoord>
<yCoord>168</yCoord>
</edgeMap>
<edgeMap>
<xCoord>306</xCoord>
<yCoord>169</yCoord>
</edgeMap>
<edgeMap>
<xCoord>305</xCoord>
<yCoord>170</yCoord>
</edgeMap>
<edgeMap>
<xCoord>304</xCoord>
<yCoord>171</yCoord>
</edgeMap>
<edgeMap>
<xCoord>303</xCoord>
<yCoord>172</yCoord>
</edgeMap>
<edgeMap>
<xCoord>302</xCoord>
<yCoord>173</yCoord>
</edgeMap>
<edgeMap>
<xCoord>302</xCoord>
<yCoord>174</yCoord>
</edgeMap>
<edgeMap>
<xCoord>302</xCoord>
<yCoord>175</yCoord>
</edgeMap>
<edgeMap>
<xCoord>302</xCoord>
<yCoord>176</yCoord>
</edgeMap>
<edgeMap>
<xCoord>302</xCoord>
<yCoord>177</yCoord>
</edgeMap>
<edgeMap>
<xCoord>303</xCoord>
<yCoord>178</yCoord>
</edgeMap>
<edgeMap>
<xCoord>304</xCoord>
<yCoord>179</yCoord>
</edgeMap>
<edgeMap>
<xCoord>305</xCoord>
<yCoord>180</yCoord>
</edgeMap>
<edgeMap>
<xCoord>306</xCoord>
<yCoord>181</yCoord>
</edgeMap>
<edgeMap>
<xCoord>307</xCoord>
<yCoord>181</yCoord>
</edgeMap>
<edgeMap>
<xCoord>308</xCoord>
<yCoord>182</yCoord>
</edgeMap>
</roi>
<roi>
<imageZposition>-152.75</imageZposition>
<imageSOP_UID>1.3.6.1.4.1.14519.5.2.1.6279.6001.324629332981285694417789665770</imageSOP_UID>
<inclusion>TRUE</inclusion>
<edgeMap>
<xCoord>310</xCoord>
<yCoord>180</yCoord>
</edgeMap>
<edgeMap>
<xCoord>311</xCoord>
<yCoord>179</yCoord>
</edgeMap>
<edgeMap>
<xCoord>312</xCoord>
<yCoord>179</yCoord>
</edgeMap>
<edgeMap>
<xCoord>313</xCoord>
<yCoord>178</yCoord>
</edgeMap>
<edgeMap>
<xCoord>314</xCoord>
<yCoord>177</yCoord>
</edgeMap>
<edgeMap>
<xCoord>314</xCoord>
<yCoord>176</yCoord>
</edgeMap>
<edgeMap>
<xCoord>314</xCoord>
<yCoord>175</yCoord>
</edgeMap>
<edgeMap>
<xCoord>314</xCoord>
<yCoord>174</yCoord>
</edgeMap>
<edgeMap>
<xCoord>314</xCoord>
<yCoord>173</yCoord>
</edgeMap>
<edgeMap>
<xCoord>313</xCoord>
<yCoord>172</yCoord>
</edgeMap>
<edgeMap>
<xCoord>312</xCoord>
<yCoord>171</yCoord>
</edgeMap>
<edgeMap>
<xCoord>311</xCoord>
<yCoord>170</yCoord>
</edgeMap>
<edgeMap>
<xCoord>310</xCoord>
<yCoord>170</yCoord>
</edgeMap>
<edgeMap>
<xCoord>309</xCoord>
<yCoord>170</yCoord>
</edgeMap>
<edgeMap>
<xCoord>308</xCoord>
<yCoord>170</yCoord>
</edgeMap>
<edgeMap>
<xCoord>307</xCoord>
<yCoord>171</yCoord>
</edgeMap>
<edgeMap>
<xCoord>306</xCoord>
<yCoord>171</yCoord>
</edgeMap>
<edgeMap>
<xCoord>305</xCoord>
<yCoord>172</yCoord>
</edgeMap>
<edgeMap>
<xCoord>304</xCoord>
<yCoord>173</yCoord>
</edgeMap>
<edgeMap>
<xCoord>304</xCoord>
<yCoord>174</yCoord>
</edgeMap>
<edgeMap>
<xCoord>304</xCoord>
<yCoord>175</yCoord>
</edgeMap>
<edgeMap>
<xCoord>304</xCoord>
<yCoord>176</yCoord>
</edgeMap>
<edgeMap>
<xCoord>304</xCoord>
<yCoord>177</yCoord>
</edgeMap>
<edgeMap>
<xCoord>305</xCoord>
<yCoord>178</yCoord>
</edgeMap>
<edgeMap>
<xCoord>306</xCoord>
<yCoord>179</yCoord>
</edgeMap>
<edgeMap>
<xCoord>307</xCoord>
<yCoord>180</yCoord>
</edgeMap>
<edgeMap>
<xCoord>308</xCoord>
<yCoord>180</yCoord>
</edgeMap>
<edgeMap>
<xCoord>309</xCoord>
<yCoord>180</yCoord>
</edgeMap>
<edgeMap>
<xCoord>310</xCoord>
<yCoord>180</yCoord>
</edgeMap>
</roi>
</unblindedReadNodule>
<nonNodule>
<nonNoduleID>174073</nonNoduleID>
<imageZposition>-252.75</imageZposition>
<imageSOP_UID>1.3.6.1.4.1.14519.5.2.1.6279.6001.275586928905649544864665228341</imageSOP_UID>
<locus>
<xCoord>438</xCoord>
<yCoord>283</yCoord>
</locus>
</nonNodule>
<nonNodule>
<nonNoduleID>174075</nonNoduleID>
<imageZposition>-217.75</imageZposition>
<imageSOP_UID>1.3.6.1.4.1.14519.5.2.1.6279.6001.285175667268500955216735116389</imageSOP_UID>
<locus>
<xCoord>406</xCoord>
<yCoord>172</yCoord>
</locus>
</nonNodule>
</readingSession>
	<readingSession>
		<annotationVersion>3.12</annotationVersion>
		<servicingRadiologistID>anon</servicingRadiologistID>
			<unblindedReadNodule>
				<noduleID>0</noduleID>
				<roi>
					<imageZposition>-207.75</imageZposition>
					<imageSOP_UID>1.3.6.1.4.1.14519.5.2.1.6279.6001.338708453883051154892279329161</imageSOP_UID>
					<inclusion>TRUE</inclusion>
					<edgeMap>
					<xCoord>143</xCoord>
					<yCoord>267</yCoord>
					</edgeMap>
				</roi>
			</unblindedReadNodule>
			<unblindedReadNodule>
				<noduleID>1</noduleID>
				<characteristics>
					<subtlety>5</subtlety>
					<internalStructure>1</internalStructure>
					<calcification>6</calcification>
					<sphericity>4</sphericity>
					<margin>5</margin>
					<lobulation>1</lobulation>
					<spiculation>1</spiculation>
					<texture>5</texture>
					<malignancy>2</malignancy>
				</characteristics>
				<roi>
					<imageZposition>-147.75</imageZposition>
					<imageSOP_UID>1.3.6.1.4.1.14519.5.2.1.6279.6001.119639065676765764135954033036</imageSOP_UID>
					<inclusion>TRUE</inclusion>
					<edgeMap>
					<xCoord>305</xCoord>
					<yCoord>172</yCoord>
					</edgeMap>
					<edgeMap>
					<xCoord>305</xCoord>
					<yCoord>173</yCoord>
					</edgeMap>
					<edgeMap>
					<xCoord>304</xCoord>
					<yCoord>173</yCoord>
					</edgeMap>
					<edgeMap>
					<xCoord>303</xCoord>
					<yCoord>173</yCoord>
					</edgeMap>
					<edgeMap>
					<xCoord>302</xCoord>
					<yCoord>174</yCoord>
					</edgeMap>
					<edgeMap>
					<xCoord>302</xCoord>
					<yCoord>175</yCoord>
					</edgeMap>
					<edgeMap>
					<xCoord>303</xCoord>
					<yCoord>176</yCoord>
					</edgeMap>
					<edgeMap>
					<xCoord>303</xCoord>
					<yCoord>177</yCoord>
					</edgeMap>
					<edgeMap>
					<xCoord>304</xCoord>
					<yCoord>178</yCoord>
					</edgeMap>
					<edgeMap>
					<xCoord>305</xCoord>
					<yCoord>178</yCoord>
					</edgeMap>
					<edgeMap>
					<xCoord>306</xCoord>
					<yCoord>178</yCoord>
					</edgeMap>
					<edgeMap>
					<xCoord>307</xCoord>
					<yCoord>179</yCoord>
					</edgeMap>
					<edgeMap>
					<xCoord>308</xCoord>
					<yCoord>179</yCoord>
					</edgeMap>
					<edgeMap>
					<xCoord>309</xCoord>
					<yCoord>179</yCoord>
					</edgeMap>
					<edgeMap>
					<xCoord>310</xCoord>
					<yCoord>179</yCoord>
					</edgeMap>
					<edgeMap>
					<xCoord>311</xCoord>
					<yCoord>178</yCoord>
					</edgeMap>
					<edgeMap>
					<xCoord>312</xCoord>
					<yCoord>178</yCoord>
					</edgeMap>
					<edgeMap>
					<xCoord>312</xCoord>
					<yCoord>177</yCoord>
					</edgeMap>
					<edgeMap>
					<xCoord>313</xCoord>
					<yCoord>176</yCoord>
					</edgeMap>
					<edgeMap>
					<xCoord>314</xCoord>
					<yCoord>175</yCoord>
					</edgeMap>
					<edgeMap>
					<xCoord>314</xCoord>
					<yCoord>174</yCoord>
					</edgeMap>
					<edgeMap>
					<xCoord>313</xCoord>
					<yCoord>173</yCoord>
					</edgeMap>
					<edgeMap>
					<xCoord>313</xCoord>
					<yCoord>172</yCoord>
					</edgeMap>
					<edgeMap>
					<xCoord>312</xCoord>
					<yCoord>171</yCoord>
					</edgeMap>
					<edgeMap>
					<xCoord>311</xCoord>
					<yCoord>171</yCoord>
					</edgeMap>
					<edgeMap>
					<xCoord>310</xCoord>
					<yCoord>171</yCoord>
					</edgeMap>
					<edgeMap>
					<xCoord>309</xCoord>
					<yCoord>171</yCoord>
					</edgeMap>
					<edgeMap>
					<xCoord>308</xCoord>
					<yCoord>171</yCoord>
					</edgeMap>
					<edgeMap>
					<xCoord>307</xCoord>
					<yCoord>171</yCoord>
					</edgeMap>
					<edgeMap>
					<xCoord>306</xCoord>
					<yCoord>171</yCoord>
					</edgeMap>
					<edgeMap>
					<xCoord>305</xCoord>
					<yCoord>172</yCoord>
					</edgeMap>
				</roi>
				<roi>
					<imageZposition>-150.25</imageZposition>
					<imageSOP_UID>1.3.6.1.4.1.14519.5.2.1.6279.6001.521781047469481044583257214631</imageSOP_UID>
					<inclusion>TRUE</inclusion>
					<edgeMap>
					<xCoord>306</xCoord>
					<yCoord>170</yCoord>
					</edgeMap>
					<edgeMap>
					<xCoord>305</xCoord>
					<yCoord>171</yCoord>
					</edgeMap>
					<edgeMap>
					<xCoord>304</xCoord>
					<yCoord>172</yCoord>
					</edgeMap>
					<edgeMap>
					<xCoord>304</xCoord>
					<yCoord>173</yCoord>
					</edgeMap>
					<edgeMap>
					<xCoord>304</xCoord>
					<yCoord>174</yCoord>
					</edgeMap>
					<edgeMap>
					<xCoord>304</xCoord>
					<yCoord>175</yCoord>
					</edgeMap>
					<edgeMap>
					<xCoord>304</xCoord>
					<yCoord>176</yCoord>
					</edgeMap>
					<edgeMap>
					<xCoord>304</xCoord>
					<yCoord>177</yCoord>
					</edgeMap>
					<edgeMap>
					<xCoord>305</xCoord>
					<yCoord>178</yCoord>
					</edgeMap>
					<edgeMap>
					<xCoord>306</xCoord>
					<yCoord>179</yCoord>
					</edgeMap>
					<edgeMap>
					<xCoord>307</xCoord>
					<yCoord>180</yCoord>
					</edgeMap>
					<edgeMap>
					<xCoord>308</xCoord>
					<yCoord>181</yCoord>
					</edgeMap>
					<edgeMap>
					<xCoord>309</xCoord>
					<yCoord>181</yCoord>
					</edgeMap>
					<edgeMap>
					<xCoord>310</xCoord>
					<yCoord>180</yCoord>
					</edgeMap>
					<edgeMap>
					<xCoord>311</xCoord>
					<yCoord>180</yCoord>
					</edgeMap>
					<edgeMap>
					<xCoord>312</xCoord>
					<yCoord>179</yCoord>
					</edgeMap>
					<edgeMap>
					<xCoord>313</xCoord>
					<yCoord>179</yCoord>
					</edgeMap>
					<edgeMap>
					<xCoord>313</xCoord>
					<yCoord>178</yCoord>
					</edgeMap>
					<edgeMap>
					<xCoord>313</xCoord>
					<yCoord>177</yCoord>
					</edgeMap>
					<edgeMap>
					<xCoord>313</xCoord>
					<yCoord>176</yCoord>
					</edgeMap>
					<edgeMap>
					<xCoord>313</xCoord>
					<yCoord>175</yCoord>
					</edgeMap>
					<edgeMap>
					<xCoord>313</xCoord>
					<yCoord>174</yCoord>
					</edgeMap>
					<edgeMap>
					<xCoord>313</xCoord>
					<yCoord>173</yCoord>
					</edgeMap>
					<edgeMap>
					<xCoord>313</xCoord>
					<yCoord>172</yCoord>
					</edgeMap>
					<edgeMap>
					<xCoord>312</xCoord>
					<yCoord>171</yCoord>
					</edgeMap>
					<edgeMap>
					<xCoord>311</xCoord>
					<yCoord>171</yCoord>
					</edgeMap>
					<edgeMap>
					<xCoord>310</xCoord>
					<yCoord>170</yCoord>
					</edgeMap>
					<edgeMap>
					<xCoord>309</xCoord>
					<yCoord>170</yCoord>
					</edgeMap>
					<edgeMap>
					<xCoord>308</xCoord>
					<yCoord>170</yCoord>
					</edgeMap>
					<edgeMap>
					<xCoord>307</xCoord>
					<yCoord>170</yCoord>
					</edgeMap>
					<edgeMap>
					<xCoord>306</xCoord>
					<yCoord>170</yCoord>
					</edgeMap>
				</roi>
				<roi>
					<imageZposition>-152.75</imageZposition>
					<imageSOP_UID>1.3.6.1.4.1.14519.5.2.1.6279.6001.324629332981285694417789665770</imageSOP_UID>
					<inclusion>TRUE</inclusion>
					<edgeMap>
					<xCoord>308</xCoord>
					<yCoord>170</yCoord>
					</edgeMap>
					<edgeMap>
					<xCoord>307</xCoord>
					<yCoord>170</yCoord>
					</edgeMap>
					<edgeMap>
					<xCoord>306</xCoord>
					<yCoord>171</yCoord>
					</edgeMap>
					<edgeMap>
					<xCoord>305</xCoord>
					<yCoord>171</yCoord>
					</edgeMap>
					<edgeMap>
					<xCoord>304</xCoord>
					<yCoord>172</yCoord>
					</edgeMap>
					<edgeMap>
					<xCoord>305</xCoord>
					<yCoord>173</yCoord>
					</edgeMap>
					<edgeMap>
					<xCoord>305</xCoord>
					<yCoord>174</yCoord>
					</edgeMap>
					<edgeMap>
					<xCoord>306</xCoord>
					<yCoord>174</yCoord>
					</edgeMap>
					<edgeMap>
					<xCoord>306</xCoord>
					<yCoord>175</yCoord>
					</edgeMap>
					<edgeMap>
					<xCoord>306</xCoord>
					<yCoord>176</yCoord>
					</edgeMap>
					<edgeMap>
					<xCoord>307</xCoord>
					<yCoord>177</yCoord>
					</edgeMap>
					<edgeMap>
					<xCoord>307</xCoord>
					<yCoord>178</yCoord>
					</edgeMap>
					<edgeMap>
					<xCoord>307</xCoord>
					<yCoord>179</yCoord>
					</edgeMap>
					<edgeMap>
					<xCoord>308</xCoord>
					<yCoord>179</yCoord>
					</edgeMap>
					<edgeMap>
					<xCoord>309</xCoord>
					<yCoord>179</yCoord>
					</edgeMap>
					<edgeMap>
					<xCoord>310</xCoord>
					<yCoord>178</yCoord>
					</edgeMap>
					<edgeMap>
					<xCoord>311</xCoord>
					<yCoord>178</yCoord>
					</edgeMap>
					<edgeMap>
					<xCoord>312</xCoord>
					<yCoord>177</yCoord>
					</edgeMap>
					<edgeMap>
					<xCoord>313</xCoord>
					<yCoord>177</yCoord>
					</edgeMap>
					<edgeMap>
					<xCoord>313</xCoord>
					<yCoord>176</yCoord>
					</edgeMap>
					<edgeMap>
					<xCoord>313</xCoord>
					<yCoord>175</yCoord>
					</edgeMap>
					<edgeMap>
					<xCoord>313</xCoord>
					<yCoord>174</yCoord>
					</edgeMap>
					<edgeMap>
					<xCoord>313</xCoord>
					<yCoord>173</yCoord>
					</edgeMap>
					<edgeMap>
					<xCoord>313</xCoord>
					<yCoord>172</yCoord>
					</edgeMap>
					<edgeMap>
					<xCoord>312</xCoord>
					<yCoord>172</yCoord>
					</edgeMap>
					<edgeMap>
					<xCoord>311</xCoord>
					<yCoord>171</yCoord>
					</edgeMap>
					<edgeMap>
					<xCoord>311</xCoord>
					<yCoord>170</yCoord>
					</edgeMap>
					<edgeMap>
					<xCoord>310</xCoord>
					<yCoord>170</yCoord>
					</edgeMap>
					<edgeMap>
					<xCoord>309</xCoord>
					<yCoord>170</yCoord>
					</edgeMap>
					<edgeMap>
					<xCoord>308</xCoord>
					<yCoord>170</yCoord>
					</edgeMap>
				</roi>
			</unblindedReadNodule>
			<nonNodule>
				<nonNoduleID>2</nonNoduleID>
				<imageZposition>-247.75</imageZposition>
				<imageSOP_UID>1.3.6.1.4.1.14519.5.2.1.6279.6001.456053312103440326300799027345</imageSOP_UID>
				<locus>
					<xCoord>436</xCoord>
					<yCoord>282</yCoord>
				</locus>
			</nonNodule>
	</readingSession>
  <readingSession>
    <annotationVersion>3.12</annotationVersion>
    <servicingRadiologistID>anon</servicingRadiologistID>
    <unblindedReadNodule>
      <noduleID>172317</noduleID>
      <characteristics>
        <subtlety>5</subtlety>
        <internalStructure>1</internalStructure>
        <calcification>1</calcification>
        <sphericity>5</sphericity>
        <margin>5</margin>
        <lobulation>1</lobulation>
        <spiculation>1</spiculation>
        <texture>5</texture>
        <malignancy>1</malignancy>
      </characteristics>
      <roi>
        <imageZposition>-147.75</imageZposition>
        <imageSOP_UID>1.3.6.1.4.1.14519.5.2.1.6279.6001.119639065676765764135954033036</imageSOP_UID>
        <inclusion>TRUE</inclusion>
        <edgeMap>
          <xCoord>310</xCoord>
          <yCoord>180</yCoord>
        </edgeMap>
        <edgeMap>
          <xCoord>311</xCoord>
          <yCoord>179</yCoord>
        </edgeMap>
        <edgeMap>
          <xCoord>312</xCoord>
          <yCoord>178</yCoord>
        </edgeMap>
        <edgeMap>
          <xCoord>313</xCoord>
          <yCoord>177</yCoord>
        </edgeMap>
        <edgeMap>
          <xCoord>314</xCoord>
          <yCoord>176</yCoord>
        </edgeMap>
        <edgeMap>
          <xCoord>314</xCoord>
          <yCoord>175</yCoord>
        </edgeMap>
        <edgeMap>
          <xCoord>314</xCoord>
          <yCoord>174</yCoord>
        </edgeMap>
        <edgeMap>
          <xCoord>313</xCoord>
          <yCoord>173</yCoord>
        </edgeMap>
        <edgeMap>
          <xCoord>313</xCoord>
          <yCoord>172</yCoord>
        </edgeMap>
        <edgeMap>
          <xCoord>312</xCoord>
          <yCoord>171</yCoord>
        </edgeMap>
        <edgeMap>
          <xCoord>311</xCoord>
          <yCoord>171</yCoord>
        </edgeMap>
        <edgeMap>
          <xCoord>310</xCoord>
          <yCoord>171</yCoord>
        </edgeMap>
        <edgeMap>
          <xCoord>309</xCoord>
          <yCoord>170</yCoord>
        </edgeMap>
        <edgeMap>
          <xCoord>308</xCoord>
          <yCoord>170</yCoord>
        </edgeMap>
        <edgeMap>
          <xCoord>307</xCoord>
          <yCoord>170</yCoord>
        </edgeMap>
        <edgeMap>
          <xCoord>306</xCoord>
          <yCoord>170</yCoord>
        </edgeMap>
        <edgeMap>
          <xCoord>305</xCoord>
          <yCoord>169</yCoord>
        </edgeMap>
        <edgeMap>
          <xCoord>304</xCoord>
          <yCoord>169</yCoord>
        </edgeMap>
        <edgeMap>
          <xCoord>303</xCoord>
          <yCoord>170</yCoord>
        </edgeMap>
        <edgeMap>
          <xCoord>304</xCoord>
          <yCoord>171</yCoord>
        </edgeMap>
        <edgeMap>
          <xCoord>304</xCoord>
          <yCoord>172</yCoord>
        </edgeMap>
        <edgeMap>
          <xCoord>304</xCoord>
          <yCoord>173</yCoord>
        </edgeMap>
        <edgeMap>
          <xCoord>303</xCoord>
          <yCoord>174</yCoord>
        </edgeMap>
        <edgeMap>
          <xCoord>302</xCoord>
          <yCoord>175</yCoord>
        </edgeMap>
        <edgeMap>
          <xCoord>303</xCoord>
          <yCoord>176</yCoord>
        </edgeMap>
        <edgeMap>
          <xCoord>303</xCoord>
          <yCoord>177</yCoord>
        </edgeMap>
        <edgeMap>
          <xCoord>304</xCoord>
          <yCoord>178</yCoord>
        </edgeMap>
        <edgeMap>
          <xCoord>305</xCoord>
          <yCoord>178</yCoord>
        </edgeMap>
        <edgeMap>
          <xCoord>306</xCoord>
          <yCoord>178</yCoord>
        </edgeMap>
        <edgeMap>
          <xCoord>307</xCoord>
          <yCoord>179</yCoord>
        </edgeMap>
        <edgeMap>
          <xCoord>308</xCoord>
          <yCoord>179</yCoord>
        </edgeMap>
        <edgeMap>
          <xCoord>309</xCoord>
          <yCoord>179</yCoord>
        </edgeMap>
        <edgeMap>
          <xCoord>310</xCoord>
          <yCoord>180</yCoord>
        </edgeMap>
      </roi>
      <roi>
        <imageZposition>-150.25</imageZposition>
        <imageSOP_UID>1.3.6.1.4.1.14519.5.2.1.6279.6001.521781047469481044583257214631</imageSOP_UID>
        <inclusion>TRUE</inclusion>
        <edgeMap>
          <xCoord>308</xCoord>
          <yCoord>181</yCoord>
        </edgeMap>
        <edgeMap>
          <xCoord>309</xCoord>
          <yCoord>180</yCoord>
        </edgeMap>
        <edgeMap>
          <xCoord>310</xCoord>
          <yCoord>180</yCoord>
        </edgeMap>
        <edgeMap>
          <xCoord>311</xCoord>
          <yCoord>180</yCoord>
        </edgeMap>
        <edgeMap>
          <xCoord>312</xCoord>
          <yCoord>179</yCoord>
        </edgeMap>
        <edgeMap>
          <xCoord>313</xCoord>
          <yCoord>178</yCoord>
        </edgeMap>
        <edgeMap>
          <xCoord>314</xCoord>
          <yCoord>177</yCoord>
        </edgeMap>
        <edgeMap>
          <xCoord>314</xCoord>
          <yCoord>176</yCoord>
        </edgeMap>
        <edgeMap>
          <xCoord>314</xCoord>
          <yCoord>175</yCoord>
        </edgeMap>
        <edgeMap>
          <xCoord>314</xCoord>
          <yCoord>174</yCoord>
        </edgeMap>
        <edgeMap>
          <xCoord>314</xCoord>
          <yCoord>173</yCoord>
        </edgeMap>
        <edgeMap>
          <xCoord>314</xCoord>
          <yCoord>172</yCoord>
        </edgeMap>
        <edgeMap>
          <xCoord>313</xCoord>
          <yCoord>171</yCoord>
        </edgeMap>
        <edgeMap>
          <xCoord>312</xCoord>
          <yCoord>171</yCoord>
        </edgeMap>
        <edgeMap>
          <xCoord>311</xCoord>
          <yCoord>170</yCoord>
        </edgeMap>
        <edgeMap>
          <xCoord>310</xCoord>
          <yCoord>170</yCoord>
        </edgeMap>
        <edgeMap>
          <xCoord>309</xCoord>
          <yCoord>169</yCoord>
        </edgeMap>
        <edgeMap>
          <xCoord>308</xCoord>
          <yCoord>169</yCoord>
        </edgeMap>
        <edgeMap>
          <xCoord>307</xCoord>
          <yCoord>169</yCoord>
        </edgeMap>
        <edgeMap>
          <xCoord>306</xCoord>
          <yCoord>170</yCoord>
        </edgeMap>
        <edgeMap>
          <xCoord>305</xCoord>
          <yCoord>171</yCoord>
        </edgeMap>
        <edgeMap>
          <xCoord>304</xCoord>
          <yCoord>172</yCoord>
        </edgeMap>
        <edgeMap>
          <xCoord>303</xCoord>
          <yCoord>173</yCoord>
        </edgeMap>
        <edgeMap>
          <xCoord>302</xCoord>
          <yCoord>174</yCoord>
        </edgeMap>
        <edgeMap>
          <xCoord>302</xCoord>
          <yCoord>175</yCoord>
        </edgeMap>
        <edgeMap>
          <xCoord>302</xCoord>
          <yCoord>176</yCoord>
        </edgeMap>
        <edgeMap>
          <xCoord>303</xCoord>
          <yCoord>177</yCoord>
        </edgeMap>
        <edgeMap>
          <xCoord>304</xCoord>
          <yCoord>177</yCoord>
        </edgeMap>
        <edgeMap>
          <xCoord>305</xCoord>
          <yCoord>178</yCoord>
        </edgeMap>
        <edgeMap>
          <xCoord>305</xCoord>
          <yCoord>179</yCoord>
        </edgeMap>
        <edgeMap>
          <xCoord>306</xCoord>
          <yCoord>180</yCoord>
        </edgeMap>
        <edgeMap>
          <xCoord>307</xCoord>
          <yCoord>181</yCoord>
        </edgeMap>
        <edgeMap>
          <xCoord>308</xCoord>
          <yCoord>181</yCoord>
        </edgeMap>
      </roi>
      <roi>
        <imageZposition>-152.75</imageZposition>
        <imageSOP_UID>1.3.6.1.4.1.14519.5.2.1.6279.6001.324629332981285694417789665770</imageSOP_UID>
        <inclusion>TRUE</inclusion>
        <edgeMap>
          <xCoord>310</xCoord>
          <yCoord>179</yCoord>
        </edgeMap>
        <edgeMap>
          <xCoord>311</xCoord>
          <yCoord>178</yCoord>
        </edgeMap>
        <edgeMap>
          <xCoord>312</xCoord>
          <yCoord>177</yCoord>
        </edgeMap>
        <edgeMap>
          <xCoord>313</xCoord>
          <yCoord>176</yCoord>
        </edgeMap>
        <edgeMap>
          <xCoord>313</xCoord>
          <yCoord>175</yCoord>
        </edgeMap>
        <edgeMap>
          <xCoord>313</xCoord>
          <yCoord>174</yCoord>
        </edgeMap>
        <edgeMap>
          <xCoord>313</xCoord>
          <yCoord>173</yCoord>
        </edgeMap>
        <edgeMap>
          <xCoord>313</xCoord>
          <yCoord>172</yCoord>
        </edgeMap>
        <edgeMap>
          <xCoord>313</xCoord>
          <yCoord>171</yCoord>
        </edgeMap>
        <edgeMap>
          <xCoord>312</xCoord>
          <yCoord>171</yCoord>
        </edgeMap>
        <edgeMap>
          <xCoord>311</xCoord>
          <yCoord>170</yCoord>
        </edgeMap>
        <edgeMap>
          <xCoord>310</xCoord>
          <yCoord>170</yCoord>
        </edgeMap>
        <edgeMap>
          <xCoord>309</xCoord>
          <yCoord>170</yCoord>
        </edgeMap>
        <edgeMap>
          <xCoord>308</xCoord>
          <yCoord>170</yCoord>
        </edgeMap>
        <edgeMap>
          <xCoord>307</xCoord>
          <yCoord>170</yCoord>
        </edgeMap>
        <edgeMap>
          <xCoord>306</xCoord>
          <yCoord>170</yCoord>
        </edgeMap>
        <edgeMap>
          <xCoord>305</xCoord>
          <yCoord>170</yCoord>
        </edgeMap>
        <edgeMap>
          <xCoord>304</xCoord>
          <yCoord>171</yCoord>
        </edgeMap>
        <edgeMap>
          <xCoord>304</xCoord>
          <yCoord>172</yCoord>
        </edgeMap>
        <edgeMap>
          <xCoord>304</xCoord>
          <yCoord>173</yCoord>
        </edgeMap>
        <edgeMap>
          <xCoord>304</xCoord>
          <yCoord>174</yCoord>
        </edgeMap>
        <edgeMap>
          <xCoord>304</xCoord>
          <yCoord>175</yCoord>
        </edgeMap>
        <edgeMap>
          <xCoord>304</xCoord>
          <yCoord>176</yCoord>
        </edgeMap>
        <edgeMap>
          <xCoord>305</xCoord>
          <yCoord>177</yCoord>
        </edgeMap>
        <edgeMap>
          <xCoord>305</xCoord>
          <yCoord>178</yCoord>
        </edgeMap>
        <edgeMap>
          <xCoord>306</xCoord>
          <yCoord>179</yCoord>
        </edgeMap>
        <edgeMap>
          <xCoord>307</xCoord>
          <yCoord>179</yCoord>
        </edgeMap>
        <edgeMap>
          <xCoord>308</xCoord>
          <yCoord>179</yCoord>
        </edgeMap>
        <edgeMap>
          <xCoord>309</xCoord>
          <yCoord>179</yCoord>
        </edgeMap>
        <edgeMap>
          <xCoord>310</xCoord>
          <yCoord>179</yCoord>
        </edgeMap>
      </roi>
    </unblindedReadNodule>
    <unblindedReadNodule>
      <noduleID>172321</noduleID>
      <roi>
        <imageZposition>-207.75</imageZposition>
        <imageSOP_UID>1.3.6.1.4.1.14519.5.2.1.6279.6001.338708453883051154892279329161</imageSOP_UID>
        <inclusion>TRUE</inclusion>
        <edgeMap>
          <xCoord>143</xCoord>
          <yCoord>267</yCoord>
        </edgeMap>
      </roi>
    </unblindedReadNodule>
    <nonNodule>
      <nonNoduleID>172323</nonNoduleID>
      <imageZposition>-252.75</imageZposition>
      <imageSOP_UID>1.3.6.1.4.1.14519.5.2.1.6279.6001.275586928905649544864665228341</imageSOP_UID>
      <locus>
        <xCoord>436</xCoord>
        <yCoord>286</yCoord>
      </locus>
    </nonNodule>
    <nonNodule>
      <nonNoduleID>172324</nonNoduleID>
      <imageZposition>-217.75</imageZposition>
      <imageSOP_UID>1.3.6.1.4.1.14519.5.2.1.6279.6001.285175667268500955216735116389</imageSOP_UID>
      <locus>
        <xCoord>406</xCoord>
        <yCoord>172</yCoord>
      </locus>
    </nonNodule>
  </readingSession>
  <readingSession>
    <annotationVersion>3.12</annotationVersion>
    <servicingRadiologistID>anon</servicingRadiologistID>
    <unblindedReadNodule>
      <noduleID>Nodule 001</noduleID>
      <characteristics>
        <subtlety>4</subtlety>
        <internalStructure>1</internalStructure>
        <calcification>6</calcification>
        <sphericity>4</sphericity>
        <margin>4</margin>
        <lobulation>2</lobulation>
        <spiculation>1</spiculation>
        <texture>5</texture>
        <malignancy>4</malignancy>
      </characteristics>
      <roi>
        <imageZposition>-152.750</imageZposition>
        <imageSOP_UID>1.3.6.1.4.1.14519.5.2.1.6279.6001.324629332981285694417789665770</imageSOP_UID>
        <inclusion>TRUE</inclusion>
        <edgeMap>
          <xCoord>307</xCoord>
          <yCoord>170</yCoord>
        </edgeMap>
        <edgeMap>
          <xCoord>306</xCoord>
          <yCoord>171</yCoord>
        </edgeMap>
        <edgeMap>
          <xCoord>305</xCoord>
          <yCoord>172</yCoord>
        </edgeMap>
        <edgeMap>
          <xCoord>305</xCoord>
          <yCoord>173</yCoord>
        </edgeMap>
        <edgeMap>
          <xCoord>305</xCoord>
          <yCoord>174</yCoord>
        </edgeMap>
        <edgeMap>
          <xCoord>306</xCoord>
          <yCoord>175</yCoord>
        </edgeMap>
        <edgeMap>
          <xCoord>306</xCoord>
          <yCoord>176</yCoord>
        </edgeMap>
        <edgeMap>
          <xCoord>307</xCoord>
          <yCoord>177</yCoord>
        </edgeMap>
        <edgeMap>
          <xCoord>308</xCoord>
          <yCoord>177</yCoord>
        </edgeMap>
        <edgeMap>
          <xCoord>309</xCoord>
          <yCoord>177</yCoord>
        </edgeMap>
        <edgeMap>
          <xCoord>310</xCoord>
          <yCoord>177</yCoord>
        </edgeMap>
        <edgeMap>
          <xCoord>311</xCoord>
          <yCoord>177</yCoord>
        </edgeMap>
        <edgeMap>
          <xCoord>312</xCoord>
          <yCoord>176</yCoord>
        </edgeMap>
        <edgeMap>
          <xCoord>312</xCoord>
          <yCoord>175</yCoord>
        </edgeMap>
        <edgeMap>
          <xCoord>312</xCoord>
          <yCoord>174</yCoord>
        </edgeMap>
        <edgeMap>
          <xCoord>311</xCoord>
          <yCoord>173</yCoord>
        </edgeMap>
        <edgeMap>
          <xCoord>311</xCoord>
          <yCoord>172</yCoord>
        </edgeMap>
        <edgeMap>
          <xCoord>311</xCoord>
          <yCoord>171</yCoord>
        </edgeMap>
        <edgeMap>
          <xCoord>310</xCoord>
          <yCoord>170</yCoord>
        </edgeMap>
        <edgeMap>
          <xCoord>309</xCoord>
          <yCoord>170</yCoord>
        </edgeMap>
        <edgeMap>
          <xCoord>308</xCoord>
          <yCoord>170</yCoord>
        </edgeMap>
        <edgeMap>
          <xCoord>307</xCoord>
          <yCoord>170</yCoord>
        </edgeMap>
      </roi>
      <roi>
        <imageZposition>-150.250</imageZposition>
        <imageSOP_UID>1.3.6.1.4.1.14519.5.2.1.6279.6001.521781047469481044583257214631</imageSOP_UID>
        <inclusion>TRUE</inclusion>
        <edgeMap>
          <xCoord>307</xCoord>
          <yCoord>168</yCoord>
        </edgeMap>
        <edgeMap>
          <xCoord>306</xCoord>
          <yCoord>169</yCoord>
        </edgeMap>
        <edgeMap>
          <xCoord>305</xCoord>
          <yCoord>170</yCoord>
        </edgeMap>
        <edgeMap>
          <xCoord>305</xCoord>
          <yCoord>171</yCoord>
        </edgeMap>
        <edgeMap>
          <xCoord>304</xCoord>
          <yCoord>172</yCoord>
        </edgeMap>
        <edgeMap>
          <xCoord>303</xCoord>
          <yCoord>172</yCoord>
        </edgeMap>
        <edgeMap>
          <xCoord>302</xCoord>
          <yCoord>173</yCoord>
        </edgeMap>
        <edgeMap>
          <xCoord>301</xCoord>
          <yCoord>174</yCoord>
        </edgeMap>
        <edgeMap>
          <xCoord>302</xCoord>
          <yCoord>175</yCoord>
        </edgeMap>
        <edgeMap>
          <xCoord>302</xCoord>
          <yCoord>176</yCoord>
        </edgeMap>
        <edgeMap>
          <xCoord>303</xCoord>
          <yCoord>177</yCoord>
        </edgeMap>
        <edgeMap>
          <xCoord>304</xCoord>
          <yCoord>178</yCoord>
        </edgeMap>
        <edgeMap>
          <xCoord>305</xCoord>
          <yCoord>178</yCoord>
        </edgeMap>
        <edgeMap>
          <xCoord>305</xCoord>
          <yCoord>179</yCoord>
        </edgeMap>
        <edgeMap>
          <xCoord>306</xCoord>
          <yCoord>180</yCoord>
        </edgeMap>
        <edgeMap>
          <xCoord>307</xCoord>
          <yCoord>181</yCoord>
        </edgeMap>
        <edgeMap>
          <xCoord>308</xCoord>
          <yCoord>180</yCoord>
        </edgeMap>
        <edgeMap>
          <xCoord>309</xCoord>
          <yCoord>180</yCoord>
        </edgeMap>
        <edgeMap>
          <xCoord>310</xCoord>
          <yCoord>180</yCoord>
        </edgeMap>
        <edgeMap>
          <xCoord>311</xCoord>
          <yCoord>179</yCoord>
        </edgeMap>
        <edgeMap>
          <xCoord>312</xCoord>
          <yCoord>178</yCoord>
        </edgeMap>
        <edgeMap>
          <xCoord>313</xCoord>
          <yCoord>178</yCoord>
        </edgeMap>
        <edgeMap>
          <xCoord>314</xCoord>
          <yCoord>177</yCoord>
        </edgeMap>
        <edgeMap>
          <xCoord>314</xCoord>
          <yCoord>176</yCoord>
        </edgeMap>
        <edgeMap>
          <xCoord>314</xCoord>
          <yCoord>175</yCoord>
        </edgeMap>
        <edgeMap>
          <xCoord>314</xCoord>
          <yCoord>174</yCoord>
        </edgeMap>
        <edgeMap>
          <xCoord>313</xCoord>
          <yCoord>173</yCoord>
        </edgeMap>
        <edgeMap>
          <xCoord>313</xCoord>
          <yCoord>172</yCoord>
        </edgeMap>
        <edgeMap>
          <xCoord>312</xCoord>
          <yCoord>171</yCoord>
        </edgeMap>
        <edgeMap>
          <xCoord>311</xCoord>
          <yCoord>170</yCoord>
        </edgeMap>
        <edgeMap>
          <xCoord>310</xCoord>
          <yCoord>169</yCoord>
        </edgeMap>
        <edgeMap>
          <xCoord>309</xCoord>
          <yCoord>169</yCoord>
        </edgeMap>
        <edgeMap>
          <xCoord>308</xCoord>
          <yCoord>169</yCoord>
        </edgeMap>
        <edgeMap>
          <xCoord>307</xCoord>
          <yCoord>168</yCoord>
        </edgeMap>
      </roi>
      <roi>
        <imageZposition>-147.750</imageZposition>
        <imageSOP_UID>1.3.6.1.4.1.14519.5.2.1.6279.6001.119639065676765764135954033036</imageSOP_UID>
        <inclusion>TRUE</inclusion>
        <edgeMap>
          <xCoord>307</xCoord>
          <yCoord>169</yCoord>
        </edgeMap>
        <edgeMap>
          <xCoord>306</xCoord>
          <yCoord>170</yCoord>
        </edgeMap>
        <edgeMap>
          <xCoord>305</xCoord>
          <yCoord>171</yCoord>
        </edgeMap>
        <edgeMap>
          <xCoord>304</xCoord>
          <yCoord>171</yCoord>
        </edgeMap>
        <edgeMap>
          <xCoord>303</xCoord>
          <yCoord>172</yCoord>
        </edgeMap>
        <edgeMap>
          <xCoord>303</xCoord>
          <yCoord>173</yCoord>
        </edgeMap>
        <edgeMap>
          <xCoord>303</xCoord>
          <yCoord>174</yCoord>
        </edgeMap>
        <edgeMap>
          <xCoord>303</xCoord>
          <yCoord>175</yCoord>
        </edgeMap>
        <edgeMap>
          <xCoord>303</xCoord>
          <yCoord>176</yCoord>
        </edgeMap>
        <edgeMap>
          <xCoord>304</xCoord>
          <yCoord>177</yCoord>
        </edgeMap>
        <edgeMap>
          <xCoord>305</xCoord>
          <yCoord>178</yCoord>
        </edgeMap>
        <edgeMap>
          <xCoord>306</xCoord>
          <yCoord>178</yCoord>
        </edgeMap>
        <edgeMap>
          <xCoord>307</xCoord>
          <yCoord>178</yCoord>
        </edgeMap>
        <edgeMap>
          <xCoord>308</xCoord>
          <yCoord>178</yCoord>
        </edgeMap>
        <edgeMap>
          <xCoord>309</xCoord>
          <yCoord>178</yCoord>
        </edgeMap>
        <edgeMap>
          <xCoord>310</xCoord>
          <yCoord>178</yCoord>
        </edgeMap>
        <edgeMap>
          <xCoord>311</xCoord>
          <yCoord>177</yCoord>
        </edgeMap>
        <edgeMap>
          <xCoord>312</xCoord>
          <yCoord>177</yCoord>
        </edgeMap>
        <edgeMap>
          <xCoord>313</xCoord>
          <yCoord>177</yCoord>
        </edgeMap>
        <edgeMap>
          <xCoord>314</xCoord>
          <yCoord>176</yCoord>
        </edgeMap>
        <edgeMap>
          <xCoord>314</xCoord>
          <yCoord>175</yCoord>
        </edgeMap>
        <edgeMap>
          <xCoord>313</xCoord>
          <yCoord>174</yCoord>
        </edgeMap>
        <edgeMap>
          <xCoord>313</xCoord>
          <yCoord>173</yCoord>
        </edgeMap>
        <edgeMap>
          <xCoord>312</xCoord>
          <yCoord>172</yCoord>
        </edgeMap>
        <edgeMap>
          <xCoord>312</xCoord>
          <yCoord>171</yCoord>
        </edgeMap>
        <edgeMap>
          <xCoord>311</xCoord>
          <yCoord>170</yCoord>
        </edgeMap>
        <edgeMap>
          <xCoord>310</xCoord>
          <yCoord>169</yCoord>
        </edgeMap>
        <edgeMap>
          <xCoord>309</xCoord>
          <yCoord>169</yCoord>
        </edgeMap>
        <edgeMap>
          <xCoord>308</xCoord>
          <yCoord>169</yCoord>
        </edgeMap>
        <edgeMap>
          <xCoord>307</xCoord>
          <yCoord>169</yCoord>
        </edgeMap>
      </roi>
    </unblindedReadNodule>
    <unblindedReadNodule>
      <noduleID>Nodule 002</noduleID>
      <roi>
        <imageZposition>-207.750</imageZposition>
        <imageSOP_UID>1.3.6.1.4.1.14519.5.2.1.6279.6001.338708453883051154892279329161</imageSOP_UID>
        <inclusion>TRUE</inclusion>
        <edgeMap>
          <xCoord>143</xCoord>
          <yCoord>267</yCoord>
        </edgeMap>
      </roi>
    </unblindedReadNodule>
    <nonNodule>
      <nonNoduleID>_Non-nodule 001</nonNoduleID>
      <imageZposition>-220.250</imageZposition>
      <imageSOP_UID>1.3.6.1.4.1.14519.5.2.1.6279.6001.183607593602476593657415910368</imageSOP_UID>
      <locus>
        <xCoord>408</xCoord>
        <yCoord>175</yCoord>
      </locus>
    </nonNodule>
    <nonNodule>
      <nonNoduleID>_Non-nodule 002</nonNoduleID>
      <imageZposition>-250.250</imageZposition>
      <imageSOP_UID>1.3.6.1.4.1.14519.5.2.1.6279.6001.112132634669856403483055720410</imageSOP_UID>
      <locus>
        <xCoord>438</xCoord>
        <yCoord>285</yCoord>
      </locus>
    </nonNodule>
  </readingSession>
</LidcReadMessage>